
Time: 09/12/25 16:30:07.816 - DEBUG *** file /home/cubrid/work/cubrid/src/transaction/boot_cl.c, line 1655
trying to connect 'demodb@localhost'

Time: 09/12/25 16:30:07.816 - DEBUG *** file /home/cubrid/work/cubrid/src/transaction/boot_cl.c, line 1677
ping server with handshake

Time: 09/12/25 16:30:07.817 - NOTIFICATION *** file /home/cubrid/work/cubrid/src/transaction/boot_cl.c, line 1084  CODE = -971, Tran = -1, EID = 1
Program 'csql' (pid 886758) connected to database server 'demodb' on the host 'localhost' (port 1523).

Time: 09/12/25 16:30:07.817 - DEBUG *** file /home/cubrid/work/cubrid/src/transaction/boot_cl.c, line 1134
boot_restart_client: register client { type 2 db demodb user dba password (null) program csql login cubrid host bwkim192 pid 886758 }

Time: 09/12/25 16:30:33.760 - DEBUG *** file /home/cubrid/work/cubrid/src/communication/network_interface_cl.c, line 7213
qmgr_execute_query requested: EXECUTION_WITHOUT_AUTOCOMMIT

Time: 09/12/25 16:30:34.650 - DEBUG *** file /home/cubrid/work/cubrid/src/communication/network_interface_cl.c, line 7209
qmgr_execute_query requested: EXECUTION_WITH_AUTOCOMMIT

Time: 09/15/25 12:31:29.061 - DEBUG *** file /home/cubrid/work/cubrid/src/transaction/boot_cl.c, line 1655
trying to connect 'demodb@localhost'

Time: 09/15/25 12:31:29.062 - DEBUG *** file /home/cubrid/work/cubrid/src/transaction/boot_cl.c, line 1677
ping server with handshake

Time: 09/15/25 12:31:29.062 - NOTIFICATION *** file /home/cubrid/work/cubrid/src/transaction/boot_cl.c, line 1084  CODE = -971, Tran = -1, EID = 1
Program 'csql' (pid 897088) connected to database server 'demodb' on the host 'localhost' (port 1523).

Time: 09/15/25 12:31:29.063 - DEBUG *** file /home/cubrid/work/cubrid/src/transaction/boot_cl.c, line 1134
boot_restart_client: register client { type 2 db demodb user dba password (null) program csql login cubrid host bwkim192 pid 897088 }

Time: 09/15/25 12:32:00.213 - DEBUG *** file /home/cubrid/work/cubrid/src/communication/network_interface_cl.c, line 7209
qmgr_execute_query requested: EXECUTION_WITH_AUTOCOMMIT

Time: 09/15/25 12:32:01.133 - DEBUG *** file /home/cubrid/work/cubrid/src/communication/network_interface_cl.c, line 7209
qmgr_execute_query requested: EXECUTION_WITH_AUTOCOMMIT

Time: 09/15/25 12:32:04.741 - DEBUG *** file /home/cubrid/work/cubrid/src/communication/network_interface_cl.c, line 7209
qmgr_execute_query requested: EXECUTION_WITH_AUTOCOMMIT

Time: 09/15/25 12:32:08.021 - DEBUG *** file /home/cubrid/work/cubrid/src/communication/network_interface_cl.c, line 7209
qmgr_execute_query requested: EXECUTION_WITH_AUTOCOMMIT

Time: 09/15/25 12:32:13.217 - DEBUG *** file /home/cubrid/work/cubrid/src/communication/network_interface_cl.c, line 7209
qmgr_execute_query requested: EXECUTION_WITH_AUTOCOMMIT

Time: 09/15/25 12:34:10.356 - DEBUG *** file /home/cubrid/work/cubrid/src/communication/network_interface_cl.c, line 7209
qmgr_execute_query requested: EXECUTION_WITH_AUTOCOMMIT

Time: 09/15/25 13:10:57.414 - DEBUG *** file /home/cubrid/work/cubrid/src/communication/network_interface_cl.c, line 7209
qmgr_execute_query requested: EXECUTION_WITH_AUTOCOMMIT

Time: 09/15/25 13:10:59.343 - DEBUG *** file /home/cubrid/work/cubrid/src/communication/network_interface_cl.c, line 7209
qmgr_execute_query requested: EXECUTION_WITH_AUTOCOMMIT

Time: 09/15/25 13:11:03.542 - DEBUG *** file /home/cubrid/work/cubrid/src/communication/network_interface_cl.c, line 7209
qmgr_execute_query requested: EXECUTION_WITH_AUTOCOMMIT

Time: 09/15/25 13:11:04.726 - DEBUG *** file /home/cubrid/work/cubrid/src/communication/network_interface_cl.c, line 7209
qmgr_execute_query requested: EXECUTION_WITH_AUTOCOMMIT

Time: 09/15/25 13:24:58.014 - DEBUG *** file /home/cubrid/work/cubrid/src/transaction/boot_cl.c, line 1655
trying to connect 'demodb@localhost'

Time: 09/15/25 13:24:58.014 - DEBUG *** file /home/cubrid/work/cubrid/src/transaction/boot_cl.c, line 1677
ping server with handshake

Time: 09/15/25 13:24:58.015 - NOTIFICATION *** file /home/cubrid/work/cubrid/src/transaction/boot_cl.c, line 1084  CODE = -971, Tran = -1, EID = 1
Program 'csql' (pid 897239) connected to database server 'demodb' on the host 'localhost' (port 1523).

Time: 09/15/25 13:24:58.016 - DEBUG *** file /home/cubrid/work/cubrid/src/transaction/boot_cl.c, line 1134
boot_restart_client: register client { type 2 db demodb user dba password (null) program csql login cubrid host bwkim192 pid 897239 }

Time: 09/15/25 13:25:35.092 - DEBUG *** file /home/cubrid/work/cubrid/src/transaction/boot_cl.c, line 1655
trying to connect 'demodb@localhost'

Time: 09/15/25 13:25:35.092 - DEBUG *** file /home/cubrid/work/cubrid/src/transaction/boot_cl.c, line 1677
ping server with handshake

Time: 09/15/25 13:25:35.092 - NOTIFICATION *** file /home/cubrid/work/cubrid/src/transaction/boot_cl.c, line 1084  CODE = -971, Tran = -1, EID = 1
Program 'csql' (pid 897242) connected to database server 'demodb' on the host 'localhost' (port 1523).

Time: 09/15/25 13:25:35.093 - DEBUG *** file /home/cubrid/work/cubrid/src/transaction/boot_cl.c, line 1134
boot_restart_client: register client { type 2 db demodb user dba password (null) program csql login cubrid host bwkim192 pid 897242 }

Time: 09/24/25 14:32:38.099 - NOTIFICATION *** file /home/cubrid/work/cubrid/src/transaction/boot_cl.c, line 1084  CODE = -971, Tran = -1, EID = 1
Program 'csql' (pid 924363) connected to database server 'demodb' on the host 'localhost' (port 1523).

Time: 09/24/25 14:32:55.439 - SYNTAX ERROR *** file /home/cubrid/work/cubrid/src/compat/db_vdb.c, line 1051 ERROR CODE = -492, Tran = 1, EID = 2
In line 1, column 28 before ' varchar); '
Syntax error: unexpected 'character', expecting CHECK or FOREIGN or PRIMARY or UNIQUE

Time: 09/24/25 14:33:05.962 - SYNTAX ERROR *** file /home/cubrid/work/cubrid/src/compat/db_vdb.c, line 1051 ERROR CODE = -492, Tran = 1, EID = 3
In line 1, column 28 before ' varchar(10)); '
Syntax error: unexpected 'character', expecting CHECK or FOREIGN or PRIMARY or UNIQUE

*** The previous error message is the last one. ***


Time: 09/25/25 09:00:29.756 - DEBUG *** file /home/cubrid/work/cubrid/src/transaction/boot_cl.c, line 1655
trying to connect 'demodb@localhost'

Time: 09/25/25 09:00:29.757 - DEBUG *** file /home/cubrid/work/cubrid/src/transaction/boot_cl.c, line 1677
ping server with handshake

Time: 09/25/25 09:00:29.757 - NOTIFICATION *** file /home/cubrid/work/cubrid/src/transaction/boot_cl.c, line 1084  CODE = -971, Tran = -1, EID = 1
Program 'csql' (pid 938581) connected to database server 'demodb' on the host 'localhost' (port 1523).

Time: 09/25/25 09:00:29.758 - DEBUG *** file /home/cubrid/work/cubrid/src/transaction/boot_cl.c, line 1134
boot_restart_client: register client { type 2 db demodb user dba password (null) program csql login cubrid host bwkim192 pid 938581 }

Time: 09/25/25 09:00:58.703 - DEBUG *** file /home/cubrid/work/cubrid/src/communication/network_interface_cl.c, line 7209
qmgr_execute_query requested: EXECUTION_WITH_AUTOCOMMIT

Time: 09/25/25 10:25:21.231 - DEBUG *** file /home/cubrid/work/cubrid/src/transaction/boot_cl.c, line 1655
trying to connect 'demodb@localhost'

Time: 09/25/25 10:25:21.232 - DEBUG *** file /home/cubrid/work/cubrid/src/transaction/boot_cl.c, line 1677
ping server with handshake

Time: 09/25/25 10:25:21.232 - NOTIFICATION *** file /home/cubrid/work/cubrid/src/transaction/boot_cl.c, line 1084  CODE = -971, Tran = -1, EID = 1
Program 'csql' (pid 938591) connected to database server 'demodb' on the host 'localhost' (port 1523).

Time: 09/25/25 10:25:21.232 - DEBUG *** file /home/cubrid/work/cubrid/src/transaction/boot_cl.c, line 1134
boot_restart_client: register client { type 2 db demodb user dba password (null) program csql login cubrid host bwkim192 pid 938591 }

Time: 09/25/25 10:25:58.274 - SYNTAX ERROR *** file /home/cubrid/work/cubrid/src/compat/db_vdb.c, line 1051 ERROR CODE = -492, Tran = 1, EID = 2
In line 2, column 9 before ' OID_EQUAL(locator_update_by_oid(oid_of('db_class'), oid'00000...'
Syntax error: unexpected 'WHERE', expecting ';'

Time: 09/25/25 10:26:34.235 - SYNTAX ERROR *** file /home/cubrid/work/cubrid/src/compat/db_vdb.c, line 1051 ERROR CODE = -492, Tran = 1, EID = 3
In line 2, column 9 before ' OID_EQUAL(locator_update_by_oid(oid_of('db_class'), oid'00000...'
Syntax error: unexpected 'WHERE', expecting ';'

Time: 09/25/25 10:26:45.986 - SYNTAX ERROR *** file /home/cubrid/work/cubrid/src/compat/db_vdb.c, line 1051 ERROR CODE = -492, Tran = 1, EID = 4
In line 2, column 9 before ' OID_EQUAL(locator_update_by_oid(oid_of('db_class'), oid'00000...'
Syntax error: unexpected 'WHERE', expecting ';'

Time: 09/25/25 10:27:11.547 - SYNTAX ERROR *** file /home/cubrid/work/cubrid/src/parser/query_result.c, line 376 ERROR CODE = -494, Tran = 1, EID = 5
Semantic: before ' ; '
Function oid_of is undefined. select 

Time: 09/25/25 10:27:11.547 - SYNTAX ERROR *** file /home/cubrid/work/cubrid/src/compat/db_vdb.c, line 1051 ERROR CODE = -492, Tran = 1, EID = 6
before ' ; '
Function oid_of is undefined.

Time: 09/25/25 10:42:17.439 - DEBUG *** file /home/cubrid/work/cubrid/src/connection/tcp.c, line 1470
The css_peer_alive() is calling.
Time: 09/25/25 10:42:22.444 - DEBUG *** file /home/cubrid/work/cubrid/src/connection/tcp.c, line 1470
The css_peer_alive() is calling.
Time: 09/25/25 10:42:27.449 - DEBUG *** file /home/cubrid/work/cubrid/src/connection/tcp.c, line 1470
The css_peer_alive() is calling.
Time: 09/25/25 10:42:32.454 - DEBUG *** file /home/cubrid/work/cubrid/src/connection/tcp.c, line 1470
The css_peer_alive() is calling.
Time: 09/25/25 10:42:37.460 - DEBUG *** file /home/cubrid/work/cubrid/src/connection/tcp.c, line 1470
The css_peer_alive() is calling.
Time: 09/25/25 10:42:42.465 - DEBUG *** file /home/cubrid/work/cubrid/src/connection/tcp.c, line 1470
The css_peer_alive() is calling.
Time: 09/25/25 10:42:47.469 - DEBUG *** file /home/cubrid/work/cubrid/src/connection/tcp.c, line 1470
The css_peer_alive() is calling.
Time: 09/25/25 10:42:52.473 - DEBUG *** file /home/cubrid/work/cubrid/src/connection/tcp.c, line 1470
The css_peer_alive() is calling.
Time: 09/25/25 10:42:57.475 - DEBUG *** file /home/cubrid/work/cubrid/src/connection/tcp.c, line 1470
The css_peer_alive() is calling.
Time: 09/25/25 10:43:02.481 - DEBUG *** file /home/cubrid/work/cubrid/src/connection/tcp.c, line 1470
The css_peer_alive() is calling.
Time: 09/25/25 10:43:07.482 - DEBUG *** file /home/cubrid/work/cubrid/src/connection/tcp.c, line 1470
The css_peer_alive() is calling.
Time: 09/25/25 10:43:12.487 - DEBUG *** file /home/cubrid/work/cubrid/src/connection/tcp.c, line 1470
The css_peer_alive() is calling.
Time: 09/25/25 10:43:17.492 - DEBUG *** file /home/cubrid/work/cubrid/src/connection/tcp.c, line 1470
The css_peer_alive() is calling.
Time: 09/25/25 10:43:22.497 - DEBUG *** file /home/cubrid/work/cubrid/src/connection/tcp.c, line 1470
The css_peer_alive() is calling.
Time: 09/25/25 10:43:27.502 - DEBUG *** file /home/cubrid/work/cubrid/src/connection/tcp.c, line 1470
The css_peer_alive() is calling.
Time: 09/25/25 10:43:32.507 - DEBUG *** file /home/cubrid/work/cubrid/src/connection/tcp.c, line 1470
The css_peer_alive() is calling.
Time: 09/25/25 10:43:37.513 - DEBUG *** file /home/cubrid/work/cubrid/src/connection/tcp.c, line 1470
The css_peer_alive() is calling.
Time: 09/25/25 10:43:42.518 - DEBUG *** file /home/cubrid/work/cubrid/src/connection/tcp.c, line 1470
The css_peer_alive() is calling.
Time: 09/25/25 10:43:47.523 - DEBUG *** file /home/cubrid/work/cubrid/src/connection/tcp.c, line 1470
The css_peer_alive() is calling.
Time: 09/25/25 10:43:52.528 - DEBUG *** file /home/cubrid/work/cubrid/src/connection/tcp.c, line 1470
The css_peer_alive() is calling.
Time: 09/25/25 10:43:57.533 - DEBUG *** file /home/cubrid/work/cubrid/src/connection/tcp.c, line 1470
The css_peer_alive() is calling.
Time: 09/25/25 10:44:02.538 - DEBUG *** file /home/cubrid/work/cubrid/src/connection/tcp.c, line 1470
The css_peer_alive() is calling.
Time: 09/25/25 10:44:07.543 - DEBUG *** file /home/cubrid/work/cubrid/src/connection/tcp.c, line 1470
The css_peer_alive() is calling.
Time: 09/25/25 10:44:12.548 - DEBUG *** file /home/cubrid/work/cubrid/src/connection/tcp.c, line 1470
The css_peer_alive() is calling.
Time: 09/25/25 10:44:17.551 - DEBUG *** file /home/cubrid/work/cubrid/src/connection/tcp.c, line 1470
The css_peer_alive() is calling.
Time: 09/25/25 10:44:22.559 - DEBUG *** file /home/cubrid/work/cubrid/src/connection/tcp.c, line 1470
The css_peer_alive() is calling.
Time: 09/25/25 10:44:27.564 - DEBUG *** file /home/cubrid/work/cubrid/src/connection/tcp.c, line 1470
The css_peer_alive() is calling.
Time: 09/25/25 10:44:32.568 - DEBUG *** file /home/cubrid/work/cubrid/src/connection/tcp.c, line 1470
The css_peer_alive() is calling.
Time: 09/25/25 10:44:37.573 - DEBUG *** file /home/cubrid/work/cubrid/src/connection/tcp.c, line 1470
The css_peer_alive() is calling.
Time: 09/25/25 10:44:42.578 - DEBUG *** file /home/cubrid/work/cubrid/src/connection/tcp.c, line 1470
The css_peer_alive() is calling.
Time: 09/25/25 10:44:47.579 - DEBUG *** file /home/cubrid/work/cubrid/src/connection/tcp.c, line 1470
The css_peer_alive() is calling.
Time: 09/25/25 10:44:52.584 - DEBUG *** file /home/cubrid/work/cubrid/src/connection/tcp.c, line 1470
The css_peer_alive() is calling.
Time: 09/25/25 10:44:57.587 - DEBUG *** file /home/cubrid/work/cubrid/src/connection/tcp.c, line 1470
The css_peer_alive() is calling.
Time: 09/25/25 10:45:02.593 - DEBUG *** file /home/cubrid/work/cubrid/src/connection/tcp.c, line 1470
The css_peer_alive() is calling.
Time: 09/25/25 10:45:07.598 - DEBUG *** file /home/cubrid/work/cubrid/src/connection/tcp.c, line 1470
The css_peer_alive() is calling.
Time: 09/25/25 10:45:12.603 - DEBUG *** file /home/cubrid/work/cubrid/src/connection/tcp.c, line 1470
The css_peer_alive() is calling.
Time: 09/25/25 10:45:17.608 - DEBUG *** file /home/cubrid/work/cubrid/src/connection/tcp.c, line 1470
The css_peer_alive() is calling.
Time: 09/25/25 10:45:22.613 - DEBUG *** file /home/cubrid/work/cubrid/src/connection/tcp.c, line 1470
The css_peer_alive() is calling.
Time: 09/25/25 10:45:27.618 - DEBUG *** file /home/cubrid/work/cubrid/src/connection/tcp.c, line 1470
The css_peer_alive() is calling.
Time: 09/25/25 10:45:32.619 - DEBUG *** file /home/cubrid/work/cubrid/src/connection/tcp.c, line 1470
The css_peer_alive() is calling.
Time: 09/25/25 10:45:37.624 - DEBUG *** file /home/cubrid/work/cubrid/src/connection/tcp.c, line 1470
The css_peer_alive() is calling.
Time: 09/25/25 10:45:42.625 - DEBUG *** file /home/cubrid/work/cubrid/src/connection/tcp.c, line 1470
The css_peer_alive() is calling.
Time: 09/25/25 10:45:47.627 - DEBUG *** file /home/cubrid/work/cubrid/src/connection/tcp.c, line 1470
The css_peer_alive() is calling.
Time: 09/25/25 10:45:52.632 - DEBUG *** file /home/cubrid/work/cubrid/src/connection/tcp.c, line 1470
The css_peer_alive() is calling.
Time: 09/25/25 10:45:57.637 - DEBUG *** file /home/cubrid/work/cubrid/src/connection/tcp.c, line 1470
The css_peer_alive() is calling.
Time: 09/25/25 10:46:02.639 - DEBUG *** file /home/cubrid/work/cubrid/src/connection/tcp.c, line 1470
The css_peer_alive() is calling.
Time: 09/25/25 10:46:07.642 - DEBUG *** file /home/cubrid/work/cubrid/src/connection/tcp.c, line 1470
The css_peer_alive() is calling.
Time: 09/25/25 10:46:12.646 - DEBUG *** file /home/cubrid/work/cubrid/src/connection/tcp.c, line 1470
The css_peer_alive() is calling.
Time: 09/25/25 10:46:17.650 - DEBUG *** file /home/cubrid/work/cubrid/src/connection/tcp.c, line 1470
The css_peer_alive() is calling.
Time: 09/25/25 10:46:22.653 - DEBUG *** file /home/cubrid/work/cubrid/src/connection/tcp.c, line 1470
The css_peer_alive() is calling.
Time: 09/25/25 10:46:27.656 - DEBUG *** file /home/cubrid/work/cubrid/src/connection/tcp.c, line 1470
The css_peer_alive() is calling.
Time: 09/25/25 10:46:32.659 - DEBUG *** file /home/cubrid/work/cubrid/src/connection/tcp.c, line 1470
The css_peer_alive() is calling.
Time: 09/25/25 10:46:37.664 - DEBUG *** file /home/cubrid/work/cubrid/src/connection/tcp.c, line 1470
The css_peer_alive() is calling.
Time: 09/25/25 10:46:42.667 - DEBUG *** file /home/cubrid/work/cubrid/src/connection/tcp.c, line 1470
The css_peer_alive() is calling.
Time: 09/25/25 10:46:47.669 - DEBUG *** file /home/cubrid/work/cubrid/src/connection/tcp.c, line 1470
The css_peer_alive() is calling.
Time: 09/25/25 10:46:52.673 - DEBUG *** file /home/cubrid/work/cubrid/src/connection/tcp.c, line 1470
The css_peer_alive() is calling.
Time: 09/25/25 10:46:57.678 - DEBUG *** file /home/cubrid/work/cubrid/src/connection/tcp.c, line 1470
The css_peer_alive() is calling.
Time: 09/25/25 10:47:02.683 - DEBUG *** file /home/cubrid/work/cubrid/src/connection/tcp.c, line 1470
The css_peer_alive() is calling.
Time: 09/25/25 10:47:07.688 - DEBUG *** file /home/cubrid/work/cubrid/src/connection/tcp.c, line 1470
The css_peer_alive() is calling.
Time: 09/25/25 10:47:12.693 - DEBUG *** file /home/cubrid/work/cubrid/src/connection/tcp.c, line 1470
The css_peer_alive() is calling.
Time: 09/25/25 10:47:17.698 - DEBUG *** file /home/cubrid/work/cubrid/src/connection/tcp.c, line 1470
The css_peer_alive() is calling.
Time: 09/25/25 10:47:22.701 - DEBUG *** file /home/cubrid/work/cubrid/src/connection/tcp.c, line 1470
The css_peer_alive() is calling.
Time: 09/25/25 10:47:27.703 - DEBUG *** file /home/cubrid/work/cubrid/src/connection/tcp.c, line 1470
The css_peer_alive() is calling.
Time: 09/25/25 10:47:32.709 - DEBUG *** file /home/cubrid/work/cubrid/src/connection/tcp.c, line 1470
The css_peer_alive() is calling.
Time: 09/25/25 10:47:37.714 - DEBUG *** file /home/cubrid/work/cubrid/src/connection/tcp.c, line 1470
The css_peer_alive() is calling.
Time: 09/25/25 10:47:42.719 - DEBUG *** file /home/cubrid/work/cubrid/src/connection/tcp.c, line 1470
The css_peer_alive() is calling.
Time: 09/25/25 10:47:47.724 - DEBUG *** file /home/cubrid/work/cubrid/src/connection/tcp.c, line 1470
The css_peer_alive() is calling.
Time: 09/25/25 10:47:52.725 - DEBUG *** file /home/cubrid/work/cubrid/src/connection/tcp.c, line 1470
The css_peer_alive() is calling.
Time: 09/25/25 10:47:57.728 - DEBUG *** file /home/cubrid/work/cubrid/src/connection/tcp.c, line 1470
The css_peer_alive() is calling.
Time: 09/25/25 10:48:02.730 - DEBUG *** file /home/cubrid/work/cubrid/src/connection/tcp.c, line 1470
The css_peer_alive() is calling.
Time: 09/25/25 10:48:07.736 - DEBUG *** file /home/cubrid/work/cubrid/src/connection/tcp.c, line 1470
The css_peer_alive() is calling.
Time: 09/25/25 10:48:12.741 - DEBUG *** file /home/cubrid/work/cubrid/src/connection/tcp.c, line 1470
The css_peer_alive() is calling.
Time: 09/25/25 10:48:17.743 - DEBUG *** file /home/cubrid/work/cubrid/src/connection/tcp.c, line 1470
The css_peer_alive() is calling.
Time: 09/25/25 10:48:22.748 - DEBUG *** file /home/cubrid/work/cubrid/src/connection/tcp.c, line 1470
The css_peer_alive() is calling.
Time: 09/25/25 10:48:27.753 - DEBUG *** file /home/cubrid/work/cubrid/src/connection/tcp.c, line 1470
The css_peer_alive() is calling.
Time: 09/25/25 10:48:32.758 - DEBUG *** file /home/cubrid/work/cubrid/src/connection/tcp.c, line 1470
The css_peer_alive() is calling.
Time: 09/25/25 10:48:37.763 - DEBUG *** file /home/cubrid/work/cubrid/src/connection/tcp.c, line 1470
The css_peer_alive() is calling.
Time: 09/25/25 10:48:42.768 - DEBUG *** file /home/cubrid/work/cubrid/src/connection/tcp.c, line 1470
The css_peer_alive() is calling.
Time: 09/25/25 10:48:47.773 - DEBUG *** file /home/cubrid/work/cubrid/src/connection/tcp.c, line 1470
The css_peer_alive() is calling.
Time: 09/25/25 10:48:52.779 - DEBUG *** file /home/cubrid/work/cubrid/src/connection/tcp.c, line 1470
The css_peer_alive() is calling.
Time: 09/25/25 10:48:57.784 - DEBUG *** file /home/cubrid/work/cubrid/src/connection/tcp.c, line 1470
The css_peer_alive() is calling.
Time: 09/25/25 10:49:02.789 - DEBUG *** file /home/cubrid/work/cubrid/src/connection/tcp.c, line 1470
The css_peer_alive() is calling.
Time: 09/25/25 10:49:07.791 - DEBUG *** file /home/cubrid/work/cubrid/src/connection/tcp.c, line 1470
The css_peer_alive() is calling.
Time: 09/25/25 10:49:12.797 - DEBUG *** file /home/cubrid/work/cubrid/src/connection/tcp.c, line 1470
The css_peer_alive() is calling.
Time: 09/25/25 10:49:17.798 - DEBUG *** file /home/cubrid/work/cubrid/src/connection/tcp.c, line 1470
The css_peer_alive() is calling.
Time: 09/25/25 10:49:22.803 - DEBUG *** file /home/cubrid/work/cubrid/src/connection/tcp.c, line 1470
The css_peer_alive() is calling.
Time: 09/25/25 10:49:27.808 - DEBUG *** file /home/cubrid/work/cubrid/src/connection/tcp.c, line 1470
The css_peer_alive() is calling.
Time: 09/25/25 10:49:32.811 - DEBUG *** file /home/cubrid/work/cubrid/src/connection/tcp.c, line 1470
The css_peer_alive() is calling.
Time: 09/25/25 10:49:37.816 - DEBUG *** file /home/cubrid/work/cubrid/src/connection/tcp.c, line 1470
The css_peer_alive() is calling.
Time: 09/25/25 10:49:42.820 - DEBUG *** file /home/cubrid/work/cubrid/src/connection/tcp.c, line 1470
The css_peer_alive() is calling.
Time: 09/25/25 10:49:47.825 - DEBUG *** file /home/cubrid/work/cubrid/src/connection/tcp.c, line 1470
The css_peer_alive() is calling.
Time: 09/25/25 10:49:52.830 - DEBUG *** file /home/cubrid/work/cubrid/src/connection/tcp.c, line 1470
The css_peer_alive() is calling.
Time: 09/25/25 10:49:57.835 - DEBUG *** file /home/cubrid/work/cubrid/src/connection/tcp.c, line 1470
The css_peer_alive() is calling.
Time: 09/25/25 10:50:02.840 - DEBUG *** file /home/cubrid/work/cubrid/src/connection/tcp.c, line 1470
The css_peer_alive() is calling.
Time: 09/25/25 10:50:07.846 - DEBUG *** file /home/cubrid/work/cubrid/src/connection/tcp.c, line 1470
The css_peer_alive() is calling.
Time: 09/25/25 10:50:12.851 - DEBUG *** file /home/cubrid/work/cubrid/src/connection/tcp.c, line 1470
The css_peer_alive() is calling.
Time: 09/25/25 10:50:17.856 - DEBUG *** file /home/cubrid/work/cubrid/src/connection/tcp.c, line 1470
The css_peer_alive() is calling.
Time: 09/25/25 10:50:22.856 - DEBUG *** file /home/cubrid/work/cubrid/src/connection/tcp.c, line 1470
The css_peer_alive() is calling.
Time: 09/25/25 10:50:27.861 - DEBUG *** file /home/cubrid/work/cubrid/src/connection/tcp.c, line 1470
The css_peer_alive() is calling.
Time: 09/25/25 10:50:32.862 - DEBUG *** file /home/cubrid/work/cubrid/src/connection/tcp.c, line 1470
The css_peer_alive() is calling.
Time: 09/25/25 10:50:37.862 - DEBUG *** file /home/cubrid/work/cubrid/src/connection/tcp.c, line 1470
The css_peer_alive() is calling.
Time: 09/25/25 10:50:42.867 - DEBUG *** file /home/cubrid/work/cubrid/src/connection/tcp.c, line 1470
The css_peer_alive() is calling.
Time: 09/25/25 10:50:47.871 - DEBUG *** file /home/cubrid/work/cubrid/src/connection/tcp.c, line 1470
The css_peer_alive() is calling.
Time: 09/25/25 10:50:52.872 - DEBUG *** file /home/cubrid/work/cubrid/src/connection/tcp.c, line 1470
The css_peer_alive() is calling.
Time: 09/25/25 10:50:57.877 - DEBUG *** file /home/cubrid/work/cubrid/src/connection/tcp.c, line 1470
The css_peer_alive() is calling.
Time: 09/25/25 10:51:02.880 - DEBUG *** file /home/cubrid/work/cubrid/src/connection/tcp.c, line 1470
The css_peer_alive() is calling.
Time: 09/25/25 10:51:07.885 - DEBUG *** file /home/cubrid/work/cubrid/src/connection/tcp.c, line 1470
The css_peer_alive() is calling.
Time: 09/25/25 10:51:12.890 - DEBUG *** file /home/cubrid/work/cubrid/src/connection/tcp.c, line 1470
The css_peer_alive() is calling.
Time: 09/25/25 10:51:17.895 - DEBUG *** file /home/cubrid/work/cubrid/src/connection/tcp.c, line 1470
The css_peer_alive() is calling.
Time: 09/25/25 10:51:22.899 - DEBUG *** file /home/cubrid/work/cubrid/src/connection/tcp.c, line 1470
The css_peer_alive() is calling.
Time: 09/25/25 10:51:27.904 - DEBUG *** file /home/cubrid/work/cubrid/src/connection/tcp.c, line 1470
The css_peer_alive() is calling.
Time: 09/25/25 10:51:32.909 - DEBUG *** file /home/cubrid/work/cubrid/src/connection/tcp.c, line 1470
The css_peer_alive() is calling.
Time: 09/25/25 10:51:37.914 - DEBUG *** file /home/cubrid/work/cubrid/src/connection/tcp.c, line 1470
The css_peer_alive() is calling.
Time: 09/25/25 10:51:42.919 - DEBUG *** file /home/cubrid/work/cubrid/src/connection/tcp.c, line 1470
The css_peer_alive() is calling.
Time: 09/25/25 10:51:47.920 - DEBUG *** file /home/cubrid/work/cubrid/src/connection/tcp.c, line 1470
The css_peer_alive() is calling.
Time: 09/25/25 10:51:52.925 - DEBUG *** file /home/cubrid/work/cubrid/src/connection/tcp.c, line 1470
The css_peer_alive() is calling.
Time: 09/25/25 10:51:57.929 - DEBUG *** file /home/cubrid/work/cubrid/src/connection/tcp.c, line 1470
The css_peer_alive() is calling.
Time: 09/25/25 10:52:07.816 - DEBUG *** file /home/cubrid/work/cubrid/src/connection/tcp.c, line 1470
The css_peer_alive() is calling.
Time: 09/25/25 10:52:23.419 - DEBUG *** file /home/cubrid/work/cubrid/src/connection/tcp.c, line 1470
The css_peer_alive() is calling.
Time: 09/25/25 10:52:31.446 - DEBUG *** file /home/cubrid/work/cubrid/src/connection/tcp.c, line 1470
The css_peer_alive() is calling.
Time: 09/25/25 10:52:45.999 - DEBUG *** file /home/cubrid/work/cubrid/src/communication/network_interface_cl.c, line 7209
qmgr_execute_query requested: EXECUTION_WITH_AUTOCOMMIT

Time: 09/25/25 10:52:51.004 - DEBUG *** file /home/cubrid/work/cubrid/src/connection/tcp.c, line 1470
The css_peer_alive() is calling.
Time: 09/25/25 10:52:56.009 - DEBUG *** file /home/cubrid/work/cubrid/src/connection/tcp.c, line 1470
The css_peer_alive() is calling.
Time: 09/25/25 10:53:01.014 - DEBUG *** file /home/cubrid/work/cubrid/src/connection/tcp.c, line 1470
The css_peer_alive() is calling.
Time: 09/25/25 10:53:06.019 - DEBUG *** file /home/cubrid/work/cubrid/src/connection/tcp.c, line 1470
The css_peer_alive() is calling.
Time: 09/25/25 10:53:11.024 - DEBUG *** file /home/cubrid/work/cubrid/src/connection/tcp.c, line 1470
The css_peer_alive() is calling.
Time: 09/25/25 10:53:16.029 - DEBUG *** file /home/cubrid/work/cubrid/src/connection/tcp.c, line 1470
The css_peer_alive() is calling.
Time: 09/25/25 10:53:21.034 - DEBUG *** file /home/cubrid/work/cubrid/src/connection/tcp.c, line 1470
The css_peer_alive() is calling.
Time: 09/25/25 10:53:26.039 - DEBUG *** file /home/cubrid/work/cubrid/src/connection/tcp.c, line 1470
The css_peer_alive() is calling.
Time: 09/25/25 10:53:31.044 - DEBUG *** file /home/cubrid/work/cubrid/src/connection/tcp.c, line 1470
The css_peer_alive() is calling.
Time: 09/25/25 10:53:36.049 - DEBUG *** file /home/cubrid/work/cubrid/src/connection/tcp.c, line 1470
The css_peer_alive() is calling.
Time: 09/25/25 10:53:41.054 - DEBUG *** file /home/cubrid/work/cubrid/src/connection/tcp.c, line 1470
The css_peer_alive() is calling.
Time: 09/25/25 10:53:46.058 - DEBUG *** file /home/cubrid/work/cubrid/src/connection/tcp.c, line 1470
The css_peer_alive() is calling.
Time: 09/25/25 10:53:51.059 - DEBUG *** file /home/cubrid/work/cubrid/src/connection/tcp.c, line 1470
The css_peer_alive() is calling.
Time: 09/25/25 10:53:56.064 - DEBUG *** file /home/cubrid/work/cubrid/src/connection/tcp.c, line 1470
The css_peer_alive() is calling.
Time: 09/25/25 10:54:01.067 - DEBUG *** file /home/cubrid/work/cubrid/src/connection/tcp.c, line 1470
The css_peer_alive() is calling.
Time: 09/25/25 10:54:06.072 - DEBUG *** file /home/cubrid/work/cubrid/src/connection/tcp.c, line 1470
The css_peer_alive() is calling.
Time: 09/25/25 10:54:11.077 - DEBUG *** file /home/cubrid/work/cubrid/src/connection/tcp.c, line 1470
The css_peer_alive() is calling.
Time: 09/25/25 10:54:16.083 - DEBUG *** file /home/cubrid/work/cubrid/src/connection/tcp.c, line 1470
The css_peer_alive() is calling.
Time: 09/25/25 10:54:21.088 - DEBUG *** file /home/cubrid/work/cubrid/src/connection/tcp.c, line 1470
The css_peer_alive() is calling.
Time: 09/25/25 10:54:26.093 - DEBUG *** file /home/cubrid/work/cubrid/src/connection/tcp.c, line 1470
The css_peer_alive() is calling.
Time: 09/25/25 10:54:31.098 - DEBUG *** file /home/cubrid/work/cubrid/src/connection/tcp.c, line 1470
The css_peer_alive() is calling.
Time: 09/25/25 10:54:36.103 - DEBUG *** file /home/cubrid/work/cubrid/src/connection/tcp.c, line 1470
The css_peer_alive() is calling.
Time: 09/25/25 10:54:41.104 - DEBUG *** file /home/cubrid/work/cubrid/src/connection/tcp.c, line 1470
The css_peer_alive() is calling.
Time: 09/25/25 10:54:46.108 - DEBUG *** file /home/cubrid/work/cubrid/src/connection/tcp.c, line 1470
The css_peer_alive() is calling.
Time: 09/25/25 10:54:51.112 - DEBUG *** file /home/cubrid/work/cubrid/src/connection/tcp.c, line 1470
The css_peer_alive() is calling.
Time: 09/25/25 10:54:56.117 - DEBUG *** file /home/cubrid/work/cubrid/src/connection/tcp.c, line 1470
The css_peer_alive() is calling.
Time: 09/25/25 10:55:01.122 - DEBUG *** file /home/cubrid/work/cubrid/src/connection/tcp.c, line 1470
The css_peer_alive() is calling.
Time: 09/25/25 10:55:06.126 - DEBUG *** file /home/cubrid/work/cubrid/src/connection/tcp.c, line 1470
The css_peer_alive() is calling.
Time: 09/25/25 10:55:11.131 - DEBUG *** file /home/cubrid/work/cubrid/src/connection/tcp.c, line 1470
The css_peer_alive() is calling.
Time: 09/25/25 10:55:16.136 - DEBUG *** file /home/cubrid/work/cubrid/src/connection/tcp.c, line 1470
The css_peer_alive() is calling.
Time: 09/25/25 10:55:21.141 - DEBUG *** file /home/cubrid/work/cubrid/src/connection/tcp.c, line 1470
The css_peer_alive() is calling.
Time: 09/25/25 10:55:26.146 - DEBUG *** file /home/cubrid/work/cubrid/src/connection/tcp.c, line 1470
The css_peer_alive() is calling.
Time: 09/25/25 10:55:31.151 - DEBUG *** file /home/cubrid/work/cubrid/src/connection/tcp.c, line 1470
The css_peer_alive() is calling.
Time: 09/25/25 10:55:36.156 - DEBUG *** file /home/cubrid/work/cubrid/src/connection/tcp.c, line 1470
The css_peer_alive() is calling.
Time: 09/25/25 10:55:41.162 - DEBUG *** file /home/cubrid/work/cubrid/src/connection/tcp.c, line 1470
The css_peer_alive() is calling.
Time: 09/25/25 10:55:46.167 - DEBUG *** file /home/cubrid/work/cubrid/src/connection/tcp.c, line 1470
The css_peer_alive() is calling.
Time: 09/25/25 10:55:51.169 - DEBUG *** file /home/cubrid/work/cubrid/src/connection/tcp.c, line 1470
The css_peer_alive() is calling.
Time: 09/25/25 10:55:56.174 - DEBUG *** file /home/cubrid/work/cubrid/src/connection/tcp.c, line 1470
The css_peer_alive() is calling.
Time: 09/25/25 10:56:01.179 - DEBUG *** file /home/cubrid/work/cubrid/src/connection/tcp.c, line 1470
The css_peer_alive() is calling.
Time: 09/25/25 10:56:06.184 - DEBUG *** file /home/cubrid/work/cubrid/src/connection/tcp.c, line 1470
The css_peer_alive() is calling.
Time: 09/25/25 10:56:11.184 - DEBUG *** file /home/cubrid/work/cubrid/src/connection/tcp.c, line 1470
The css_peer_alive() is calling.
Time: 09/25/25 10:56:16.185 - DEBUG *** file /home/cubrid/work/cubrid/src/connection/tcp.c, line 1470
The css_peer_alive() is calling.
Time: 09/25/25 10:56:21.190 - DEBUG *** file /home/cubrid/work/cubrid/src/connection/tcp.c, line 1470
The css_peer_alive() is calling.
Time: 09/25/25 10:56:26.193 - DEBUG *** file /home/cubrid/work/cubrid/src/connection/tcp.c, line 1470
The css_peer_alive() is calling.
Time: 09/25/25 10:56:31.198 - DEBUG *** file /home/cubrid/work/cubrid/src/connection/tcp.c, line 1470
The css_peer_alive() is calling.
Time: 09/25/25 10:56:36.203 - DEBUG *** file /home/cubrid/work/cubrid/src/connection/tcp.c, line 1470
The css_peer_alive() is calling.
Time: 09/25/25 10:56:41.208 - DEBUG *** file /home/cubrid/work/cubrid/src/connection/tcp.c, line 1470
The css_peer_alive() is calling.
Time: 09/25/25 10:56:46.212 - DEBUG *** file /home/cubrid/work/cubrid/src/connection/tcp.c, line 1470
The css_peer_alive() is calling.
Time: 09/25/25 10:56:51.217 - DEBUG *** file /home/cubrid/work/cubrid/src/connection/tcp.c, line 1470
The css_peer_alive() is calling.
Time: 09/25/25 10:56:56.218 - DEBUG *** file /home/cubrid/work/cubrid/src/connection/tcp.c, line 1470
The css_peer_alive() is calling.
Time: 09/25/25 10:57:01.221 - DEBUG *** file /home/cubrid/work/cubrid/src/connection/tcp.c, line 1470
The css_peer_alive() is calling.
Time: 09/25/25 10:57:06.225 - DEBUG *** file /home/cubrid/work/cubrid/src/connection/tcp.c, line 1470
The css_peer_alive() is calling.
Time: 09/25/25 10:57:11.227 - DEBUG *** file /home/cubrid/work/cubrid/src/connection/tcp.c, line 1470
The css_peer_alive() is calling.
Time: 09/25/25 10:57:16.229 - DEBUG *** file /home/cubrid/work/cubrid/src/connection/tcp.c, line 1470
The css_peer_alive() is calling.
Time: 09/25/25 10:57:21.231 - DEBUG *** file /home/cubrid/work/cubrid/src/connection/tcp.c, line 1470
The css_peer_alive() is calling.
Time: 09/25/25 10:57:26.234 - DEBUG *** file /home/cubrid/work/cubrid/src/connection/tcp.c, line 1470
The css_peer_alive() is calling.
Time: 09/25/25 10:57:31.236 - DEBUG *** file /home/cubrid/work/cubrid/src/connection/tcp.c, line 1470
The css_peer_alive() is calling.
Time: 09/25/25 10:57:36.241 - DEBUG *** file /home/cubrid/work/cubrid/src/connection/tcp.c, line 1470
The css_peer_alive() is calling.
Time: 09/25/25 10:57:41.246 - DEBUG *** file /home/cubrid/work/cubrid/src/connection/tcp.c, line 1470
The css_peer_alive() is calling.
Time: 09/25/25 10:57:46.251 - DEBUG *** file /home/cubrid/work/cubrid/src/connection/tcp.c, line 1470
The css_peer_alive() is calling.
Time: 09/25/25 10:57:51.256 - DEBUG *** file /home/cubrid/work/cubrid/src/connection/tcp.c, line 1470
The css_peer_alive() is calling.
Time: 09/25/25 10:57:56.261 - DEBUG *** file /home/cubrid/work/cubrid/src/connection/tcp.c, line 1470
The css_peer_alive() is calling.
Time: 09/25/25 10:58:01.266 - DEBUG *** file /home/cubrid/work/cubrid/src/connection/tcp.c, line 1470
The css_peer_alive() is calling.
Time: 09/25/25 10:58:06.271 - DEBUG *** file /home/cubrid/work/cubrid/src/connection/tcp.c, line 1470
The css_peer_alive() is calling.
Time: 09/25/25 10:58:11.276 - DEBUG *** file /home/cubrid/work/cubrid/src/connection/tcp.c, line 1470
The css_peer_alive() is calling.
Time: 09/25/25 10:58:16.281 - DEBUG *** file /home/cubrid/work/cubrid/src/connection/tcp.c, line 1470
The css_peer_alive() is calling.
Time: 09/25/25 10:58:21.284 - DEBUG *** file /home/cubrid/work/cubrid/src/connection/tcp.c, line 1470
The css_peer_alive() is calling.
Time: 09/25/25 10:58:26.288 - DEBUG *** file /home/cubrid/work/cubrid/src/connection/tcp.c, line 1470
The css_peer_alive() is calling.
Time: 09/25/25 10:58:31.294 - DEBUG *** file /home/cubrid/work/cubrid/src/connection/tcp.c, line 1470
The css_peer_alive() is calling.
Time: 09/25/25 10:58:36.294 - DEBUG *** file /home/cubrid/work/cubrid/src/connection/tcp.c, line 1470
The css_peer_alive() is calling.
Time: 09/25/25 10:58:41.299 - DEBUG *** file /home/cubrid/work/cubrid/src/connection/tcp.c, line 1470
The css_peer_alive() is calling.
Time: 09/25/25 10:58:46.304 - DEBUG *** file /home/cubrid/work/cubrid/src/connection/tcp.c, line 1470
The css_peer_alive() is calling.
Time: 09/25/25 10:58:51.308 - DEBUG *** file /home/cubrid/work/cubrid/src/connection/tcp.c, line 1470
The css_peer_alive() is calling.
Time: 09/25/25 10:58:56.313 - DEBUG *** file /home/cubrid/work/cubrid/src/connection/tcp.c, line 1470
The css_peer_alive() is calling.
Time: 09/25/25 10:59:01.318 - DEBUG *** file /home/cubrid/work/cubrid/src/connection/tcp.c, line 1470
The css_peer_alive() is calling.
Time: 09/25/25 10:59:06.323 - DEBUG *** file /home/cubrid/work/cubrid/src/connection/tcp.c, line 1470
The css_peer_alive() is calling.
Time: 09/25/25 10:59:11.328 - DEBUG *** file /home/cubrid/work/cubrid/src/connection/tcp.c, line 1470
The css_peer_alive() is calling.
Time: 09/25/25 10:59:16.333 - DEBUG *** file /home/cubrid/work/cubrid/src/connection/tcp.c, line 1470
The css_peer_alive() is calling.
Time: 09/25/25 10:59:21.338 - DEBUG *** file /home/cubrid/work/cubrid/src/connection/tcp.c, line 1470
The css_peer_alive() is calling.
Time: 09/25/25 10:59:26.343 - DEBUG *** file /home/cubrid/work/cubrid/src/connection/tcp.c, line 1470
The css_peer_alive() is calling.
Time: 09/25/25 10:59:31.348 - DEBUG *** file /home/cubrid/work/cubrid/src/connection/tcp.c, line 1470
The css_peer_alive() is calling.
Time: 09/25/25 10:59:36.353 - DEBUG *** file /home/cubrid/work/cubrid/src/connection/tcp.c, line 1470
The css_peer_alive() is calling.
Time: 09/25/25 10:59:41.359 - DEBUG *** file /home/cubrid/work/cubrid/src/connection/tcp.c, line 1470
The css_peer_alive() is calling.
Time: 09/25/25 10:59:46.364 - DEBUG *** file /home/cubrid/work/cubrid/src/connection/tcp.c, line 1470
The css_peer_alive() is calling.
Time: 09/25/25 10:59:51.369 - DEBUG *** file /home/cubrid/work/cubrid/src/connection/tcp.c, line 1470
The css_peer_alive() is calling.
Time: 09/25/25 10:59:56.374 - DEBUG *** file /home/cubrid/work/cubrid/src/connection/tcp.c, line 1470
The css_peer_alive() is calling.
Time: 09/25/25 11:00:01.380 - DEBUG *** file /home/cubrid/work/cubrid/src/connection/tcp.c, line 1470
The css_peer_alive() is calling.
Time: 09/25/25 11:00:06.384 - DEBUG *** file /home/cubrid/work/cubrid/src/connection/tcp.c, line 1470
The css_peer_alive() is calling.
Time: 09/25/25 11:00:11.389 - DEBUG *** file /home/cubrid/work/cubrid/src/connection/tcp.c, line 1470
The css_peer_alive() is calling.
Time: 09/25/25 11:00:16.394 - DEBUG *** file /home/cubrid/work/cubrid/src/connection/tcp.c, line 1470
The css_peer_alive() is calling.
Time: 09/25/25 11:00:21.399 - DEBUG *** file /home/cubrid/work/cubrid/src/connection/tcp.c, line 1470
The css_peer_alive() is calling.
Time: 09/25/25 11:00:26.400 - DEBUG *** file /home/cubrid/work/cubrid/src/connection/tcp.c, line 1470
The css_peer_alive() is calling.
Time: 09/25/25 11:00:31.401 - DEBUG *** file /home/cubrid/work/cubrid/src/connection/tcp.c, line 1470
The css_peer_alive() is calling.
Time: 09/25/25 11:00:36.406 - DEBUG *** file /home/cubrid/work/cubrid/src/connection/tcp.c, line 1470
The css_peer_alive() is calling.
Time: 09/25/25 11:00:41.411 - DEBUG *** file /home/cubrid/work/cubrid/src/connection/tcp.c, line 1470
The css_peer_alive() is calling.
Time: 09/25/25 11:00:46.414 - DEBUG *** file /home/cubrid/work/cubrid/src/connection/tcp.c, line 1470
The css_peer_alive() is calling.
Time: 09/25/25 11:00:51.419 - DEBUG *** file /home/cubrid/work/cubrid/src/connection/tcp.c, line 1470
The css_peer_alive() is calling.
Time: 09/25/25 11:00:56.424 - DEBUG *** file /home/cubrid/work/cubrid/src/connection/tcp.c, line 1470
The css_peer_alive() is calling.
Time: 09/25/25 11:01:01.426 - DEBUG *** file /home/cubrid/work/cubrid/src/connection/tcp.c, line 1470
The css_peer_alive() is calling.
Time: 09/25/25 11:01:06.429 - DEBUG *** file /home/cubrid/work/cubrid/src/connection/tcp.c, line 1470
The css_peer_alive() is calling.
Time: 09/25/25 11:01:11.429 - DEBUG *** file /home/cubrid/work/cubrid/src/connection/tcp.c, line 1470
The css_peer_alive() is calling.
Time: 09/25/25 11:01:16.430 - DEBUG *** file /home/cubrid/work/cubrid/src/connection/tcp.c, line 1470
The css_peer_alive() is calling.
Time: 09/25/25 11:01:21.433 - DEBUG *** file /home/cubrid/work/cubrid/src/connection/tcp.c, line 1470
The css_peer_alive() is calling.
Time: 09/25/25 11:01:26.434 - DEBUG *** file /home/cubrid/work/cubrid/src/connection/tcp.c, line 1470
The css_peer_alive() is calling.
Time: 09/25/25 11:01:31.439 - DEBUG *** file /home/cubrid/work/cubrid/src/connection/tcp.c, line 1470
The css_peer_alive() is calling.
Time: 09/25/25 11:01:36.442 - DEBUG *** file /home/cubrid/work/cubrid/src/connection/tcp.c, line 1470
The css_peer_alive() is calling.
Time: 09/25/25 11:01:41.447 - DEBUG *** file /home/cubrid/work/cubrid/src/connection/tcp.c, line 1470
The css_peer_alive() is calling.
Time: 09/25/25 11:01:46.451 - DEBUG *** file /home/cubrid/work/cubrid/src/connection/tcp.c, line 1470
The css_peer_alive() is calling.
Time: 09/25/25 11:01:51.456 - DEBUG *** file /home/cubrid/work/cubrid/src/connection/tcp.c, line 1470
The css_peer_alive() is calling.
Time: 09/25/25 11:01:56.461 - DEBUG *** file /home/cubrid/work/cubrid/src/connection/tcp.c, line 1470
The css_peer_alive() is calling.
Time: 09/25/25 11:02:01.466 - DEBUG *** file /home/cubrid/work/cubrid/src/connection/tcp.c, line 1470
The css_peer_alive() is calling.
Time: 09/25/25 11:02:06.469 - DEBUG *** file /home/cubrid/work/cubrid/src/connection/tcp.c, line 1470
The css_peer_alive() is calling.
Time: 09/25/25 11:02:11.471 - DEBUG *** file /home/cubrid/work/cubrid/src/connection/tcp.c, line 1470
The css_peer_alive() is calling.
Time: 09/25/25 11:02:16.474 - DEBUG *** file /home/cubrid/work/cubrid/src/connection/tcp.c, line 1470
The css_peer_alive() is calling.
Time: 09/25/25 11:02:21.479 - DEBUG *** file /home/cubrid/work/cubrid/src/connection/tcp.c, line 1470
The css_peer_alive() is calling.
Time: 09/25/25 11:02:26.485 - DEBUG *** file /home/cubrid/work/cubrid/src/connection/tcp.c, line 1470
The css_peer_alive() is calling.
Time: 09/25/25 11:02:31.486 - DEBUG *** file /home/cubrid/work/cubrid/src/connection/tcp.c, line 1470
The css_peer_alive() is calling.
Time: 09/25/25 11:02:36.492 - DEBUG *** file /home/cubrid/work/cubrid/src/connection/tcp.c, line 1470
The css_peer_alive() is calling.
Time: 09/25/25 11:02:41.497 - DEBUG *** file /home/cubrid/work/cubrid/src/connection/tcp.c, line 1470
The css_peer_alive() is calling.
Time: 09/25/25 11:02:46.502 - DEBUG *** file /home/cubrid/work/cubrid/src/connection/tcp.c, line 1470
The css_peer_alive() is calling.
Time: 09/25/25 11:02:51.506 - DEBUG *** file /home/cubrid/work/cubrid/src/connection/tcp.c, line 1470
The css_peer_alive() is calling.
Time: 09/25/25 11:02:56.508 - DEBUG *** file /home/cubrid/work/cubrid/src/connection/tcp.c, line 1470
The css_peer_alive() is calling.
Time: 09/25/25 11:03:01.512 - DEBUG *** file /home/cubrid/work/cubrid/src/connection/tcp.c, line 1470
The css_peer_alive() is calling.
Time: 09/25/25 11:03:06.513 - DEBUG *** file /home/cubrid/work/cubrid/src/connection/tcp.c, line 1470
The css_peer_alive() is calling.
Time: 09/25/25 11:03:11.515 - DEBUG *** file /home/cubrid/work/cubrid/src/connection/tcp.c, line 1470
The css_peer_alive() is calling.
Time: 09/25/25 11:03:16.516 - DEBUG *** file /home/cubrid/work/cubrid/src/connection/tcp.c, line 1470
The css_peer_alive() is calling.
Time: 09/25/25 11:03:21.520 - DEBUG *** file /home/cubrid/work/cubrid/src/connection/tcp.c, line 1470
The css_peer_alive() is calling.
Time: 09/25/25 11:03:26.525 - DEBUG *** file /home/cubrid/work/cubrid/src/connection/tcp.c, line 1470
The css_peer_alive() is calling.
Time: 09/25/25 11:03:31.527 - DEBUG *** file /home/cubrid/work/cubrid/src/connection/tcp.c, line 1470
The css_peer_alive() is calling.
Time: 09/25/25 11:03:36.532 - DEBUG *** file /home/cubrid/work/cubrid/src/connection/tcp.c, line 1470
The css_peer_alive() is calling.
Time: 09/25/25 11:03:41.537 - DEBUG *** file /home/cubrid/work/cubrid/src/connection/tcp.c, line 1470
The css_peer_alive() is calling.
Time: 09/25/25 11:03:46.542 - DEBUG *** file /home/cubrid/work/cubrid/src/connection/tcp.c, line 1470
The css_peer_alive() is calling.
Time: 09/25/25 11:03:51.544 - DEBUG *** file /home/cubrid/work/cubrid/src/connection/tcp.c, line 1470
The css_peer_alive() is calling.
Time: 09/25/25 11:03:56.546 - DEBUG *** file /home/cubrid/work/cubrid/src/connection/tcp.c, line 1470
The css_peer_alive() is calling.
Time: 09/25/25 11:04:01.552 - DEBUG *** file /home/cubrid/work/cubrid/src/connection/tcp.c, line 1470
The css_peer_alive() is calling.
Time: 09/25/25 11:04:06.554 - DEBUG *** file /home/cubrid/work/cubrid/src/connection/tcp.c, line 1470
The css_peer_alive() is calling.
Time: 09/25/25 11:04:11.559 - DEBUG *** file /home/cubrid/work/cubrid/src/connection/tcp.c, line 1470
The css_peer_alive() is calling.
Time: 09/25/25 11:04:16.563 - DEBUG *** file /home/cubrid/work/cubrid/src/connection/tcp.c, line 1470
The css_peer_alive() is calling.
Time: 09/25/25 11:04:21.568 - DEBUG *** file /home/cubrid/work/cubrid/src/connection/tcp.c, line 1470
The css_peer_alive() is calling.
Time: 09/25/25 11:04:26.572 - DEBUG *** file /home/cubrid/work/cubrid/src/connection/tcp.c, line 1470
The css_peer_alive() is calling.
Time: 09/25/25 11:04:31.577 - DEBUG *** file /home/cubrid/work/cubrid/src/connection/tcp.c, line 1470
The css_peer_alive() is calling.
Time: 09/25/25 11:04:36.582 - DEBUG *** file /home/cubrid/work/cubrid/src/connection/tcp.c, line 1470
The css_peer_alive() is calling.
Time: 09/25/25 11:04:41.587 - DEBUG *** file /home/cubrid/work/cubrid/src/connection/tcp.c, line 1470
The css_peer_alive() is calling.
Time: 09/25/25 11:04:46.591 - DEBUG *** file /home/cubrid/work/cubrid/src/connection/tcp.c, line 1470
The css_peer_alive() is calling.
Time: 09/25/25 11:04:51.596 - DEBUG *** file /home/cubrid/work/cubrid/src/connection/tcp.c, line 1470
The css_peer_alive() is calling.
Time: 09/25/25 11:04:56.601 - DEBUG *** file /home/cubrid/work/cubrid/src/connection/tcp.c, line 1470
The css_peer_alive() is calling.
Time: 09/25/25 11:05:01.605 - DEBUG *** file /home/cubrid/work/cubrid/src/connection/tcp.c, line 1470
The css_peer_alive() is calling.
Time: 09/25/25 11:05:06.610 - DEBUG *** file /home/cubrid/work/cubrid/src/connection/tcp.c, line 1470
The css_peer_alive() is calling.
Time: 09/25/25 11:05:11.615 - DEBUG *** file /home/cubrid/work/cubrid/src/connection/tcp.c, line 1470
The css_peer_alive() is calling.
Time: 09/25/25 11:05:16.620 - DEBUG *** file /home/cubrid/work/cubrid/src/connection/tcp.c, line 1470
The css_peer_alive() is calling.
Time: 09/25/25 11:05:21.625 - DEBUG *** file /home/cubrid/work/cubrid/src/connection/tcp.c, line 1470
The css_peer_alive() is calling.
Time: 09/25/25 11:05:26.630 - DEBUG *** file /home/cubrid/work/cubrid/src/connection/tcp.c, line 1470
The css_peer_alive() is calling.
Time: 09/25/25 11:05:31.635 - DEBUG *** file /home/cubrid/work/cubrid/src/connection/tcp.c, line 1470
The css_peer_alive() is calling.
Time: 09/25/25 11:05:36.640 - DEBUG *** file /home/cubrid/work/cubrid/src/connection/tcp.c, line 1470
The css_peer_alive() is calling.
Time: 09/25/25 11:05:41.645 - DEBUG *** file /home/cubrid/work/cubrid/src/connection/tcp.c, line 1470
The css_peer_alive() is calling.
Time: 09/25/25 11:05:46.651 - DEBUG *** file /home/cubrid/work/cubrid/src/connection/tcp.c, line 1470
The css_peer_alive() is calling.
Time: 09/25/25 11:05:51.655 - DEBUG *** file /home/cubrid/work/cubrid/src/connection/tcp.c, line 1470
The css_peer_alive() is calling.
Time: 09/25/25 11:05:56.660 - DEBUG *** file /home/cubrid/work/cubrid/src/connection/tcp.c, line 1470
The css_peer_alive() is calling.
Time: 09/25/25 11:06:01.665 - DEBUG *** file /home/cubrid/work/cubrid/src/connection/tcp.c, line 1470
The css_peer_alive() is calling.
Time: 09/25/25 11:06:06.666 - DEBUG *** file /home/cubrid/work/cubrid/src/connection/tcp.c, line 1470
The css_peer_alive() is calling.
Time: 09/25/25 11:06:11.671 - DEBUG *** file /home/cubrid/work/cubrid/src/connection/tcp.c, line 1470
The css_peer_alive() is calling.
Time: 09/25/25 11:06:16.675 - DEBUG *** file /home/cubrid/work/cubrid/src/connection/tcp.c, line 1470
The css_peer_alive() is calling.
Time: 09/25/25 11:06:21.680 - DEBUG *** file /home/cubrid/work/cubrid/src/connection/tcp.c, line 1470
The css_peer_alive() is calling.
Time: 09/25/25 11:06:26.685 - DEBUG *** file /home/cubrid/work/cubrid/src/connection/tcp.c, line 1470
The css_peer_alive() is calling.
Time: 09/25/25 11:06:31.688 - DEBUG *** file /home/cubrid/work/cubrid/src/connection/tcp.c, line 1470
The css_peer_alive() is calling.
Time: 09/25/25 11:06:36.688 - DEBUG *** file /home/cubrid/work/cubrid/src/connection/tcp.c, line 1470
The css_peer_alive() is calling.
Time: 09/25/25 11:06:41.693 - DEBUG *** file /home/cubrid/work/cubrid/src/connection/tcp.c, line 1470
The css_peer_alive() is calling.
Time: 09/25/25 11:06:46.697 - DEBUG *** file /home/cubrid/work/cubrid/src/connection/tcp.c, line 1470
The css_peer_alive() is calling.
Time: 09/25/25 11:06:51.698 - DEBUG *** file /home/cubrid/work/cubrid/src/connection/tcp.c, line 1470
The css_peer_alive() is calling.
Time: 09/25/25 11:06:56.699 - DEBUG *** file /home/cubrid/work/cubrid/src/connection/tcp.c, line 1470
The css_peer_alive() is calling.
Time: 09/25/25 11:07:01.704 - DEBUG *** file /home/cubrid/work/cubrid/src/connection/tcp.c, line 1470
The css_peer_alive() is calling.
Time: 09/25/25 11:07:06.709 - DEBUG *** file /home/cubrid/work/cubrid/src/connection/tcp.c, line 1470
The css_peer_alive() is calling.
Time: 09/25/25 11:07:11.714 - DEBUG *** file /home/cubrid/work/cubrid/src/connection/tcp.c, line 1470
The css_peer_alive() is calling.
Time: 09/25/25 11:07:16.718 - DEBUG *** file /home/cubrid/work/cubrid/src/connection/tcp.c, line 1470
The css_peer_alive() is calling.
Time: 09/25/25 11:07:21.721 - DEBUG *** file /home/cubrid/work/cubrid/src/connection/tcp.c, line 1470
The css_peer_alive() is calling.
Time: 09/25/25 11:07:26.723 - DEBUG *** file /home/cubrid/work/cubrid/src/connection/tcp.c, line 1470
The css_peer_alive() is calling.
Time: 09/25/25 11:07:31.728 - DEBUG *** file /home/cubrid/work/cubrid/src/connection/tcp.c, line 1470
The css_peer_alive() is calling.
Time: 09/25/25 11:07:36.733 - DEBUG *** file /home/cubrid/work/cubrid/src/connection/tcp.c, line 1470
The css_peer_alive() is calling.
Time: 09/25/25 11:07:41.735 - DEBUG *** file /home/cubrid/work/cubrid/src/connection/tcp.c, line 1470
The css_peer_alive() is calling.
Time: 09/25/25 11:07:46.738 - DEBUG *** file /home/cubrid/work/cubrid/src/connection/tcp.c, line 1470
The css_peer_alive() is calling.
Time: 09/25/25 11:07:51.743 - DEBUG *** file /home/cubrid/work/cubrid/src/connection/tcp.c, line 1470
The css_peer_alive() is calling.
Time: 09/25/25 11:07:56.748 - DEBUG *** file /home/cubrid/work/cubrid/src/connection/tcp.c, line 1470
The css_peer_alive() is calling.
Time: 09/25/25 11:08:01.753 - DEBUG *** file /home/cubrid/work/cubrid/src/connection/tcp.c, line 1470
The css_peer_alive() is calling.
Time: 09/25/25 11:08:06.758 - DEBUG *** file /home/cubrid/work/cubrid/src/connection/tcp.c, line 1470
The css_peer_alive() is calling.
Time: 09/25/25 11:08:11.763 - DEBUG *** file /home/cubrid/work/cubrid/src/connection/tcp.c, line 1470
The css_peer_alive() is calling.
Time: 09/25/25 11:08:48.022 - DEBUG *** file /home/cubrid/work/cubrid/src/communication/network_interface_cl.c, line 7213
qmgr_execute_query requested: EXECUTION_WITHOUT_AUTOCOMMIT

Time: 09/25/25 13:28:41.249 - DEBUG *** file /home/cubrid/work/cubrid/src/transaction/boot_cl.c, line 1655
trying to connect 'demodb@localhost'

Time: 09/25/25 13:28:41.249 - DEBUG *** file /home/cubrid/work/cubrid/src/transaction/boot_cl.c, line 1677
ping server with handshake

Time: 09/25/25 13:28:41.250 - NOTIFICATION *** file /home/cubrid/work/cubrid/src/transaction/boot_cl.c, line 1084  CODE = -971, Tran = -1, EID = 1
Program 'csql' (pid 938670) connected to database server 'demodb' on the host 'localhost' (port 1523).

Time: 09/25/25 13:28:41.250 - DEBUG *** file /home/cubrid/work/cubrid/src/transaction/boot_cl.c, line 1134
boot_restart_client: register client { type 2 db demodb user dba password (null) program csql login cubrid host bwkim192 pid 938670 }

Time: 09/25/25 13:28:55.317 - DEBUG *** file /home/cubrid/work/cubrid/src/communication/network_interface_cl.c, line 7213
qmgr_execute_query requested: EXECUTION_WITHOUT_AUTOCOMMIT

Time: 09/25/25 13:30:11.197 - DEBUG *** file /home/cubrid/work/cubrid/src/communication/network_interface_cl.c, line 7213
qmgr_execute_query requested: EXECUTION_WITHOUT_AUTOCOMMIT

Time: 09/25/25 13:30:31.621 - DEBUG *** file /home/cubrid/work/cubrid/src/communication/network_interface_cl.c, line 7213
qmgr_execute_query requested: EXECUTION_WITHOUT_AUTOCOMMIT

Time: 09/25/25 13:30:46.184 - DEBUG *** file /home/cubrid/work/cubrid/src/communication/network_interface_cl.c, line 7209
qmgr_execute_query requested: EXECUTION_WITH_AUTOCOMMIT

Time: 09/25/25 13:30:50.924 - DEBUG *** file /home/cubrid/work/cubrid/src/communication/network_interface_cl.c, line 7209
qmgr_execute_query requested: EXECUTION_WITH_AUTOCOMMIT

Time: 09/25/25 13:30:55.819 - DEBUG *** file /home/cubrid/work/cubrid/src/communication/network_interface_cl.c, line 7209
qmgr_execute_query requested: EXECUTION_WITH_AUTOCOMMIT

Time: 09/25/25 13:32:56.754 - ERROR *** file Unknown from server, line -1 ERROR CODE = -1302, Tran = 1, EID = 2
dblink - Syntax: In line 1, column 56 before 'nextval, 9)'
Syntax error: unexpected '.', expecting ',' or ')' [CAS INFO-192.168.2.193:33000,1,879547].

Time: 09/25/25 13:32:56.754 - ERROR *** file /home/cubrid/work/cubrid/src/object/trigger_manager.c, line 4664 ERROR CODE = -528, Tran = 1, EID = 3
Error evaluating action for "dba.tbl_before_insert_trg_01", dblink - Syntax: In line 1, column 56 before 'nextval, 9)'
Syntax error: unexpected '.', expecting ',' or ')' [CAS INFO-192.168.2.193:33000,1,879547].

Time: 09/25/25 13:37:54.336 - DEBUG *** file /home/cubrid/work/cubrid/src/communication/network_interface_cl.c, line 7213
qmgr_execute_query requested: EXECUTION_WITHOUT_AUTOCOMMIT

Time: 09/25/25 13:38:05.134 - DEBUG *** file /home/cubrid/work/cubrid/src/communication/network_interface_cl.c, line 7213
qmgr_execute_query requested: EXECUTION_WITHOUT_AUTOCOMMIT

Time: 09/25/25 13:40:02.204 - ERROR *** file Unknown from server, line -1 ERROR CODE = -1302, Tran = 1, EID = 4
dblink - Syntax: In line 1, column 56 before 'nextval, 9)'
Syntax error: unexpected '.', expecting ',' or ')' [CAS INFO-192.168.2.193:33000,1,879547].

Time: 09/25/25 13:40:02.204 - ERROR *** file /home/cubrid/work/cubrid/src/object/trigger_manager.c, line 4664 ERROR CODE = -528, Tran = 1, EID = 5
Error evaluating action for "dba.tbl_before_insert_trg_01", dblink - Syntax: In line 1, column 56 before 'nextval, 9)'
Syntax error: unexpected '.', expecting ',' or ')' [CAS INFO-192.168.2.193:33000,1,879547].

Time: 09/25/25 13:44:35.950 - ERROR *** file Unknown from server, line -1 ERROR CODE = -1302, Tran = 1, EID = 6
dblink - Syntax: In line 1, column 56 before 'nextval, 9)'
Syntax error: unexpected '.', expecting ',' or ')' [CAS INFO-192.168.2.193:33000,1,879547].

Time: 09/25/25 13:44:35.950 - ERROR *** file /home/cubrid/work/cubrid/src/object/trigger_manager.c, line 4664 ERROR CODE = -528, Tran = 1, EID = 7
Error evaluating action for "dba.tbl_before_insert_trg_01", dblink - Syntax: In line 1, column 56 before 'nextval, 9)'
Syntax error: unexpected '.', expecting ',' or ')' [CAS INFO-192.168.2.193:33000,1,879547].

Time: 09/25/25 13:48:05.640 - ERROR *** file Unknown from server, line -1 ERROR CODE = -1302, Tran = 1, EID = 8
dblink - Syntax: In line 1, column 56 before 'nextval, 9)'
Syntax error: unexpected '.', expecting ',' or ')' [CAS INFO-192.168.2.193:33000,1,879547].

Time: 09/25/25 13:48:05.640 - ERROR *** file /home/cubrid/work/cubrid/src/object/trigger_manager.c, line 4664 ERROR CODE = -528, Tran = 1, EID = 9
Error evaluating action for "dba.tbl_before_insert_trg_01", dblink - Syntax: In line 1, column 56 before 'nextval, 9)'
Syntax error: unexpected '.', expecting ',' or ')' [CAS INFO-192.168.2.193:33000,1,879547].

Time: 09/25/25 13:50:21.734 - ERROR *** file Unknown from server, line -1 ERROR CODE = -1302, Tran = 1, EID = 10
dblink - Syntax: In line 1, column 56 before 'nextval, 9)'
Syntax error: unexpected '.', expecting ',' or ')' [CAS INFO-192.168.2.193:33000,1,879547].

Time: 09/25/25 13:50:21.734 - ERROR *** file /home/cubrid/work/cubrid/src/object/trigger_manager.c, line 4664 ERROR CODE = -528, Tran = 1, EID = 11
Error evaluating action for "dba.tbl_before_insert_trg_01", dblink - Syntax: In line 1, column 56 before 'nextval, 9)'
Syntax error: unexpected '.', expecting ',' or ')' [CAS INFO-192.168.2.193:33000,1,879547].

Time: 09/25/25 13:53:34.808 - ERROR *** file Unknown from server, line -1 ERROR CODE = -1302, Tran = 1, EID = 12
dblink - Syntax: In line 1, column 56 before 'nextval, 9)'
Syntax error: unexpected '.', expecting ',' or ')' [CAS INFO-192.168.2.193:33000,1,879547].

Time: 09/25/25 13:53:34.808 - ERROR *** file /home/cubrid/work/cubrid/src/object/trigger_manager.c, line 4664 ERROR CODE = -528, Tran = 1, EID = 13
Error evaluating action for "dba.tbl_before_insert_trg_01", dblink - Syntax: In line 1, column 56 before 'nextval, 9)'
Syntax error: unexpected '.', expecting ',' or ')' [CAS INFO-192.168.2.193:33000,1,879547].

Time: 09/25/25 13:53:45.510 - ERROR *** file Unknown from server, line -1 ERROR CODE = -1302, Tran = 1, EID = 14
dblink - Syntax: In line 1, column 56 before 'nextval, 9)'
Syntax error: unexpected '.', expecting ',' or ')' [CAS INFO-192.168.2.193:33000,1,879547].

Time: 09/25/25 13:53:45.511 - ERROR *** file /home/cubrid/work/cubrid/src/object/trigger_manager.c, line 4664 ERROR CODE = -528, Tran = 1, EID = 15
Error evaluating action for "dba.tbl_before_insert_trg_01", dblink - Syntax: In line 1, column 56 before 'nextval, 9)'
Syntax error: unexpected '.', expecting ',' or ')' [CAS INFO-192.168.2.193:33000,1,879547].

Time: 09/25/25 13:59:09.366 - ERROR *** file Unknown from server, line -1 ERROR CODE = -1302, Tran = 1, EID = 16
dblink - Syntax: In line 1, column 56 before 'nextval, 9)'
Syntax error: unexpected '.', expecting ',' or ')' [CAS INFO-192.168.2.193:33000,1,879547].

Time: 09/25/25 13:59:09.366 - ERROR *** file /home/cubrid/work/cubrid/src/object/trigger_manager.c, line 4664 ERROR CODE = -528, Tran = 1, EID = 17
Error evaluating action for "dba.tbl_before_insert_trg_01", dblink - Syntax: In line 1, column 56 before 'nextval, 9)'
Syntax error: unexpected '.', expecting ',' or ')' [CAS INFO-192.168.2.193:33000,1,879547].

Time: 09/25/25 14:04:44.972 - ERROR *** file Unknown from server, line -1 ERROR CODE = -1302, Tran = 1, EID = 18
dblink - Syntax: In line 1, column 56 before 'nextval, 9)'
Syntax error: unexpected '.', expecting ',' or ')' [CAS INFO-192.168.2.193:33000,1,879547].

Time: 09/25/25 14:04:44.972 - ERROR *** file /home/cubrid/work/cubrid/src/object/trigger_manager.c, line 4664 ERROR CODE = -528, Tran = 1, EID = 19
Error evaluating action for "dba.tbl_before_insert_trg_01", dblink - Syntax: In line 1, column 56 before 'nextval, 9)'
Syntax error: unexpected '.', expecting ',' or ')' [CAS INFO-192.168.2.193:33000,1,879547].

Time: 09/25/25 14:12:48.657 - ERROR *** file Unknown from server, line -1 ERROR CODE = -1302, Tran = 1, EID = 20
dblink - Syntax: In line 1, column 56 before 'nextval, 9)'
Syntax error: unexpected '.', expecting ',' or ')' [CAS INFO-192.168.2.193:33000,1,879547].

Time: 09/25/25 14:12:48.657 - ERROR *** file /home/cubrid/work/cubrid/src/object/trigger_manager.c, line 4664 ERROR CODE = -528, Tran = 1, EID = 21
Error evaluating action for "dba.tbl_before_insert_trg_01", dblink - Syntax: In line 1, column 56 before 'nextval, 9)'
Syntax error: unexpected '.', expecting ',' or ')' [CAS INFO-192.168.2.193:33000,1,879547].

*** The previous error message is the last one. ***


Time: 09/25/25 14:15:05.477 - DEBUG *** file /home/cubrid/work/cubrid/src/transaction/boot_cl.c, line 1655
trying to connect 'demodb@localhost'

Time: 09/25/25 14:15:05.478 - DEBUG *** file /home/cubrid/work/cubrid/src/transaction/boot_cl.c, line 1677
ping server with handshake

Time: 09/25/25 14:15:05.478 - NOTIFICATION *** file /home/cubrid/work/cubrid/src/transaction/boot_cl.c, line 1084  CODE = -971, Tran = -1, EID = 1
Program 'csql' (pid 940389) connected to database server 'demodb' on the host 'localhost' (port 1523).

Time: 09/25/25 14:15:05.478 - DEBUG *** file /home/cubrid/work/cubrid/src/transaction/boot_cl.c, line 1134
boot_restart_client: register client { type 2 db demodb user dba password (null) program csql login cubrid host bwkim192 pid 940389 }

Time: 09/25/25 14:30:09.084 - ERROR *** file Unknown from server, line -1 ERROR CODE = -1302, Tran = 1, EID = 2
dblink - Syntax: In line 1, column 56 before 'nextval, 9)'
Syntax error: unexpected '.', expecting ',' or ')' [CAS INFO-192.168.2.193:33000,1,879547].

Time: 09/25/25 14:30:09.084 - ERROR *** file /home/cubrid/work/cubrid/src/object/trigger_manager.c, line 4664 ERROR CODE = -528, Tran = 1, EID = 3
Error evaluating action for "dba.tbl_before_insert_trg_01", dblink - Syntax: In line 1, column 56 before 'nextval, 9)'
Syntax error: unexpected '.', expecting ',' or ')' [CAS INFO-192.168.2.193:33000,1,879547].

*** The previous error message is the last one. ***


Time: 09/25/25 14:31:47.117 - DEBUG *** file /home/cubrid/work/cubrid/src/transaction/boot_cl.c, line 1655
trying to connect 'demodb@localhost'

Time: 09/25/25 14:31:47.117 - DEBUG *** file /home/cubrid/work/cubrid/src/transaction/boot_cl.c, line 1677
ping server with handshake

Time: 09/25/25 14:31:47.118 - NOTIFICATION *** file /home/cubrid/work/cubrid/src/transaction/boot_cl.c, line 1084  CODE = -971, Tran = -1, EID = 1
Program 'csql' (pid 941931) connected to database server 'demodb' on the host 'localhost' (port 1523).

Time: 09/25/25 14:31:47.118 - DEBUG *** file /home/cubrid/work/cubrid/src/transaction/boot_cl.c, line 1134
boot_restart_client: register client { type 2 db demodb user dba password (null) program csql login cubrid host bwkim192 pid 941931 }

Time: 09/25/25 14:34:05.965 - DEBUG *** file /home/cubrid/work/cubrid/src/transaction/boot_cl.c, line 1655
trying to connect 'demodb@localhost'

Time: 09/25/25 14:34:05.965 - DEBUG *** file /home/cubrid/work/cubrid/src/transaction/boot_cl.c, line 1677
ping server with handshake

Time: 09/25/25 14:34:05.967 - NOTIFICATION *** file /home/cubrid/work/cubrid/src/transaction/boot_cl.c, line 1084  CODE = -971, Tran = -1, EID = 1
Program 'csql' (pid 942246) connected to database server 'demodb' on the host 'localhost' (port 1523).

Time: 09/25/25 14:34:05.967 - DEBUG *** file /home/cubrid/work/cubrid/src/transaction/boot_cl.c, line 1134
boot_restart_client: register client { type 2 db demodb user dba password (null) program csql login cubrid host bwkim192 pid 942246 }

Time: 09/25/25 14:34:35.725 - SYNTAX ERROR *** file /home/cubrid/work/cubrid/src/parser/query_result.c, line 376 ERROR CODE = -494, Tran = 1, EID = 2
Semantic: before ' ); '
Cannot coerce 'abc12345678901234567890' to type varchar. insert into [dba.t2] [dba.t2] ([dba.t2].a, [dba.t2].b) value...

Time: 09/25/25 14:34:35.725 - SYNTAX ERROR *** file /home/cubrid/work/cubrid/src/compat/db_vdb.c, line 1051 ERROR CODE = -492, Tran = 1, EID = 3
before ' ); '
Cannot coerce 'abc12345678901234567890' to type varchar.

Time: 09/25/25 15:43:07.328 - ERROR *** file Unknown from server, line -1 ERROR CODE = -670, Tran = 1, EID = 4
Operation would have caused one or more unique constraint violations. INDEX pk_t3_a(B+tree: 0|7232|7233) ON CLASS dba.t3(CLASS_OID: 0|210|4). key: 1(OID: 0|7297|2).

Time: 09/25/25 15:44:19.930 - ERROR *** file Unknown from server, line -1 ERROR CODE = -670, Tran = 1, EID = 5
Operation would have caused one or more unique constraint violations. INDEX pk_t3_a(B+tree: 0|7232|7233) ON CLASS dba.t3(CLASS_OID: 0|210|4). key: 1(OID: 0|7297|2).

Time: 09/25/25 15:44:36.218 - SYNTAX ERROR *** file /home/cubrid/work/cubrid/src/compat/db_vdb.c, line 1051 ERROR CODE = -492, Tran = 1, EID = 6
In line 1, column 1 before END OF STATEMENT
Syntax error: unexpected 'abort', expecting SELECT or VALUE or VALUES or '('

Time: 09/25/25 15:44:46.086 - DEBUG *** file /home/cubrid/work/cubrid/src/connection/tcp.c, line 1470
The css_peer_alive() is calling.
Time: 09/25/25 15:45:24.986 - DEBUG *** file /home/cubrid/work/cubrid/src/connection/tcp.c, line 1470
The css_peer_alive() is calling.
Time: 09/25/25 15:45:29.991 - DEBUG *** file /home/cubrid/work/cubrid/src/connection/tcp.c, line 1470
The css_peer_alive() is calling.
Time: 09/25/25 15:45:34.996 - DEBUG *** file /home/cubrid/work/cubrid/src/connection/tcp.c, line 1470
The css_peer_alive() is calling.
Time: 09/25/25 15:45:40.001 - DEBUG *** file /home/cubrid/work/cubrid/src/connection/tcp.c, line 1470
The css_peer_alive() is calling.
Time: 09/25/25 15:45:45.006 - DEBUG *** file /home/cubrid/work/cubrid/src/connection/tcp.c, line 1470
The css_peer_alive() is calling.
Time: 09/25/25 15:45:50.011 - DEBUG *** file /home/cubrid/work/cubrid/src/connection/tcp.c, line 1470
The css_peer_alive() is calling.
Time: 09/25/25 15:45:55.019 - DEBUG *** file /home/cubrid/work/cubrid/src/connection/tcp.c, line 1470
The css_peer_alive() is calling.
Time: 09/25/25 15:46:00.024 - DEBUG *** file /home/cubrid/work/cubrid/src/connection/tcp.c, line 1470
The css_peer_alive() is calling.
Time: 09/25/25 15:46:05.029 - DEBUG *** file /home/cubrid/work/cubrid/src/connection/tcp.c, line 1470
The css_peer_alive() is calling.
Time: 09/25/25 15:46:12.625 - DEBUG *** file /home/cubrid/work/cubrid/src/connection/tcp.c, line 1470
The css_peer_alive() is calling.
Time: 09/25/25 15:46:17.630 - DEBUG *** file /home/cubrid/work/cubrid/src/connection/tcp.c, line 1470
The css_peer_alive() is calling.
Time: 09/25/25 15:46:22.634 - DEBUG *** file /home/cubrid/work/cubrid/src/connection/tcp.c, line 1470
The css_peer_alive() is calling.
Time: 09/25/25 15:46:27.637 - DEBUG *** file /home/cubrid/work/cubrid/src/connection/tcp.c, line 1470
The css_peer_alive() is calling.
Time: 09/25/25 15:46:32.642 - DEBUG *** file /home/cubrid/work/cubrid/src/connection/tcp.c, line 1470
The css_peer_alive() is calling.
Time: 09/25/25 15:46:34.488 - ERROR *** file Unknown from server, line -1 ERROR CODE = -670, Tran = 1, EID = 7
Operation would have caused one or more unique constraint violations. INDEX pk_t3_a(B+tree: 0|7232|7233) ON CLASS dba.t3(CLASS_OID: 0|210|4). key: 1(OID: 0|7297|2).

Time: 09/25/25 15:54:21.742 - DEBUG *** file /home/cubrid/work/cubrid/src/connection/tcp.c, line 1470
The css_peer_alive() is calling.
Time: 09/25/25 15:54:25.358 - ERROR *** file Unknown from server, line -1 ERROR CODE = -1302, Tran = 1, EID = 8
dblink - Cannot communicate with server[CAS INFO-192.168.2.193:33000,1,879547].

Time: 09/25/25 15:54:45.037 - ERROR *** file /home/cubrid/work/cubrid/src/object/trigger_manager.c, line 4664 ERROR CODE = -528, Tran = 1, EID = 9
Error evaluating action for "dba.tbl_before_insert_trg_03", dblink - Cannot communicate with server[CAS INFO-192.168.2.193:33000,1,879547].

*** The previous error message is the last one. ***


Time: 09/25/25 15:54:56.463 - DEBUG *** file /home/cubrid/work/cubrid/src/transaction/boot_cl.c, line 1655
trying to connect 'demodb@localhost'

Time: 09/25/25 15:54:56.463 - DEBUG *** file /home/cubrid/work/cubrid/src/transaction/boot_cl.c, line 1677
ping server with handshake

Time: 09/25/25 15:54:56.464 - NOTIFICATION *** file /home/cubrid/work/cubrid/src/transaction/boot_cl.c, line 1084  CODE = -971, Tran = -1, EID = 1
Program 'csql' (pid 942394) connected to database server 'demodb' on the host 'localhost' (port 1523).

Time: 09/25/25 15:54:56.464 - DEBUG *** file /home/cubrid/work/cubrid/src/transaction/boot_cl.c, line 1134
boot_restart_client: register client { type 2 db demodb user dba password (null) program csql login cubrid host bwkim192 pid 942394 }

Time: 09/25/25 15:56:11.548 - ERROR *** file Unknown from server, line -1 ERROR CODE = -670, Tran = 1, EID = 2
Operation would have caused one or more unique constraint violations. INDEX pk_t3_a(B+tree: 0|7232|7233) ON CLASS dba.t3(CLASS_OID: 0|210|4). key: 1(OID: 0|7297|2).

Time: 09/25/25 16:05:46.950 - ERROR *** file Unknown from server, line -1 ERROR CODE = -670, Tran = 1, EID = 3
Operation would have caused one or more unique constraint violations. INDEX pk_t3_a(B+tree: 0|7232|7233) ON CLASS dba.t3(CLASS_OID: 0|210|4). key: 1(OID: 0|7297|2).

Time: 09/25/25 16:05:56.995 - SYNTAX ERROR *** file /home/cubrid/work/cubrid/src/compat/db_vdb.c, line 1051 ERROR CODE = -492, Tran = 1, EID = 4
In line 1, column 1 before END OF STATEMENT
Syntax error: unexpected 'abort', expecting SELECT or VALUE or VALUES or '('

Time: 09/25/25 16:09:32.621 - ERROR *** file Unknown from server, line -1 ERROR CODE = -670, Tran = 1, EID = 5
Operation would have caused one or more unique constraint violations. INDEX pk_t3_a(B+tree: 0|7232|7233) ON CLASS dba.t3(CLASS_OID: 0|210|4). key: 1(OID: 0|7297|2).

Time: 09/25/25 16:10:03.838 - ERROR *** file Unknown from server, line -1 ERROR CODE = -670, Tran = 1, EID = 6
Operation would have caused one or more unique constraint violations. INDEX pk_t3_a(B+tree: 0|7232|7233) ON CLASS dba.t3(CLASS_OID: 0|210|4). key: 1(OID: 0|7297|2).

Time: 09/25/25 16:25:27.405 - ERROR *** file Unknown from server, line -1 ERROR CODE = -670, Tran = 1, EID = 7
Operation would have caused one or more unique constraint violations. INDEX pk_t3_a(B+tree: 0|7232|7233) ON CLASS dba.t3(CLASS_OID: 0|210|4). key: 1(OID: 0|7297|2).

*** The previous error message is the last one. ***


Time: 09/25/25 16:40:57.024 - DEBUG *** file /home/cubrid/work/cubrid/src/transaction/boot_cl.c, line 1655
trying to connect 'demodb@localhost'

Time: 09/25/25 16:40:57.024 - DEBUG *** file /home/cubrid/work/cubrid/src/transaction/boot_cl.c, line 1677
ping server with handshake

Time: 09/25/25 16:40:57.025 - NOTIFICATION *** file /home/cubrid/work/cubrid/src/transaction/boot_cl.c, line 1084  CODE = -971, Tran = -1, EID = 1
Program 'csql' (pid 942422) connected to database server 'demodb' on the host 'localhost' (port 1523).

Time: 09/25/25 16:40:57.025 - DEBUG *** file /home/cubrid/work/cubrid/src/transaction/boot_cl.c, line 1134
boot_restart_client: register client { type 2 db demodb user dba password (null) program csql login cubrid host bwkim192 pid 942422 }

Time: 09/25/25 16:41:51.846 - ERROR *** file Unknown from server, line -1 ERROR CODE = -670, Tran = 1, EID = 2
Operation would have caused one or more unique constraint violations. INDEX pk_t3_a(B+tree: 0|7232|7233) ON CLASS dba.t3(CLASS_OID: 0|210|4). key: 1(OID: 0|7297|2).

Time: 09/25/25 16:57:42.836 - ERROR *** file Unknown from server, line -1 ERROR CODE = -1367, Tran = 1, EID = 3
DBLINK Transaction ABORTED: Cannot communicate with server[CAS INFO-192.168.2.193:33000,1,879547].

*** The previous error message is the last one. ***


Time: 09/25/25 16:58:00.318 - DEBUG *** file /home/cubrid/work/cubrid/src/transaction/boot_cl.c, line 1655
trying to connect 'demodb@localhost'

Time: 09/25/25 16:58:00.318 - DEBUG *** file /home/cubrid/work/cubrid/src/transaction/boot_cl.c, line 1677
ping server with handshake

Time: 09/25/25 16:58:00.319 - NOTIFICATION *** file /home/cubrid/work/cubrid/src/transaction/boot_cl.c, line 1084  CODE = -971, Tran = -1, EID = 1
Program 'csql' (pid 942446) connected to database server 'demodb' on the host 'localhost' (port 1523).

Time: 09/25/25 16:58:00.319 - DEBUG *** file /home/cubrid/work/cubrid/src/transaction/boot_cl.c, line 1134
boot_restart_client: register client { type 2 db demodb user dba password (null) program csql login cubrid host bwkim192 pid 942446 }

Time: 09/25/25 16:58:21.944 - SYNTAX ERROR *** file /home/cubrid/work/cubrid/src/compat/db_vdb.c, line 1051 ERROR CODE = -492, Tran = 1, EID = 2
In line 1, column 17 before ', 2); '
Syntax error: unexpected '1', expecting SELECT or VALUE or VALUES

Time: 09/25/25 16:58:26.664 - SYNTAX ERROR *** file /home/cubrid/work/cubrid/src/parser/query_result.c, line 371 ERROR CODE = -493, Tran = 1, EID = 3
Syntax: before '  values (1, 2); '
Unknown class "dba.t4". insert into [dba.t4] values (1, 2)

Time: 09/25/25 16:58:26.664 - SYNTAX ERROR *** file /home/cubrid/work/cubrid/src/compat/db_vdb.c, line 1051 ERROR CODE = -492, Tran = 1, EID = 4
before '  values (1, 2); '
Unknown class "dba.t4".

Time: 09/25/25 16:59:36.315 - SYNTAX ERROR *** file /home/cubrid/work/cubrid/src/object/trigger_manager.c, line 1692 ERROR CODE = -540, Tran = 1, EID = 5
Unknown class "dba.t1"..

Time: 09/25/25 16:59:36.315 - ERROR *** file /home/cubrid/work/cubrid/src/object/trigger_manager.c, line 1697 ERROR CODE = -526, Tran = 1, EID = 6
Error compiling action for "dba.tbl_before_insert_trg_04", Unknown class "dba.t1".

Time: 09/25/25 17:00:49.340 - ERROR *** file Unknown from server, line -1 ERROR CODE = -670, Tran = 1, EID = 7
Operation would have caused one or more unique constraint violations. INDEX pk_t4_a(B+tree: 0|7360|7361) ON CLASS dba.t4(CLASS_OID: 0|210|5). key: 1(OID: 0|7425|2).

Time: 09/25/25 17:06:49.895 - ERROR *** file Unknown from server, line -1 ERROR CODE = -670, Tran = 1, EID = 8
Operation would have caused one or more unique constraint violations. INDEX pk_t3_a(B+tree: 0|7232|7233) ON CLASS dba.t3(CLASS_OID: 0|210|4). key: 1(OID: 0|7297|2).

Time: 09/25/25 17:12:39.377 - ERROR *** file Unknown from server, line -1 ERROR CODE = -670, Tran = 1, EID = 9
Operation would have caused one or more unique constraint violations. INDEX pk_t3_a(B+tree: 0|7232|7233) ON CLASS dba.t3(CLASS_OID: 0|210|4). key: 1(OID: 0|7297|2).

Time: 09/25/25 17:13:38.619 - ERROR *** file Unknown from server, line -1 ERROR CODE = -670, Tran = 1, EID = 10
Operation would have caused one or more unique constraint violations. INDEX pk_t3_a(B+tree: 0|7232|7233) ON CLASS dba.t3(CLASS_OID: 0|210|4). key: 1(OID: 0|7297|2).

Time: 09/25/25 17:18:10.860 - ERROR *** file Unknown from server, line -1 ERROR CODE = -670, Tran = 1, EID = 11
Operation would have caused one or more unique constraint violations. INDEX pk_t3_a(B+tree: 0|7232|7233) ON CLASS dba.t3(CLASS_OID: 0|210|4). key: 1(OID: 0|7297|2).

Time: 09/25/25 17:36:32.139 - ERROR *** file Unknown from server, line -1 ERROR CODE = -670, Tran = 1, EID = 12
Operation would have caused one or more unique constraint violations. INDEX pk_t3_a(B+tree: 0|7232|7233) ON CLASS dba.t3(CLASS_OID: 0|210|4). key: 1(OID: 0|7297|2).

*** The previous error message is the last one. ***


Time: 09/25/25 17:46:44.696 - DEBUG *** file /home/cubrid/work/cubrid/src/transaction/boot_cl.c, line 1655
trying to connect 'demodb@localhost'

Time: 09/25/25 17:46:44.696 - DEBUG *** file /home/cubrid/work/cubrid/src/connection/connection_support.c, line 427
css_readn: POLLHUP Invalid argument
Time: 09/25/25 17:46:44.696 - DEBUG *** file /home/cubrid/work/cubrid/src/transaction/boot_cl.c, line 1677
ping server with handshake

Time: 09/25/25 17:46:44.696 - ERROR *** file /home/cubrid/work/cubrid/src/communication/network_cl.c, line 3531 ERROR CODE = -191, Tran = -1, EID = 1
Cannot connect to server "demodb" on "localhost".

Time: 09/25/25 17:46:44.696 - DEBUG *** file /home/cubrid/work/cubrid/src/transaction/boot_cl.c, line 1707
error -191. try to connect to next host

Time: 09/25/25 17:46:44.696 - ERROR *** file /home/cubrid/work/cubrid/src/transaction/boot_cl.c, line 1739 ERROR CODE = -677, Tran = -1, EID = 2
Failed to connect to database server, 'demodb', on the following host(s): localhost

Time: 09/25/25 17:46:44.696 - DEBUG *** file /home/cubrid/work/cubrid/src/transaction/boot_cl.c, line 1080
boot_restart_client: boot_client_initialize_css () error -191

Time: 09/25/25 17:46:46.463 - DEBUG *** file /home/cubrid/work/cubrid/src/transaction/boot_cl.c, line 1655
trying to connect 'demodb@localhost'

Time: 09/25/25 17:46:46.463 - DEBUG *** file /home/cubrid/work/cubrid/src/transaction/boot_cl.c, line 1677
ping server with handshake

Time: 09/25/25 17:46:46.464 - NOTIFICATION *** file /home/cubrid/work/cubrid/src/transaction/boot_cl.c, line 1084  CODE = -971, Tran = -1, EID = 1
Program 'csql' (pid 944164) connected to database server 'demodb' on the host 'localhost' (port 1523).

Time: 09/25/25 17:46:46.464 - DEBUG *** file /home/cubrid/work/cubrid/src/transaction/boot_cl.c, line 1134
boot_restart_client: register client { type 2 db demodb user dba password (null) program csql login cubrid host bwkim192 pid 944164 }

Time: 09/25/25 17:47:04.276 - ERROR *** file Unknown from server, line -1 ERROR CODE = -670, Tran = 1, EID = 2
Operation would have caused one or more unique constraint violations. INDEX pk_t3_a(B+tree: 0|7232|7233) ON CLASS dba.t3(CLASS_OID: 0|210|4). key: 1(OID: 0|7297|2).

*** The previous error message is the last one. ***


Time: 09/26/25 08:36:05.247 - DEBUG *** file /home/cubrid/work/cubrid/src/transaction/boot_cl.c, line 1655
trying to connect 'demodb@localhost'

Time: 09/26/25 08:36:05.247 - DEBUG *** file /home/cubrid/work/cubrid/src/transaction/boot_cl.c, line 1677
ping server with handshake

Time: 09/26/25 08:36:05.247 - NOTIFICATION *** file /home/cubrid/work/cubrid/src/transaction/boot_cl.c, line 1084  CODE = -971, Tran = -1, EID = 1
Program 'csql' (pid 946235) connected to database server 'demodb' on the host 'localhost' (port 1523).

Time: 09/26/25 08:36:05.248 - DEBUG *** file /home/cubrid/work/cubrid/src/transaction/boot_cl.c, line 1134
boot_restart_client: register client { type 2 db demodb user dba password (null) program csql login cubrid host bwkim192 pid 946235 }

Time: 09/26/25 08:36:16.650 - DEBUG *** file /home/cubrid/work/cubrid/src/communication/network_interface_cl.c, line 7213
qmgr_execute_query requested: EXECUTION_WITHOUT_AUTOCOMMIT

Time: 09/26/25 08:36:46.847 - DEBUG *** file /home/cubrid/work/cubrid/src/communication/network_interface_cl.c, line 7209
qmgr_execute_query requested: EXECUTION_WITH_AUTOCOMMIT

Time: 09/26/25 08:37:46.945 - DEBUG *** file /home/cubrid/work/cubrid/src/transaction/boot_cl.c, line 1655
trying to connect 'demodb@localhost'

Time: 09/26/25 08:37:46.945 - DEBUG *** file /home/cubrid/work/cubrid/src/transaction/boot_cl.c, line 1677
ping server with handshake

Time: 09/26/25 08:37:46.946 - NOTIFICATION *** file /home/cubrid/work/cubrid/src/transaction/boot_cl.c, line 1084  CODE = -971, Tran = -1, EID = 1
Program 'csql' (pid 946558) connected to database server 'demodb' on the host 'localhost' (port 1523).

Time: 09/26/25 08:37:46.946 - DEBUG *** file /home/cubrid/work/cubrid/src/transaction/boot_cl.c, line 1134
boot_restart_client: register client { type 2 db demodb user dba password (null) program csql login cubrid host bwkim192 pid 946558 }

Time: 09/26/25 08:38:14.657 - ERROR *** file Unknown from server, line -1 ERROR CODE = -670, Tran = 1, EID = 2
Operation would have caused one or more unique constraint violations. INDEX pk_t3_a(B+tree: 0|7232|7233) ON CLASS dba.t3(CLASS_OID: 0|210|4). key: 1(OID: 0|7297|2).

*** The previous error message is the last one. ***


Time: 10/16/25 15:49:49.160 - DEBUG *** file /home/cubrid/work/cubrid/src/transaction/boot_cl.c, line 1655
trying to connect 'demodb@localhost'

Time: 10/16/25 15:49:49.160 - DEBUG *** file /home/cubrid/work/cubrid/src/transaction/boot_cl.c, line 1677
ping server with handshake

Time: 10/16/25 15:49:49.161 - NOTIFICATION *** file /home/cubrid/work/cubrid/src/transaction/boot_cl.c, line 1084  CODE = -971, Tran = -1, EID = 1
Program 'csql' (pid 1320005) connected to database server 'demodb' on the host 'localhost' (port 1523).

Time: 10/16/25 15:49:49.161 - DEBUG *** file /home/cubrid/work/cubrid/src/transaction/boot_cl.c, line 1134
boot_restart_client: register client { type 2 db demodb user dba password (null) program csql login cubrid host bwkim192 pid 1320005 }

Time: 10/16/25 15:50:06.414 - DEBUG *** file /home/cubrid/work/cubrid/src/communication/network_interface_cl.c, line 7213
qmgr_execute_query requested: EXECUTION_WITHOUT_AUTOCOMMIT

Time: 10/16/25 15:50:40.340 - DEBUG *** file /home/cubrid/work/cubrid/src/transaction/boot_cl.c, line 1655
trying to connect 'demodb@localhost'

Time: 10/16/25 15:50:40.340 - DEBUG *** file /home/cubrid/work/cubrid/src/transaction/boot_cl.c, line 1677
ping server with handshake

Time: 10/16/25 15:50:40.341 - NOTIFICATION *** file /home/cubrid/work/cubrid/src/transaction/boot_cl.c, line 1084  CODE = -971, Tran = -1, EID = 1
Program 'csql' (pid 1320321) connected to database server 'demodb' on the host 'localhost' (port 1523).

Time: 10/16/25 15:50:40.341 - DEBUG *** file /home/cubrid/work/cubrid/src/transaction/boot_cl.c, line 1134
boot_restart_client: register client { type 2 db demodb user dba password (null) program csql login cubrid host bwkim192 pid 1320321 }

Time: 10/16/25 17:01:38.143 - DEBUG *** file /home/cubrid/work/cubrid/src/connection/connection_support.c, line 961
css_vector_send: POLLHUP Invalid argument

Time: 10/16/25 17:01:38.143 - ERROR *** file /home/cubrid/work/cubrid/src/communication/network_cl.c, line 158 ERROR CODE = -199, Tran = 1, EID = 2
Server no longer responding.... Invalid argument

Time: 10/16/25 17:01:38.143 - DEBUG *** file /home/cubrid/work/cubrid/src/communication/network_cl.c, line 162
set_server_error(5) server_error -199

Time: 10/16/25 17:01:38.143 - ERROR *** file /home/cubrid/work/cubrid/src/transaction/transaction_cl.c, line 600 ERROR CODE = -111, Tran = 1, EID = 3
Your transaction has been aborted by the system due to server failure or mode change.

Time: 10/16/25 17:01:38.143 - ERROR *** file /home/cubrid/work/cubrid/src/compat/db_admin.c, line 1175 ERROR CODE = -224, Tran = -1, EID = 4
A database has not been restarted.

Time: 10/16/25 17:01:38.143 - ERROR *** file /home/cubrid/work/cubrid/src/compat/db_admin.c, line 1217 ERROR CODE = -224, Tran = -1, EID = 5
A database has not been restarted.

Time: 10/16/25 17:01:38.143 - ERROR *** file /home/cubrid/work/cubrid/src/compat/db_admin.c, line 1067 ERROR CODE = -224, Tran = -1, EID = 6
A database has not been restarted.

*** The previous error message is the last one. ***


Time: 10/17/25 09:04:10.686 - DEBUG *** file /home/cubrid/work/cubrid/src/transaction/boot_cl.c, line 1655
trying to connect 'demodb@localhost'

Time: 10/17/25 09:04:10.686 - ERROR *** file /home/cubrid/work/cubrid/src/connection/connection_cl.c, line 771 ERROR CODE = -353, Tran = -1, EID = 1
Cannot make connection to master server on host "localhost".... Connection refused

Time: 10/17/25 09:04:10.686 - DEBUG *** file /home/cubrid/work/cubrid/src/transaction/boot_cl.c, line 1707
error -353. try to connect to next host

Time: 10/17/25 09:04:10.686 - ERROR *** file /home/cubrid/work/cubrid/src/transaction/boot_cl.c, line 1739 ERROR CODE = -677, Tran = -1, EID = 2
Failed to connect to database server, 'demodb', on the following host(s): localhost

Time: 10/17/25 09:04:10.686 - DEBUG *** file /home/cubrid/work/cubrid/src/transaction/boot_cl.c, line 1080
boot_restart_client: boot_client_initialize_css () error -353

Time: 10/17/25 09:04:20.442 - DEBUG *** file /home/cubrid/work/cubrid/src/transaction/boot_cl.c, line 1655
trying to connect 'demodb@localhost'

Time: 10/17/25 09:04:20.443 - DEBUG *** file /home/cubrid/work/cubrid/src/transaction/boot_cl.c, line 1677
ping server with handshake

Time: 10/17/25 09:04:20.443 - NOTIFICATION *** file /home/cubrid/work/cubrid/src/transaction/boot_cl.c, line 1084  CODE = -971, Tran = -1, EID = 1
Program 'csql' (pid 1321110) connected to database server 'demodb' on the host 'localhost' (port 1523).

Time: 10/17/25 09:04:20.443 - DEBUG *** file /home/cubrid/work/cubrid/src/transaction/boot_cl.c, line 1134
boot_restart_client: register client { type 2 db demodb user dba password (null) program csql login cubrid host bwkim192 pid 1321110 }

Time: 10/17/25 09:05:14.574 - SYNTAX ERROR *** file /home/cubrid/work/cubrid/src/compat/db_vdb.c, line 1051 ERROR CODE = -492, Tran = 1, EID = 2
invalid create trigger
  CREATE TRIGGER identifier {STATE [ACTIVE|INACTIVE]} {PRIORITY unsigned_real}
    [BEFORE|AFTER|DEFERRED] event_spec {IF trigger_condition}
    EXECUTE {AFTER|DEFERRED} trigger_action

Time: 10/17/25 09:05:33.516 - SYNTAX ERROR *** file /home/cubrid/work/cubrid/src/compat/db_vdb.c, line 1051 ERROR CODE = -492, Tran = 1, EID = 3
invalid create trigger
  CREATE TRIGGER identifier {STATE [ACTIVE|INACTIVE]} {PRIORITY unsigned_real}
    [BEFORE|AFTER|DEFERRED] event_spec {IF trigger_condition}
    EXECUTE {AFTER|DEFERRED} trigger_action

Time: 10/17/25 09:07:14.220 - DEBUG *** file /home/cubrid/work/cubrid/src/communication/network_interface_cl.c, line 7209
qmgr_execute_query requested: EXECUTION_WITH_AUTOCOMMIT

Time: 10/17/25 09:07:28.595 - DEBUG *** file /home/cubrid/work/cubrid/src/communication/network_interface_cl.c, line 7213
qmgr_execute_query requested: EXECUTION_WITHOUT_AUTOCOMMIT

Time: 10/17/25 09:08:35.681 - DEBUG *** file /home/cubrid/work/cubrid/src/communication/network_interface_cl.c, line 7209
qmgr_execute_query requested: EXECUTION_WITH_AUTOCOMMIT

Time: 10/17/25 09:15:58.376 - DEBUG *** file /home/cubrid/work/cubrid/src/communication/network_interface_cl.c, line 7209
qmgr_execute_query requested: EXECUTION_WITH_AUTOCOMMIT

Time: 10/17/25 09:17:48.853 - DEBUG *** file /home/cubrid/work/cubrid/src/communication/network_interface_cl.c, line 7213
qmgr_execute_query requested: EXECUTION_WITHOUT_AUTOCOMMIT

Time: 10/21/25 09:51:08.477 - DEBUG *** file /home/cubrid/work/cubrid/src/transaction/boot_cl.c, line 1655
trying to connect 'demodb@localhost'

Time: 10/21/25 09:51:08.477 - DEBUG *** file /home/cubrid/work/cubrid/src/transaction/boot_cl.c, line 1677
ping server with handshake

Time: 10/21/25 09:51:08.477 - NOTIFICATION *** file /home/cubrid/work/cubrid/src/transaction/boot_cl.c, line 1084  CODE = -971, Tran = -1, EID = 1
Program 'csql' (pid 1344190) connected to database server 'demodb' on the host 'localhost' (port 1523).

Time: 10/21/25 09:51:08.478 - DEBUG *** file /home/cubrid/work/cubrid/src/transaction/boot_cl.c, line 1134
boot_restart_client: register client { type 2 db demodb user dba password (null) program csql login cubrid host bwkim192 pid 1344190 }

Time: 10/21/25 09:51:31.609 - SYNTAX ERROR *** file /home/cubrid/work/cubrid/src/object/trigger_manager.c, line 1692 ERROR CODE = -540, Tran = 1, EID = 2
Class ([dba.tbl1]) does not have attribute col1..

Time: 10/21/25 09:51:31.609 - ERROR *** file /home/cubrid/work/cubrid/src/object/trigger_manager.c, line 1697 ERROR CODE = -526, Tran = 1, EID = 3
Error compiling action for "dba.delete_trg_tbl1_01", Class ([dba.tbl1]) does not have attribute col1.

*** The previous error message is the last one. ***


Time: 10/21/25 09:54:56.933 - DEBUG *** file /home/cubrid/work/cubrid/src/transaction/boot_cl.c, line 1655
trying to connect 'demodb@localhost'

Time: 10/21/25 09:54:56.933 - DEBUG *** file /home/cubrid/work/cubrid/src/transaction/boot_cl.c, line 1677
ping server with handshake

Time: 10/21/25 09:54:56.933 - NOTIFICATION *** file /home/cubrid/work/cubrid/src/transaction/boot_cl.c, line 1084  CODE = -971, Tran = -1, EID = 1
Program 'csql' (pid 1345862) connected to database server 'demodb' on the host 'localhost' (port 1523).

Time: 10/21/25 09:54:56.934 - DEBUG *** file /home/cubrid/work/cubrid/src/transaction/boot_cl.c, line 1134
boot_restart_client: register client { type 2 db demodb user dba password (null) program csql login cubrid host bwkim192 pid 1345862 }

Time: 10/21/25 09:57:20.684 - DEBUG *** file /home/cubrid/work/cubrid/src/communication/network_interface_cl.c, line 7209
qmgr_execute_query requested: EXECUTION_WITH_AUTOCOMMIT

Time: 10/21/25 09:57:20.692 - ERROR *** file Unknown from server, line -1 ERROR CODE = -1302, Tran = 1, EID = 2
dblink - Semantic: before ' =1000'
Attribute "tbl1" was not found. delete tbl from [dba.t1] tbl where =1000[CAS INFO-192.168.2.193:33000,1,1040733].

Time: 10/21/25 09:57:25.993 - DEBUG *** file /home/cubrid/work/cubrid/src/communication/network_interface_cl.c, line 7209
qmgr_execute_query requested: EXECUTION_WITH_AUTOCOMMIT

Time: 10/21/25 16:09:39.427 - DEBUG *** file /home/cubrid/work/cubrid/src/transaction/boot_cl.c, line 1655
trying to connect 'demodb@localhost'

Time: 10/21/25 16:09:39.428 - DEBUG *** file /home/cubrid/work/cubrid/src/transaction/boot_cl.c, line 1677
ping server with handshake

Time: 10/21/25 16:09:39.428 - NOTIFICATION *** file /home/cubrid/work/cubrid/src/transaction/boot_cl.c, line 1084  CODE = -971, Tran = -1, EID = 1
Program 'csql' (pid 1348884) connected to database server 'demodb' on the host 'localhost' (port 1523).

Time: 10/21/25 16:09:39.428 - DEBUG *** file /home/cubrid/work/cubrid/src/transaction/boot_cl.c, line 1134
boot_restart_client: register client { type 2 db demodb user dba password (null) program csql login cubrid host bwkim192 pid 1348884 }

Time: 10/21/25 16:10:54.068 - DEBUG *** file /home/cubrid/work/cubrid/src/connection/tcp.c, line 1470
The css_peer_alive() is calling.
Time: 10/21/25 16:10:59.074 - DEBUG *** file /home/cubrid/work/cubrid/src/connection/tcp.c, line 1470
The css_peer_alive() is calling.
Time: 10/21/25 16:11:04.079 - DEBUG *** file /home/cubrid/work/cubrid/src/connection/tcp.c, line 1470
The css_peer_alive() is calling.
Time: 10/21/25 16:11:09.084 - DEBUG *** file /home/cubrid/work/cubrid/src/connection/tcp.c, line 1470
The css_peer_alive() is calling.
Time: 10/21/25 16:11:14.089 - DEBUG *** file /home/cubrid/work/cubrid/src/connection/tcp.c, line 1470
The css_peer_alive() is calling.
Time: 10/22/25 13:13:12.074 - DEBUG *** file /home/cubrid/work/cubrid/src/transaction/boot_cl.c, line 1655
trying to connect 'demodb@localhost'

Time: 10/22/25 13:13:12.074 - DEBUG *** file /home/cubrid/work/cubrid/src/transaction/boot_cl.c, line 1677
ping server with handshake

Time: 10/22/25 13:13:12.075 - NOTIFICATION *** file /home/cubrid/work/cubrid/src/transaction/boot_cl.c, line 1084  CODE = -971, Tran = -1, EID = 1
Program 'csql' (pid 1392672) connected to database server 'demodb' on the host 'localhost' (port 1523).

Time: 10/22/25 13:13:12.075 - DEBUG *** file /home/cubrid/work/cubrid/src/transaction/boot_cl.c, line 1134
boot_restart_client: register client { type 2 db demodb user dba password (null) program csql login cubrid host bwkim192 pid 1392672 }

Time: 10/22/25 13:14:01.283 - DEBUG *** file /home/cubrid/work/cubrid/src/communication/network_interface_cl.c, line 7209
qmgr_execute_query requested: EXECUTION_WITH_AUTOCOMMIT

Time: 10/28/25 13:32:52.483 - DEBUG *** file /home/cubrid/work/cubrid/src/transaction/boot_cl.c, line 1655
trying to connect 'demodb@localhost'

Time: 10/28/25 13:32:52.484 - DEBUG *** file /home/cubrid/work/cubrid/src/transaction/boot_cl.c, line 1677
ping server with handshake

Time: 10/28/25 13:32:52.485 - NOTIFICATION *** file /home/cubrid/work/cubrid/src/transaction/boot_cl.c, line 1084  CODE = -971, Tran = -1, EID = 1
Program 'csql' (pid 1396338) connected to database server 'demodb' on the host 'localhost' (port 1523).

Time: 10/28/25 13:32:52.487 - DEBUG *** file /home/cubrid/work/cubrid/src/transaction/boot_cl.c, line 1134
boot_restart_client: register client { type 2 db demodb user dba password (null) program csql login cubrid host bwkim192 pid 1396338 }

Time: 10/28/25 13:33:01.808 - DEBUG *** file /home/cubrid/work/cubrid/src/communication/network_interface_cl.c, line 7209
qmgr_execute_query requested: EXECUTION_WITH_AUTOCOMMIT

Time: 11/14/25 13:16:44.025 - DEBUG *** file /home/cubrid/work/cubrid/src/transaction/boot_cl.c, line 1666
trying to connect 'demodb@localhost'

Time: 11/14/25 13:16:44.025 - DEBUG *** file /home/cubrid/work/cubrid/src/transaction/boot_cl.c, line 1688
ping server with handshake

Time: 11/14/25 13:16:44.026 - NOTIFICATION *** file /home/cubrid/work/cubrid/src/transaction/boot_cl.c, line 1084  CODE = -971, Tran = -1, EID = 1
Program 'csql' (pid 1479531) connected to database server 'demodb' on the host 'localhost' (port 1523).

Time: 11/14/25 13:16:44.027 - DEBUG *** file /home/cubrid/work/cubrid/src/transaction/boot_cl.c, line 1134
boot_restart_client: register client { type 2 db demodb user dba password (null) program csql login cubrid host bwkim192 pid 1479531 }

Time: 11/14/25 13:18:16.859 - DEBUG *** file /home/cubrid/work/cubrid/src/connection/tcp.c, line 1470
The css_peer_alive() is calling.
Time: 11/14/25 13:18:21.864 - DEBUG *** file /home/cubrid/work/cubrid/src/connection/tcp.c, line 1470
The css_peer_alive() is calling.
Time: 11/14/25 13:18:26.864 - DEBUG *** file /home/cubrid/work/cubrid/src/connection/tcp.c, line 1470
The css_peer_alive() is calling.
Time: 11/14/25 13:18:31.866 - DEBUG *** file /home/cubrid/work/cubrid/src/connection/tcp.c, line 1470
The css_peer_alive() is calling.
Time: 11/14/25 13:18:36.871 - DEBUG *** file /home/cubrid/work/cubrid/src/connection/tcp.c, line 1470
The css_peer_alive() is calling.
Time: 11/14/25 13:18:41.876 - DEBUG *** file /home/cubrid/work/cubrid/src/connection/tcp.c, line 1470
The css_peer_alive() is calling.
Time: 11/14/25 13:18:46.878 - DEBUG *** file /home/cubrid/work/cubrid/src/connection/tcp.c, line 1470
The css_peer_alive() is calling.
Time: 11/14/25 13:18:51.880 - DEBUG *** file /home/cubrid/work/cubrid/src/connection/tcp.c, line 1470
The css_peer_alive() is calling.
Time: 11/14/25 13:18:56.882 - DEBUG *** file /home/cubrid/work/cubrid/src/connection/tcp.c, line 1470
The css_peer_alive() is calling.
Time: 11/14/25 13:19:01.889 - DEBUG *** file /home/cubrid/work/cubrid/src/connection/tcp.c, line 1470
The css_peer_alive() is calling.
Time: 11/14/25 13:19:06.894 - DEBUG *** file /home/cubrid/work/cubrid/src/connection/tcp.c, line 1470
The css_peer_alive() is calling.
Time: 11/14/25 13:19:11.894 - DEBUG *** file /home/cubrid/work/cubrid/src/connection/tcp.c, line 1470
The css_peer_alive() is calling.
Time: 11/14/25 13:19:16.898 - DEBUG *** file /home/cubrid/work/cubrid/src/connection/tcp.c, line 1470
The css_peer_alive() is calling.
Time: 11/14/25 13:19:21.903 - DEBUG *** file /home/cubrid/work/cubrid/src/connection/tcp.c, line 1470
The css_peer_alive() is calling.
Time: 11/14/25 13:19:26.908 - DEBUG *** file /home/cubrid/work/cubrid/src/connection/tcp.c, line 1470
The css_peer_alive() is calling.
Time: 11/14/25 13:19:31.914 - DEBUG *** file /home/cubrid/work/cubrid/src/connection/tcp.c, line 1470
The css_peer_alive() is calling.
Time: 11/14/25 13:19:36.919 - DEBUG *** file /home/cubrid/work/cubrid/src/connection/tcp.c, line 1470
The css_peer_alive() is calling.
Time: 11/14/25 13:19:41.921 - DEBUG *** file /home/cubrid/work/cubrid/src/connection/tcp.c, line 1470
The css_peer_alive() is calling.
Time: 11/14/25 13:19:46.926 - DEBUG *** file /home/cubrid/work/cubrid/src/connection/tcp.c, line 1470
The css_peer_alive() is calling.
Time: 11/14/25 13:19:51.931 - DEBUG *** file /home/cubrid/work/cubrid/src/connection/tcp.c, line 1470
The css_peer_alive() is calling.
Time: 11/14/25 13:19:56.936 - DEBUG *** file /home/cubrid/work/cubrid/src/connection/tcp.c, line 1470
The css_peer_alive() is calling.
Time: 11/14/25 13:20:01.941 - DEBUG *** file /home/cubrid/work/cubrid/src/connection/tcp.c, line 1470
The css_peer_alive() is calling.
Time: 11/14/25 13:20:06.947 - DEBUG *** file /home/cubrid/work/cubrid/src/connection/tcp.c, line 1470
The css_peer_alive() is calling.
Time: 11/14/25 13:20:11.952 - DEBUG *** file /home/cubrid/work/cubrid/src/connection/tcp.c, line 1470
The css_peer_alive() is calling.
Time: 11/14/25 13:20:16.957 - DEBUG *** file /home/cubrid/work/cubrid/src/connection/tcp.c, line 1470
The css_peer_alive() is calling.
Time: 11/14/25 13:20:21.960 - DEBUG *** file /home/cubrid/work/cubrid/src/connection/tcp.c, line 1470
The css_peer_alive() is calling.
Time: 11/14/25 13:20:26.962 - DEBUG *** file /home/cubrid/work/cubrid/src/connection/tcp.c, line 1470
The css_peer_alive() is calling.
Time: 11/14/25 13:20:31.967 - DEBUG *** file /home/cubrid/work/cubrid/src/connection/tcp.c, line 1470
The css_peer_alive() is calling.
Time: 11/14/25 13:20:36.969 - DEBUG *** file /home/cubrid/work/cubrid/src/connection/tcp.c, line 1470
The css_peer_alive() is calling.
Time: 11/14/25 13:20:41.974 - DEBUG *** file /home/cubrid/work/cubrid/src/connection/tcp.c, line 1470
The css_peer_alive() is calling.
Time: 11/14/25 13:20:46.979 - DEBUG *** file /home/cubrid/work/cubrid/src/connection/tcp.c, line 1470
The css_peer_alive() is calling.
Time: 11/14/25 13:20:51.981 - DEBUG *** file /home/cubrid/work/cubrid/src/connection/tcp.c, line 1470
The css_peer_alive() is calling.
Time: 11/14/25 13:20:56.986 - DEBUG *** file /home/cubrid/work/cubrid/src/connection/tcp.c, line 1470
The css_peer_alive() is calling.
Time: 11/14/25 13:21:01.992 - DEBUG *** file /home/cubrid/work/cubrid/src/connection/tcp.c, line 1470
The css_peer_alive() is calling.
Time: 11/14/25 13:21:06.994 - DEBUG *** file /home/cubrid/work/cubrid/src/connection/tcp.c, line 1470
The css_peer_alive() is calling.
Time: 11/14/25 13:21:11.995 - DEBUG *** file /home/cubrid/work/cubrid/src/connection/tcp.c, line 1470
The css_peer_alive() is calling.
Time: 11/14/25 13:21:17.001 - DEBUG *** file /home/cubrid/work/cubrid/src/connection/tcp.c, line 1470
The css_peer_alive() is calling.
Time: 11/14/25 13:21:22.006 - DEBUG *** file /home/cubrid/work/cubrid/src/connection/tcp.c, line 1470
The css_peer_alive() is calling.
Time: 11/14/25 13:21:27.011 - DEBUG *** file /home/cubrid/work/cubrid/src/connection/tcp.c, line 1470
The css_peer_alive() is calling.
Time: 11/14/25 13:21:32.012 - DEBUG *** file /home/cubrid/work/cubrid/src/connection/tcp.c, line 1470
The css_peer_alive() is calling.
Time: 11/14/25 13:21:37.016 - DEBUG *** file /home/cubrid/work/cubrid/src/connection/tcp.c, line 1470
The css_peer_alive() is calling.
Time: 11/14/25 13:21:42.020 - DEBUG *** file /home/cubrid/work/cubrid/src/connection/tcp.c, line 1470
The css_peer_alive() is calling.
Time: 11/14/25 13:21:47.024 - DEBUG *** file /home/cubrid/work/cubrid/src/connection/tcp.c, line 1470
The css_peer_alive() is calling.
Time: 11/14/25 13:21:52.024 - DEBUG *** file /home/cubrid/work/cubrid/src/connection/tcp.c, line 1470
The css_peer_alive() is calling.
Time: 11/14/25 13:21:57.029 - DEBUG *** file /home/cubrid/work/cubrid/src/connection/tcp.c, line 1470
The css_peer_alive() is calling.
Time: 11/14/25 13:22:02.031 - DEBUG *** file /home/cubrid/work/cubrid/src/connection/tcp.c, line 1470
The css_peer_alive() is calling.
Time: 11/14/25 13:22:07.032 - DEBUG *** file /home/cubrid/work/cubrid/src/connection/tcp.c, line 1470
The css_peer_alive() is calling.
Time: 11/14/25 13:22:12.038 - DEBUG *** file /home/cubrid/work/cubrid/src/connection/tcp.c, line 1470
The css_peer_alive() is calling.
Time: 11/14/25 13:22:17.038 - DEBUG *** file /home/cubrid/work/cubrid/src/connection/tcp.c, line 1470
The css_peer_alive() is calling.
Time: 11/14/25 13:22:22.040 - DEBUG *** file /home/cubrid/work/cubrid/src/connection/tcp.c, line 1470
The css_peer_alive() is calling.
Time: 11/14/25 13:22:27.043 - DEBUG *** file /home/cubrid/work/cubrid/src/connection/tcp.c, line 1470
The css_peer_alive() is calling.
Time: 11/14/25 13:22:32.048 - DEBUG *** file /home/cubrid/work/cubrid/src/connection/tcp.c, line 1470
The css_peer_alive() is calling.
Time: 11/14/25 13:22:37.051 - DEBUG *** file /home/cubrid/work/cubrid/src/connection/tcp.c, line 1470
The css_peer_alive() is calling.
Time: 11/14/25 13:22:42.051 - DEBUG *** file /home/cubrid/work/cubrid/src/connection/tcp.c, line 1470
The css_peer_alive() is calling.
Time: 11/14/25 13:22:47.054 - DEBUG *** file /home/cubrid/work/cubrid/src/connection/tcp.c, line 1470
The css_peer_alive() is calling.
Time: 11/14/25 13:22:52.059 - DEBUG *** file /home/cubrid/work/cubrid/src/connection/tcp.c, line 1470
The css_peer_alive() is calling.
Time: 11/14/25 13:22:57.064 - DEBUG *** file /home/cubrid/work/cubrid/src/connection/tcp.c, line 1470
The css_peer_alive() is calling.
Time: 11/14/25 13:23:02.069 - DEBUG *** file /home/cubrid/work/cubrid/src/connection/tcp.c, line 1470
The css_peer_alive() is calling.
Time: 11/14/25 13:23:07.073 - DEBUG *** file /home/cubrid/work/cubrid/src/connection/tcp.c, line 1470
The css_peer_alive() is calling.
Time: 11/14/25 13:23:12.078 - DEBUG *** file /home/cubrid/work/cubrid/src/connection/tcp.c, line 1470
The css_peer_alive() is calling.
Time: 11/14/25 13:23:17.084 - DEBUG *** file /home/cubrid/work/cubrid/src/connection/tcp.c, line 1470
The css_peer_alive() is calling.
Time: 11/14/25 13:23:22.084 - DEBUG *** file /home/cubrid/work/cubrid/src/connection/tcp.c, line 1470
The css_peer_alive() is calling.
Time: 11/14/25 13:23:27.089 - DEBUG *** file /home/cubrid/work/cubrid/src/connection/tcp.c, line 1470
The css_peer_alive() is calling.
Time: 11/14/25 13:23:32.093 - DEBUG *** file /home/cubrid/work/cubrid/src/connection/tcp.c, line 1470
The css_peer_alive() is calling.
Time: 11/14/25 13:23:37.096 - DEBUG *** file /home/cubrid/work/cubrid/src/connection/tcp.c, line 1470
The css_peer_alive() is calling.
Time: 11/14/25 13:23:42.101 - DEBUG *** file /home/cubrid/work/cubrid/src/connection/tcp.c, line 1470
The css_peer_alive() is calling.
Time: 11/14/25 13:23:47.106 - DEBUG *** file /home/cubrid/work/cubrid/src/connection/tcp.c, line 1470
The css_peer_alive() is calling.
Time: 11/14/25 13:23:52.111 - DEBUG *** file /home/cubrid/work/cubrid/src/connection/tcp.c, line 1470
The css_peer_alive() is calling.
Time: 11/14/25 13:23:57.116 - DEBUG *** file /home/cubrid/work/cubrid/src/connection/tcp.c, line 1470
The css_peer_alive() is calling.
Time: 11/14/25 13:24:02.121 - DEBUG *** file /home/cubrid/work/cubrid/src/connection/tcp.c, line 1470
The css_peer_alive() is calling.
Time: 11/14/25 13:24:07.126 - DEBUG *** file /home/cubrid/work/cubrid/src/connection/tcp.c, line 1470
The css_peer_alive() is calling.
Time: 11/14/25 13:24:12.131 - DEBUG *** file /home/cubrid/work/cubrid/src/connection/tcp.c, line 1470
The css_peer_alive() is calling.
Time: 11/14/25 13:24:17.134 - DEBUG *** file /home/cubrid/work/cubrid/src/connection/tcp.c, line 1470
The css_peer_alive() is calling.
Time: 11/14/25 13:24:22.139 - DEBUG *** file /home/cubrid/work/cubrid/src/connection/tcp.c, line 1470
The css_peer_alive() is calling.
Time: 11/14/25 13:24:27.141 - DEBUG *** file /home/cubrid/work/cubrid/src/connection/tcp.c, line 1470
The css_peer_alive() is calling.
Time: 11/14/25 13:24:32.146 - DEBUG *** file /home/cubrid/work/cubrid/src/connection/tcp.c, line 1470
The css_peer_alive() is calling.
Time: 11/14/25 13:24:37.146 - DEBUG *** file /home/cubrid/work/cubrid/src/connection/tcp.c, line 1470
The css_peer_alive() is calling.
Time: 11/14/25 13:24:42.151 - DEBUG *** file /home/cubrid/work/cubrid/src/connection/tcp.c, line 1470
The css_peer_alive() is calling.
Time: 11/14/25 13:24:47.157 - DEBUG *** file /home/cubrid/work/cubrid/src/connection/tcp.c, line 1470
The css_peer_alive() is calling.
Time: 11/14/25 13:24:52.157 - DEBUG *** file /home/cubrid/work/cubrid/src/connection/tcp.c, line 1470
The css_peer_alive() is calling.
Time: 11/14/25 13:24:57.162 - DEBUG *** file /home/cubrid/work/cubrid/src/connection/tcp.c, line 1470
The css_peer_alive() is calling.
Time: 11/14/25 13:25:02.165 - DEBUG *** file /home/cubrid/work/cubrid/src/connection/tcp.c, line 1470
The css_peer_alive() is calling.
Time: 11/14/25 13:25:07.171 - DEBUG *** file /home/cubrid/work/cubrid/src/connection/tcp.c, line 1470
The css_peer_alive() is calling.
Time: 11/14/25 13:25:12.176 - DEBUG *** file /home/cubrid/work/cubrid/src/connection/tcp.c, line 1470
The css_peer_alive() is calling.
Time: 11/14/25 13:25:17.181 - DEBUG *** file /home/cubrid/work/cubrid/src/connection/tcp.c, line 1470
The css_peer_alive() is calling.
Time: 11/14/25 13:25:22.187 - DEBUG *** file /home/cubrid/work/cubrid/src/connection/tcp.c, line 1470
The css_peer_alive() is calling.
Time: 11/14/25 13:25:27.192 - DEBUG *** file /home/cubrid/work/cubrid/src/connection/tcp.c, line 1470
The css_peer_alive() is calling.
Time: 11/14/25 13:25:32.194 - DEBUG *** file /home/cubrid/work/cubrid/src/connection/tcp.c, line 1470
The css_peer_alive() is calling.
Time: 11/14/25 13:25:37.199 - DEBUG *** file /home/cubrid/work/cubrid/src/connection/tcp.c, line 1470
The css_peer_alive() is calling.
Time: 11/14/25 13:25:42.199 - DEBUG *** file /home/cubrid/work/cubrid/src/connection/tcp.c, line 1470
The css_peer_alive() is calling.
Time: 11/14/25 13:25:47.200 - DEBUG *** file /home/cubrid/work/cubrid/src/connection/tcp.c, line 1470
The css_peer_alive() is calling.
Time: 11/14/25 13:25:52.202 - DEBUG *** file /home/cubrid/work/cubrid/src/connection/tcp.c, line 1470
The css_peer_alive() is calling.
Time: 11/14/25 13:25:57.206 - DEBUG *** file /home/cubrid/work/cubrid/src/connection/tcp.c, line 1470
The css_peer_alive() is calling.
Time: 11/14/25 13:26:02.211 - DEBUG *** file /home/cubrid/work/cubrid/src/connection/tcp.c, line 1470
The css_peer_alive() is calling.
Time: 11/14/25 13:26:07.217 - DEBUG *** file /home/cubrid/work/cubrid/src/connection/tcp.c, line 1470
The css_peer_alive() is calling.
Time: 11/14/25 13:26:12.222 - DEBUG *** file /home/cubrid/work/cubrid/src/connection/tcp.c, line 1470
The css_peer_alive() is calling.
Time: 11/14/25 13:26:17.226 - DEBUG *** file /home/cubrid/work/cubrid/src/connection/tcp.c, line 1470
The css_peer_alive() is calling.
Time: 11/14/25 13:26:22.231 - DEBUG *** file /home/cubrid/work/cubrid/src/connection/tcp.c, line 1470
The css_peer_alive() is calling.
Time: 11/14/25 13:26:27.233 - DEBUG *** file /home/cubrid/work/cubrid/src/connection/tcp.c, line 1470
The css_peer_alive() is calling.
Time: 11/14/25 13:26:32.235 - DEBUG *** file /home/cubrid/work/cubrid/src/connection/tcp.c, line 1470
The css_peer_alive() is calling.
Time: 11/14/25 13:26:37.238 - DEBUG *** file /home/cubrid/work/cubrid/src/connection/tcp.c, line 1470
The css_peer_alive() is calling.
Time: 11/14/25 13:26:42.243 - DEBUG *** file /home/cubrid/work/cubrid/src/connection/tcp.c, line 1470
The css_peer_alive() is calling.
Time: 11/14/25 13:26:47.248 - DEBUG *** file /home/cubrid/work/cubrid/src/connection/tcp.c, line 1470
The css_peer_alive() is calling.
Time: 11/14/25 13:26:52.253 - DEBUG *** file /home/cubrid/work/cubrid/src/connection/tcp.c, line 1470
The css_peer_alive() is calling.
Time: 11/14/25 13:26:57.258 - DEBUG *** file /home/cubrid/work/cubrid/src/connection/tcp.c, line 1470
The css_peer_alive() is calling.
Time: 11/14/25 13:27:02.258 - DEBUG *** file /home/cubrid/work/cubrid/src/connection/tcp.c, line 1470
The css_peer_alive() is calling.
Time: 11/14/25 13:27:07.263 - DEBUG *** file /home/cubrid/work/cubrid/src/connection/tcp.c, line 1470
The css_peer_alive() is calling.
Time: 11/14/25 13:27:12.269 - DEBUG *** file /home/cubrid/work/cubrid/src/connection/tcp.c, line 1470
The css_peer_alive() is calling.
Time: 11/14/25 13:27:17.274 - DEBUG *** file /home/cubrid/work/cubrid/src/connection/tcp.c, line 1470
The css_peer_alive() is calling.
Time: 11/14/25 13:27:22.279 - DEBUG *** file /home/cubrid/work/cubrid/src/connection/tcp.c, line 1470
The css_peer_alive() is calling.
Time: 11/14/25 13:27:27.284 - DEBUG *** file /home/cubrid/work/cubrid/src/connection/tcp.c, line 1470
The css_peer_alive() is calling.
Time: 11/14/25 13:27:32.289 - DEBUG *** file /home/cubrid/work/cubrid/src/connection/tcp.c, line 1470
The css_peer_alive() is calling.
Time: 11/14/25 13:27:37.294 - DEBUG *** file /home/cubrid/work/cubrid/src/connection/tcp.c, line 1470
The css_peer_alive() is calling.
Time: 11/14/25 13:27:42.299 - DEBUG *** file /home/cubrid/work/cubrid/src/connection/tcp.c, line 1470
The css_peer_alive() is calling.
Time: 11/14/25 13:27:47.304 - DEBUG *** file /home/cubrid/work/cubrid/src/connection/tcp.c, line 1470
The css_peer_alive() is calling.
Time: 11/14/25 13:27:52.309 - DEBUG *** file /home/cubrid/work/cubrid/src/connection/tcp.c, line 1470
The css_peer_alive() is calling.
Time: 11/14/25 13:27:57.314 - DEBUG *** file /home/cubrid/work/cubrid/src/connection/tcp.c, line 1470
The css_peer_alive() is calling.
Time: 11/14/25 13:28:02.320 - DEBUG *** file /home/cubrid/work/cubrid/src/connection/tcp.c, line 1470
The css_peer_alive() is calling.
Time: 11/14/25 13:28:07.325 - DEBUG *** file /home/cubrid/work/cubrid/src/connection/tcp.c, line 1470
The css_peer_alive() is calling.
Time: 11/14/25 13:28:12.330 - DEBUG *** file /home/cubrid/work/cubrid/src/connection/tcp.c, line 1470
The css_peer_alive() is calling.
Time: 11/14/25 13:28:17.335 - DEBUG *** file /home/cubrid/work/cubrid/src/connection/tcp.c, line 1470
The css_peer_alive() is calling.
Time: 11/14/25 13:28:22.340 - DEBUG *** file /home/cubrid/work/cubrid/src/connection/tcp.c, line 1470
The css_peer_alive() is calling.
Time: 11/14/25 13:28:27.345 - DEBUG *** file /home/cubrid/work/cubrid/src/connection/tcp.c, line 1470
The css_peer_alive() is calling.
Time: 11/14/25 13:28:32.350 - DEBUG *** file /home/cubrid/work/cubrid/src/connection/tcp.c, line 1470
The css_peer_alive() is calling.
Time: 11/14/25 13:28:37.355 - DEBUG *** file /home/cubrid/work/cubrid/src/connection/tcp.c, line 1470
The css_peer_alive() is calling.
Time: 11/14/25 13:28:42.355 - DEBUG *** file /home/cubrid/work/cubrid/src/connection/tcp.c, line 1470
The css_peer_alive() is calling.
Time: 11/14/25 13:28:47.356 - DEBUG *** file /home/cubrid/work/cubrid/src/connection/tcp.c, line 1470
The css_peer_alive() is calling.
Time: 11/14/25 13:28:52.357 - DEBUG *** file /home/cubrid/work/cubrid/src/connection/tcp.c, line 1470
The css_peer_alive() is calling.
Time: 11/14/25 13:28:57.362 - DEBUG *** file /home/cubrid/work/cubrid/src/connection/tcp.c, line 1470
The css_peer_alive() is calling.
Time: 11/14/25 13:29:02.363 - DEBUG *** file /home/cubrid/work/cubrid/src/connection/tcp.c, line 1470
The css_peer_alive() is calling.
Time: 11/14/25 13:29:07.367 - DEBUG *** file /home/cubrid/work/cubrid/src/connection/tcp.c, line 1470
The css_peer_alive() is calling.
Time: 11/14/25 13:29:12.368 - DEBUG *** file /home/cubrid/work/cubrid/src/connection/tcp.c, line 1470
The css_peer_alive() is calling.
Time: 11/14/25 13:29:17.373 - DEBUG *** file /home/cubrid/work/cubrid/src/connection/tcp.c, line 1470
The css_peer_alive() is calling.
Time: 11/14/25 13:29:22.378 - DEBUG *** file /home/cubrid/work/cubrid/src/connection/tcp.c, line 1470
The css_peer_alive() is calling.
Time: 11/14/25 13:29:27.379 - DEBUG *** file /home/cubrid/work/cubrid/src/connection/tcp.c, line 1470
The css_peer_alive() is calling.
Time: 11/14/25 13:29:32.383 - DEBUG *** file /home/cubrid/work/cubrid/src/connection/tcp.c, line 1470
The css_peer_alive() is calling.
Time: 11/14/25 13:29:37.388 - DEBUG *** file /home/cubrid/work/cubrid/src/connection/tcp.c, line 1470
The css_peer_alive() is calling.
Time: 11/14/25 13:29:42.393 - DEBUG *** file /home/cubrid/work/cubrid/src/connection/tcp.c, line 1470
The css_peer_alive() is calling.
Time: 11/14/25 13:29:47.396 - DEBUG *** file /home/cubrid/work/cubrid/src/connection/tcp.c, line 1470
The css_peer_alive() is calling.
Time: 11/14/25 13:29:52.401 - DEBUG *** file /home/cubrid/work/cubrid/src/connection/tcp.c, line 1470
The css_peer_alive() is calling.
Time: 11/14/25 13:29:57.406 - DEBUG *** file /home/cubrid/work/cubrid/src/connection/tcp.c, line 1470
The css_peer_alive() is calling.
Time: 11/14/25 13:30:02.406 - DEBUG *** file /home/cubrid/work/cubrid/src/connection/tcp.c, line 1470
The css_peer_alive() is calling.
Time: 11/14/25 13:30:07.407 - DEBUG *** file /home/cubrid/work/cubrid/src/connection/tcp.c, line 1470
The css_peer_alive() is calling.
Time: 11/14/25 13:30:12.412 - DEBUG *** file /home/cubrid/work/cubrid/src/connection/tcp.c, line 1470
The css_peer_alive() is calling.
Time: 11/14/25 13:30:17.413 - DEBUG *** file /home/cubrid/work/cubrid/src/connection/tcp.c, line 1470
The css_peer_alive() is calling.
Time: 11/14/25 13:30:22.418 - DEBUG *** file /home/cubrid/work/cubrid/src/connection/tcp.c, line 1470
The css_peer_alive() is calling.
Time: 11/14/25 13:30:27.419 - DEBUG *** file /home/cubrid/work/cubrid/src/connection/tcp.c, line 1470
The css_peer_alive() is calling.
Time: 11/14/25 13:30:32.425 - DEBUG *** file /home/cubrid/work/cubrid/src/connection/tcp.c, line 1470
The css_peer_alive() is calling.
Time: 11/14/25 13:30:37.430 - DEBUG *** file /home/cubrid/work/cubrid/src/connection/tcp.c, line 1470
The css_peer_alive() is calling.
Time: 11/14/25 13:30:42.435 - DEBUG *** file /home/cubrid/work/cubrid/src/connection/tcp.c, line 1470
The css_peer_alive() is calling.
Time: 11/14/25 13:30:47.438 - DEBUG *** file /home/cubrid/work/cubrid/src/connection/tcp.c, line 1470
The css_peer_alive() is calling.
Time: 11/14/25 13:30:52.443 - DEBUG *** file /home/cubrid/work/cubrid/src/connection/tcp.c, line 1470
The css_peer_alive() is calling.
Time: 11/14/25 13:30:57.445 - DEBUG *** file /home/cubrid/work/cubrid/src/connection/tcp.c, line 1470
The css_peer_alive() is calling.
Time: 11/14/25 13:31:02.449 - DEBUG *** file /home/cubrid/work/cubrid/src/connection/tcp.c, line 1470
The css_peer_alive() is calling.
Time: 11/14/25 13:31:07.454 - DEBUG *** file /home/cubrid/work/cubrid/src/connection/tcp.c, line 1470
The css_peer_alive() is calling.
Time: 11/14/25 13:31:12.459 - DEBUG *** file /home/cubrid/work/cubrid/src/connection/tcp.c, line 1470
The css_peer_alive() is calling.
Time: 11/14/25 13:31:17.465 - DEBUG *** file /home/cubrid/work/cubrid/src/connection/tcp.c, line 1470
The css_peer_alive() is calling.
Time: 11/14/25 13:31:22.465 - DEBUG *** file /home/cubrid/work/cubrid/src/connection/tcp.c, line 1470
The css_peer_alive() is calling.
Time: 11/14/25 13:31:27.470 - DEBUG *** file /home/cubrid/work/cubrid/src/connection/tcp.c, line 1470
The css_peer_alive() is calling.
Time: 11/14/25 13:31:32.475 - DEBUG *** file /home/cubrid/work/cubrid/src/connection/tcp.c, line 1470
The css_peer_alive() is calling.
Time: 11/14/25 13:31:37.480 - DEBUG *** file /home/cubrid/work/cubrid/src/connection/tcp.c, line 1470
The css_peer_alive() is calling.
Time: 11/14/25 13:31:42.485 - DEBUG *** file /home/cubrid/work/cubrid/src/connection/tcp.c, line 1470
The css_peer_alive() is calling.
Time: 11/14/25 13:31:47.490 - DEBUG *** file /home/cubrid/work/cubrid/src/connection/tcp.c, line 1470
The css_peer_alive() is calling.
Time: 11/14/25 13:31:52.493 - DEBUG *** file /home/cubrid/work/cubrid/src/connection/tcp.c, line 1470
The css_peer_alive() is calling.
Time: 11/14/25 13:31:57.498 - DEBUG *** file /home/cubrid/work/cubrid/src/connection/tcp.c, line 1470
The css_peer_alive() is calling.
Time: 11/14/25 13:32:02.502 - DEBUG *** file /home/cubrid/work/cubrid/src/connection/tcp.c, line 1470
The css_peer_alive() is calling.
Time: 11/14/25 13:32:07.508 - DEBUG *** file /home/cubrid/work/cubrid/src/connection/tcp.c, line 1470
The css_peer_alive() is calling.
Time: 11/14/25 13:32:12.513 - DEBUG *** file /home/cubrid/work/cubrid/src/connection/tcp.c, line 1470
The css_peer_alive() is calling.
Time: 11/14/25 13:32:17.515 - DEBUG *** file /home/cubrid/work/cubrid/src/connection/tcp.c, line 1470
The css_peer_alive() is calling.
Time: 11/14/25 13:32:22.520 - DEBUG *** file /home/cubrid/work/cubrid/src/connection/tcp.c, line 1470
The css_peer_alive() is calling.
Time: 11/14/25 13:32:27.525 - DEBUG *** file /home/cubrid/work/cubrid/src/connection/tcp.c, line 1470
The css_peer_alive() is calling.
Time: 11/14/25 13:32:32.527 - DEBUG *** file /home/cubrid/work/cubrid/src/connection/tcp.c, line 1470
The css_peer_alive() is calling.
Time: 11/14/25 13:32:37.530 - DEBUG *** file /home/cubrid/work/cubrid/src/connection/tcp.c, line 1470
The css_peer_alive() is calling.
Time: 11/14/25 13:32:42.536 - DEBUG *** file /home/cubrid/work/cubrid/src/connection/tcp.c, line 1470
The css_peer_alive() is calling.
Time: 11/14/25 13:32:47.537 - DEBUG *** file /home/cubrid/work/cubrid/src/connection/tcp.c, line 1470
The css_peer_alive() is calling.
Time: 11/14/25 13:32:52.537 - DEBUG *** file /home/cubrid/work/cubrid/src/connection/tcp.c, line 1470
The css_peer_alive() is calling.
Time: 11/14/25 13:32:57.541 - DEBUG *** file /home/cubrid/work/cubrid/src/connection/tcp.c, line 1470
The css_peer_alive() is calling.
Time: 11/14/25 13:33:02.546 - DEBUG *** file /home/cubrid/work/cubrid/src/connection/tcp.c, line 1470
The css_peer_alive() is calling.
Time: 11/14/25 13:33:07.551 - DEBUG *** file /home/cubrid/work/cubrid/src/connection/tcp.c, line 1470
The css_peer_alive() is calling.
Time: 11/14/25 13:33:12.555 - DEBUG *** file /home/cubrid/work/cubrid/src/connection/tcp.c, line 1470
The css_peer_alive() is calling.
Time: 11/14/25 13:33:17.559 - DEBUG *** file /home/cubrid/work/cubrid/src/connection/tcp.c, line 1470
The css_peer_alive() is calling.
Time: 11/14/25 13:33:22.562 - DEBUG *** file /home/cubrid/work/cubrid/src/connection/tcp.c, line 1470
The css_peer_alive() is calling.
Time: 11/14/25 13:33:27.563 - DEBUG *** file /home/cubrid/work/cubrid/src/connection/tcp.c, line 1470
The css_peer_alive() is calling.
Time: 11/14/25 13:33:32.565 - DEBUG *** file /home/cubrid/work/cubrid/src/connection/tcp.c, line 1470
The css_peer_alive() is calling.
Time: 11/14/25 13:33:37.566 - DEBUG *** file /home/cubrid/work/cubrid/src/connection/tcp.c, line 1470
The css_peer_alive() is calling.
Time: 11/14/25 13:33:42.571 - DEBUG *** file /home/cubrid/work/cubrid/src/connection/tcp.c, line 1470
The css_peer_alive() is calling.
Time: 11/14/25 13:33:47.576 - DEBUG *** file /home/cubrid/work/cubrid/src/connection/tcp.c, line 1470
The css_peer_alive() is calling.
Time: 11/14/25 13:33:52.581 - DEBUG *** file /home/cubrid/work/cubrid/src/connection/tcp.c, line 1470
The css_peer_alive() is calling.
Time: 11/14/25 13:33:57.586 - DEBUG *** file /home/cubrid/work/cubrid/src/connection/tcp.c, line 1470
The css_peer_alive() is calling.
Time: 11/14/25 13:34:02.588 - DEBUG *** file /home/cubrid/work/cubrid/src/connection/tcp.c, line 1470
The css_peer_alive() is calling.
Time: 11/14/25 13:34:07.593 - DEBUG *** file /home/cubrid/work/cubrid/src/connection/tcp.c, line 1470
The css_peer_alive() is calling.
Time: 11/14/25 13:34:12.598 - DEBUG *** file /home/cubrid/work/cubrid/src/connection/tcp.c, line 1470
The css_peer_alive() is calling.
Time: 11/14/25 13:34:17.603 - DEBUG *** file /home/cubrid/work/cubrid/src/connection/tcp.c, line 1470
The css_peer_alive() is calling.
Time: 11/14/25 13:34:22.603 - DEBUG *** file /home/cubrid/work/cubrid/src/connection/tcp.c, line 1470
The css_peer_alive() is calling.
Time: 11/14/25 13:34:27.608 - DEBUG *** file /home/cubrid/work/cubrid/src/connection/tcp.c, line 1470
The css_peer_alive() is calling.
Time: 11/14/25 13:34:32.614 - DEBUG *** file /home/cubrid/work/cubrid/src/connection/tcp.c, line 1470
The css_peer_alive() is calling.
Time: 11/14/25 13:34:37.619 - DEBUG *** file /home/cubrid/work/cubrid/src/connection/tcp.c, line 1470
The css_peer_alive() is calling.
Time: 11/14/25 13:34:42.624 - DEBUG *** file /home/cubrid/work/cubrid/src/connection/tcp.c, line 1470
The css_peer_alive() is calling.
Time: 11/14/25 13:34:47.627 - DEBUG *** file /home/cubrid/work/cubrid/src/connection/tcp.c, line 1470
The css_peer_alive() is calling.
Time: 11/14/25 13:34:52.632 - DEBUG *** file /home/cubrid/work/cubrid/src/connection/tcp.c, line 1470
The css_peer_alive() is calling.
Time: 11/14/25 13:34:57.637 - DEBUG *** file /home/cubrid/work/cubrid/src/connection/tcp.c, line 1470
The css_peer_alive() is calling.
Time: 11/14/25 13:35:02.642 - DEBUG *** file /home/cubrid/work/cubrid/src/connection/tcp.c, line 1470
The css_peer_alive() is calling.
Time: 11/14/25 13:35:07.646 - DEBUG *** file /home/cubrid/work/cubrid/src/connection/tcp.c, line 1470
The css_peer_alive() is calling.
Time: 11/14/25 13:35:12.647 - DEBUG *** file /home/cubrid/work/cubrid/src/connection/tcp.c, line 1470
The css_peer_alive() is calling.
Time: 11/14/25 13:35:17.652 - DEBUG *** file /home/cubrid/work/cubrid/src/connection/tcp.c, line 1470
The css_peer_alive() is calling.
Time: 11/14/25 13:35:22.654 - DEBUG *** file /home/cubrid/work/cubrid/src/connection/tcp.c, line 1470
The css_peer_alive() is calling.
Time: 11/14/25 13:35:27.657 - DEBUG *** file /home/cubrid/work/cubrid/src/connection/tcp.c, line 1470
The css_peer_alive() is calling.
Time: 11/14/25 13:35:32.662 - DEBUG *** file /home/cubrid/work/cubrid/src/connection/tcp.c, line 1470
The css_peer_alive() is calling.
Time: 11/14/25 13:35:37.667 - DEBUG *** file /home/cubrid/work/cubrid/src/connection/tcp.c, line 1470
The css_peer_alive() is calling.
Time: 11/14/25 13:35:42.672 - DEBUG *** file /home/cubrid/work/cubrid/src/connection/tcp.c, line 1470
The css_peer_alive() is calling.
Time: 11/14/25 13:35:47.677 - DEBUG *** file /home/cubrid/work/cubrid/src/connection/tcp.c, line 1470
The css_peer_alive() is calling.
Time: 11/14/25 13:35:52.683 - DEBUG *** file /home/cubrid/work/cubrid/src/connection/tcp.c, line 1470
The css_peer_alive() is calling.
Time: 11/14/25 13:35:57.688 - DEBUG *** file /home/cubrid/work/cubrid/src/connection/tcp.c, line 1470
The css_peer_alive() is calling.
Time: 11/14/25 13:36:02.693 - DEBUG *** file /home/cubrid/work/cubrid/src/connection/tcp.c, line 1470
The css_peer_alive() is calling.
Time: 11/14/25 13:36:07.697 - DEBUG *** file /home/cubrid/work/cubrid/src/connection/tcp.c, line 1470
The css_peer_alive() is calling.
Time: 11/14/25 13:36:12.702 - DEBUG *** file /home/cubrid/work/cubrid/src/connection/tcp.c, line 1470
The css_peer_alive() is calling.
Time: 11/14/25 13:36:17.707 - DEBUG *** file /home/cubrid/work/cubrid/src/connection/tcp.c, line 1470
The css_peer_alive() is calling.
Time: 11/14/25 13:36:22.708 - DEBUG *** file /home/cubrid/work/cubrid/src/connection/tcp.c, line 1470
The css_peer_alive() is calling.
Time: 11/14/25 13:36:27.709 - DEBUG *** file /home/cubrid/work/cubrid/src/connection/tcp.c, line 1470
The css_peer_alive() is calling.
Time: 11/14/25 13:36:32.714 - DEBUG *** file /home/cubrid/work/cubrid/src/connection/tcp.c, line 1470
The css_peer_alive() is calling.
Time: 11/14/25 13:36:37.720 - DEBUG *** file /home/cubrid/work/cubrid/src/connection/tcp.c, line 1470
The css_peer_alive() is calling.
Time: 11/14/25 13:36:42.720 - DEBUG *** file /home/cubrid/work/cubrid/src/connection/tcp.c, line 1470
The css_peer_alive() is calling.
Time: 11/14/25 13:36:47.723 - DEBUG *** file /home/cubrid/work/cubrid/src/connection/tcp.c, line 1470
The css_peer_alive() is calling.
Time: 11/14/25 13:36:52.728 - DEBUG *** file /home/cubrid/work/cubrid/src/connection/tcp.c, line 1470
The css_peer_alive() is calling.
Time: 11/14/25 13:36:57.733 - DEBUG *** file /home/cubrid/work/cubrid/src/connection/tcp.c, line 1470
The css_peer_alive() is calling.
Time: 11/14/25 13:37:02.738 - DEBUG *** file /home/cubrid/work/cubrid/src/connection/tcp.c, line 1470
The css_peer_alive() is calling.
Time: 11/14/25 13:37:07.741 - DEBUG *** file /home/cubrid/work/cubrid/src/connection/tcp.c, line 1470
The css_peer_alive() is calling.
Time: 11/14/25 13:37:12.744 - DEBUG *** file /home/cubrid/work/cubrid/src/connection/tcp.c, line 1470
The css_peer_alive() is calling.
Time: 11/14/25 13:37:17.750 - DEBUG *** file /home/cubrid/work/cubrid/src/connection/tcp.c, line 1470
The css_peer_alive() is calling.
Time: 11/14/25 13:37:22.753 - DEBUG *** file /home/cubrid/work/cubrid/src/connection/tcp.c, line 1470
The css_peer_alive() is calling.
Time: 11/14/25 13:37:27.757 - DEBUG *** file /home/cubrid/work/cubrid/src/connection/tcp.c, line 1470
The css_peer_alive() is calling.
Time: 11/14/25 13:37:32.762 - DEBUG *** file /home/cubrid/work/cubrid/src/connection/tcp.c, line 1470
The css_peer_alive() is calling.
Time: 11/14/25 13:37:37.767 - DEBUG *** file /home/cubrid/work/cubrid/src/connection/tcp.c, line 1470
The css_peer_alive() is calling.
Time: 11/14/25 13:37:42.772 - DEBUG *** file /home/cubrid/work/cubrid/src/connection/tcp.c, line 1470
The css_peer_alive() is calling.
Time: 11/14/25 13:37:47.773 - DEBUG *** file /home/cubrid/work/cubrid/src/connection/tcp.c, line 1470
The css_peer_alive() is calling.
Time: 11/14/25 13:37:52.778 - DEBUG *** file /home/cubrid/work/cubrid/src/connection/tcp.c, line 1470
The css_peer_alive() is calling.
Time: 11/14/25 13:37:57.783 - DEBUG *** file /home/cubrid/work/cubrid/src/connection/tcp.c, line 1470
The css_peer_alive() is calling.
Time: 11/14/25 13:38:02.785 - DEBUG *** file /home/cubrid/work/cubrid/src/connection/tcp.c, line 1470
The css_peer_alive() is calling.
Time: 11/14/25 13:38:07.788 - DEBUG *** file /home/cubrid/work/cubrid/src/connection/tcp.c, line 1470
The css_peer_alive() is calling.
Time: 11/14/25 13:38:12.793 - DEBUG *** file /home/cubrid/work/cubrid/src/connection/tcp.c, line 1470
The css_peer_alive() is calling.
Time: 11/14/25 13:38:17.798 - DEBUG *** file /home/cubrid/work/cubrid/src/connection/tcp.c, line 1470
The css_peer_alive() is calling.
Time: 11/14/25 13:38:22.800 - DEBUG *** file /home/cubrid/work/cubrid/src/connection/tcp.c, line 1470
The css_peer_alive() is calling.
Time: 11/14/25 13:38:27.804 - DEBUG *** file /home/cubrid/work/cubrid/src/connection/tcp.c, line 1470
The css_peer_alive() is calling.
Time: 11/14/25 13:38:32.810 - DEBUG *** file /home/cubrid/work/cubrid/src/connection/tcp.c, line 1470
The css_peer_alive() is calling.
Time: 11/14/25 13:38:37.815 - DEBUG *** file /home/cubrid/work/cubrid/src/connection/tcp.c, line 1470
The css_peer_alive() is calling.
Time: 11/14/25 13:38:42.816 - DEBUG *** file /home/cubrid/work/cubrid/src/connection/tcp.c, line 1470
The css_peer_alive() is calling.
Time: 11/14/25 13:38:47.820 - DEBUG *** file /home/cubrid/work/cubrid/src/connection/tcp.c, line 1470
The css_peer_alive() is calling.
Time: 11/14/25 13:38:52.821 - DEBUG *** file /home/cubrid/work/cubrid/src/connection/tcp.c, line 1470
The css_peer_alive() is calling.
Time: 11/14/25 13:38:57.824 - DEBUG *** file /home/cubrid/work/cubrid/src/connection/tcp.c, line 1470
The css_peer_alive() is calling.
Time: 11/14/25 13:39:02.826 - DEBUG *** file /home/cubrid/work/cubrid/src/connection/tcp.c, line 1470
The css_peer_alive() is calling.
Time: 11/14/25 13:39:07.827 - DEBUG *** file /home/cubrid/work/cubrid/src/connection/tcp.c, line 1470
The css_peer_alive() is calling.
Time: 11/14/25 13:39:12.829 - DEBUG *** file /home/cubrid/work/cubrid/src/connection/tcp.c, line 1470
The css_peer_alive() is calling.
Time: 11/14/25 13:39:17.834 - DEBUG *** file /home/cubrid/work/cubrid/src/connection/tcp.c, line 1470
The css_peer_alive() is calling.
Time: 11/14/25 13:39:22.835 - DEBUG *** file /home/cubrid/work/cubrid/src/connection/tcp.c, line 1470
The css_peer_alive() is calling.
Time: 11/14/25 13:39:27.837 - DEBUG *** file /home/cubrid/work/cubrid/src/connection/tcp.c, line 1470
The css_peer_alive() is calling.
Time: 11/14/25 13:39:32.838 - DEBUG *** file /home/cubrid/work/cubrid/src/connection/tcp.c, line 1470
The css_peer_alive() is calling.
Time: 11/14/25 13:39:37.843 - DEBUG *** file /home/cubrid/work/cubrid/src/connection/tcp.c, line 1470
The css_peer_alive() is calling.
Time: 11/14/25 13:39:42.846 - DEBUG *** file /home/cubrid/work/cubrid/src/connection/tcp.c, line 1470
The css_peer_alive() is calling.
Time: 11/14/25 13:39:47.851 - DEBUG *** file /home/cubrid/work/cubrid/src/connection/tcp.c, line 1470
The css_peer_alive() is calling.
Time: 11/14/25 13:39:52.853 - DEBUG *** file /home/cubrid/work/cubrid/src/connection/tcp.c, line 1470
The css_peer_alive() is calling.
Time: 11/14/25 13:39:57.857 - DEBUG *** file /home/cubrid/work/cubrid/src/connection/tcp.c, line 1470
The css_peer_alive() is calling.
Time: 11/14/25 13:40:02.862 - DEBUG *** file /home/cubrid/work/cubrid/src/connection/tcp.c, line 1470
The css_peer_alive() is calling.
Time: 11/14/25 13:40:07.867 - DEBUG *** file /home/cubrid/work/cubrid/src/connection/tcp.c, line 1470
The css_peer_alive() is calling.
Time: 11/14/25 13:40:12.868 - DEBUG *** file /home/cubrid/work/cubrid/src/connection/tcp.c, line 1470
The css_peer_alive() is calling.
Time: 11/14/25 13:40:17.873 - DEBUG *** file /home/cubrid/work/cubrid/src/connection/tcp.c, line 1470
The css_peer_alive() is calling.
Time: 11/14/25 13:40:22.877 - DEBUG *** file /home/cubrid/work/cubrid/src/connection/tcp.c, line 1470
The css_peer_alive() is calling.
Time: 11/14/25 13:40:27.878 - DEBUG *** file /home/cubrid/work/cubrid/src/connection/tcp.c, line 1470
The css_peer_alive() is calling.
Time: 11/14/25 13:40:32.883 - DEBUG *** file /home/cubrid/work/cubrid/src/connection/tcp.c, line 1470
The css_peer_alive() is calling.
Time: 11/14/25 13:40:37.886 - DEBUG *** file /home/cubrid/work/cubrid/src/connection/tcp.c, line 1470
The css_peer_alive() is calling.
Time: 11/14/25 13:40:42.891 - DEBUG *** file /home/cubrid/work/cubrid/src/connection/tcp.c, line 1470
The css_peer_alive() is calling.
Time: 11/14/25 13:40:47.896 - DEBUG *** file /home/cubrid/work/cubrid/src/connection/tcp.c, line 1470
The css_peer_alive() is calling.
Time: 11/14/25 13:40:52.901 - DEBUG *** file /home/cubrid/work/cubrid/src/connection/tcp.c, line 1470
The css_peer_alive() is calling.
Time: 11/14/25 13:40:57.906 - DEBUG *** file /home/cubrid/work/cubrid/src/connection/tcp.c, line 1470
The css_peer_alive() is calling.
Time: 11/14/25 13:41:02.911 - DEBUG *** file /home/cubrid/work/cubrid/src/connection/tcp.c, line 1470
The css_peer_alive() is calling.
Time: 11/14/25 13:41:07.916 - DEBUG *** file /home/cubrid/work/cubrid/src/connection/tcp.c, line 1470
The css_peer_alive() is calling.
Time: 11/14/25 13:41:12.922 - DEBUG *** file /home/cubrid/work/cubrid/src/connection/tcp.c, line 1470
The css_peer_alive() is calling.
Time: 11/14/25 13:41:17.927 - DEBUG *** file /home/cubrid/work/cubrid/src/connection/tcp.c, line 1470
The css_peer_alive() is calling.
Time: 11/14/25 13:41:22.932 - DEBUG *** file /home/cubrid/work/cubrid/src/connection/tcp.c, line 1470
The css_peer_alive() is calling.
Time: 11/14/25 13:41:27.937 - DEBUG *** file /home/cubrid/work/cubrid/src/connection/tcp.c, line 1470
The css_peer_alive() is calling.
Time: 11/14/25 13:41:32.938 - DEBUG *** file /home/cubrid/work/cubrid/src/connection/tcp.c, line 1470
The css_peer_alive() is calling.
Time: 11/14/25 13:41:37.940 - DEBUG *** file /home/cubrid/work/cubrid/src/connection/tcp.c, line 1470
The css_peer_alive() is calling.
Time: 11/14/25 13:41:42.945 - DEBUG *** file /home/cubrid/work/cubrid/src/connection/tcp.c, line 1470
The css_peer_alive() is calling.
Time: 11/14/25 13:41:47.950 - DEBUG *** file /home/cubrid/work/cubrid/src/connection/tcp.c, line 1470
The css_peer_alive() is calling.
Time: 11/14/25 13:41:52.952 - DEBUG *** file /home/cubrid/work/cubrid/src/connection/tcp.c, line 1470
The css_peer_alive() is calling.
Time: 11/14/25 13:41:57.955 - DEBUG *** file /home/cubrid/work/cubrid/src/connection/tcp.c, line 1470
The css_peer_alive() is calling.
Time: 11/14/25 13:42:02.960 - DEBUG *** file /home/cubrid/work/cubrid/src/connection/tcp.c, line 1470
The css_peer_alive() is calling.
Time: 11/14/25 13:42:07.962 - DEBUG *** file /home/cubrid/work/cubrid/src/connection/tcp.c, line 1470
The css_peer_alive() is calling.
Time: 11/14/25 13:42:12.966 - DEBUG *** file /home/cubrid/work/cubrid/src/connection/tcp.c, line 1470
The css_peer_alive() is calling.
Time: 11/14/25 13:42:17.970 - DEBUG *** file /home/cubrid/work/cubrid/src/connection/tcp.c, line 1470
The css_peer_alive() is calling.
Time: 11/14/25 13:42:22.974 - DEBUG *** file /home/cubrid/work/cubrid/src/connection/tcp.c, line 1470
The css_peer_alive() is calling.
Time: 11/14/25 13:42:27.980 - DEBUG *** file /home/cubrid/work/cubrid/src/connection/tcp.c, line 1470
The css_peer_alive() is calling.
Time: 11/14/25 13:42:32.985 - DEBUG *** file /home/cubrid/work/cubrid/src/connection/tcp.c, line 1470
The css_peer_alive() is calling.
Time: 11/14/25 13:42:37.990 - DEBUG *** file /home/cubrid/work/cubrid/src/connection/tcp.c, line 1470
The css_peer_alive() is calling.
Time: 11/14/25 13:42:42.995 - DEBUG *** file /home/cubrid/work/cubrid/src/connection/tcp.c, line 1470
The css_peer_alive() is calling.
Time: 11/14/25 13:42:47.000 - DEBUG *** file /home/cubrid/work/cubrid/src/connection/tcp.c, line 1470
The css_peer_alive() is calling.
Time: 11/14/25 13:42:53.005 - DEBUG *** file /home/cubrid/work/cubrid/src/connection/tcp.c, line 1470
The css_peer_alive() is calling.
Time: 11/14/25 13:42:58.006 - DEBUG *** file /home/cubrid/work/cubrid/src/connection/tcp.c, line 1470
The css_peer_alive() is calling.
Time: 11/14/25 13:43:03.011 - DEBUG *** file /home/cubrid/work/cubrid/src/connection/tcp.c, line 1470
The css_peer_alive() is calling.
Time: 11/14/25 13:43:08.011 - DEBUG *** file /home/cubrid/work/cubrid/src/connection/tcp.c, line 1470
The css_peer_alive() is calling.
Time: 11/14/25 13:43:13.014 - DEBUG *** file /home/cubrid/work/cubrid/src/connection/tcp.c, line 1470
The css_peer_alive() is calling.
Time: 11/14/25 13:43:18.017 - DEBUG *** file /home/cubrid/work/cubrid/src/connection/tcp.c, line 1470
The css_peer_alive() is calling.
Time: 11/14/25 13:43:23.018 - DEBUG *** file /home/cubrid/work/cubrid/src/connection/tcp.c, line 1470
The css_peer_alive() is calling.
Time: 11/14/25 13:43:28.019 - DEBUG *** file /home/cubrid/work/cubrid/src/connection/tcp.c, line 1470
The css_peer_alive() is calling.
Time: 11/14/25 13:43:33.021 - DEBUG *** file /home/cubrid/work/cubrid/src/connection/tcp.c, line 1470
The css_peer_alive() is calling.
Time: 11/14/25 13:43:38.023 - DEBUG *** file /home/cubrid/work/cubrid/src/connection/tcp.c, line 1470
The css_peer_alive() is calling.
Time: 11/14/25 13:43:43.028 - DEBUG *** file /home/cubrid/work/cubrid/src/connection/tcp.c, line 1470
The css_peer_alive() is calling.
Time: 11/14/25 13:43:48.033 - DEBUG *** file /home/cubrid/work/cubrid/src/connection/tcp.c, line 1470
The css_peer_alive() is calling.
Time: 11/14/25 13:43:53.038 - DEBUG *** file /home/cubrid/work/cubrid/src/connection/tcp.c, line 1470
The css_peer_alive() is calling.
Time: 11/14/25 13:43:58.043 - DEBUG *** file /home/cubrid/work/cubrid/src/connection/tcp.c, line 1470
The css_peer_alive() is calling.
Time: 11/14/25 13:44:03.046 - DEBUG *** file /home/cubrid/work/cubrid/src/connection/tcp.c, line 1470
The css_peer_alive() is calling.
Time: 11/14/25 13:44:08.046 - DEBUG *** file /home/cubrid/work/cubrid/src/connection/tcp.c, line 1470
The css_peer_alive() is calling.
Time: 11/14/25 13:44:13.049 - DEBUG *** file /home/cubrid/work/cubrid/src/connection/tcp.c, line 1470
The css_peer_alive() is calling.
Time: 11/14/25 13:44:18.052 - DEBUG *** file /home/cubrid/work/cubrid/src/connection/tcp.c, line 1470
The css_peer_alive() is calling.
Time: 11/14/25 13:44:23.057 - DEBUG *** file /home/cubrid/work/cubrid/src/connection/tcp.c, line 1470
The css_peer_alive() is calling.
Time: 11/14/25 13:44:28.059 - DEBUG *** file /home/cubrid/work/cubrid/src/connection/tcp.c, line 1470
The css_peer_alive() is calling.
Time: 11/14/25 13:44:33.064 - DEBUG *** file /home/cubrid/work/cubrid/src/connection/tcp.c, line 1470
The css_peer_alive() is calling.
Time: 11/14/25 13:44:38.069 - DEBUG *** file /home/cubrid/work/cubrid/src/connection/tcp.c, line 1470
The css_peer_alive() is calling.
Time: 11/14/25 13:44:43.073 - DEBUG *** file /home/cubrid/work/cubrid/src/connection/tcp.c, line 1470
The css_peer_alive() is calling.
Time: 11/14/25 13:44:48.074 - DEBUG *** file /home/cubrid/work/cubrid/src/connection/tcp.c, line 1470
The css_peer_alive() is calling.
Time: 11/14/25 13:44:53.074 - DEBUG *** file /home/cubrid/work/cubrid/src/connection/tcp.c, line 1470
The css_peer_alive() is calling.
Time: 11/14/25 13:44:58.079 - DEBUG *** file /home/cubrid/work/cubrid/src/connection/tcp.c, line 1470
The css_peer_alive() is calling.
Time: 11/14/25 13:45:03.084 - DEBUG *** file /home/cubrid/work/cubrid/src/connection/tcp.c, line 1470
The css_peer_alive() is calling.
Time: 11/14/25 13:45:08.089 - DEBUG *** file /home/cubrid/work/cubrid/src/connection/tcp.c, line 1470
The css_peer_alive() is calling.
Time: 11/14/25 13:45:13.095 - DEBUG *** file /home/cubrid/work/cubrid/src/connection/tcp.c, line 1470
The css_peer_alive() is calling.
Time: 11/14/25 13:45:18.100 - DEBUG *** file /home/cubrid/work/cubrid/src/connection/tcp.c, line 1470
The css_peer_alive() is calling.
Time: 11/14/25 13:45:23.102 - DEBUG *** file /home/cubrid/work/cubrid/src/connection/tcp.c, line 1470
The css_peer_alive() is calling.
Time: 11/14/25 13:45:28.105 - DEBUG *** file /home/cubrid/work/cubrid/src/connection/tcp.c, line 1470
The css_peer_alive() is calling.
Time: 11/14/25 13:45:33.105 - DEBUG *** file /home/cubrid/work/cubrid/src/connection/tcp.c, line 1470
The css_peer_alive() is calling.
Time: 11/14/25 13:45:38.107 - DEBUG *** file /home/cubrid/work/cubrid/src/connection/tcp.c, line 1470
The css_peer_alive() is calling.
Time: 11/14/25 13:45:43.112 - DEBUG *** file /home/cubrid/work/cubrid/src/connection/tcp.c, line 1470
The css_peer_alive() is calling.
Time: 11/14/25 13:45:48.117 - DEBUG *** file /home/cubrid/work/cubrid/src/connection/tcp.c, line 1470
The css_peer_alive() is calling.
Time: 11/14/25 13:45:53.123 - DEBUG *** file /home/cubrid/work/cubrid/src/connection/tcp.c, line 1470
The css_peer_alive() is calling.
Time: 11/14/25 13:45:58.125 - DEBUG *** file /home/cubrid/work/cubrid/src/connection/tcp.c, line 1470
The css_peer_alive() is calling.
Time: 11/14/25 13:46:03.127 - DEBUG *** file /home/cubrid/work/cubrid/src/connection/tcp.c, line 1470
The css_peer_alive() is calling.
Time: 11/14/25 13:46:08.132 - DEBUG *** file /home/cubrid/work/cubrid/src/connection/tcp.c, line 1470
The css_peer_alive() is calling.
Time: 11/14/25 13:46:13.136 - DEBUG *** file /home/cubrid/work/cubrid/src/connection/tcp.c, line 1470
The css_peer_alive() is calling.
Time: 11/14/25 13:46:18.141 - DEBUG *** file /home/cubrid/work/cubrid/src/connection/tcp.c, line 1470
The css_peer_alive() is calling.
Time: 11/14/25 13:46:23.146 - DEBUG *** file /home/cubrid/work/cubrid/src/connection/tcp.c, line 1470
The css_peer_alive() is calling.
Time: 11/14/25 13:46:28.149 - DEBUG *** file /home/cubrid/work/cubrid/src/connection/tcp.c, line 1470
The css_peer_alive() is calling.
Time: 11/14/25 13:46:33.151 - DEBUG *** file /home/cubrid/work/cubrid/src/connection/tcp.c, line 1470
The css_peer_alive() is calling.
Time: 11/14/25 13:46:38.153 - DEBUG *** file /home/cubrid/work/cubrid/src/connection/tcp.c, line 1470
The css_peer_alive() is calling.
Time: 11/14/25 13:46:43.155 - DEBUG *** file /home/cubrid/work/cubrid/src/connection/tcp.c, line 1470
The css_peer_alive() is calling.
Time: 11/14/25 13:46:48.160 - DEBUG *** file /home/cubrid/work/cubrid/src/connection/tcp.c, line 1470
The css_peer_alive() is calling.
Time: 11/14/25 13:46:53.162 - DEBUG *** file /home/cubrid/work/cubrid/src/connection/tcp.c, line 1470
The css_peer_alive() is calling.
Time: 11/14/25 13:46:58.162 - DEBUG *** file /home/cubrid/work/cubrid/src/connection/tcp.c, line 1470
The css_peer_alive() is calling.
Time: 11/14/25 13:47:03.165 - DEBUG *** file /home/cubrid/work/cubrid/src/connection/tcp.c, line 1470
The css_peer_alive() is calling.
Time: 11/14/25 13:47:08.166 - DEBUG *** file /home/cubrid/work/cubrid/src/connection/tcp.c, line 1470
The css_peer_alive() is calling.
Time: 11/14/25 13:47:13.172 - DEBUG *** file /home/cubrid/work/cubrid/src/connection/tcp.c, line 1470
The css_peer_alive() is calling.
Time: 11/14/25 13:47:18.176 - DEBUG *** file /home/cubrid/work/cubrid/src/connection/tcp.c, line 1470
The css_peer_alive() is calling.
Time: 11/14/25 13:47:23.181 - DEBUG *** file /home/cubrid/work/cubrid/src/connection/tcp.c, line 1470
The css_peer_alive() is calling.
Time: 11/14/25 13:47:28.186 - DEBUG *** file /home/cubrid/work/cubrid/src/connection/tcp.c, line 1470
The css_peer_alive() is calling.
Time: 11/14/25 13:47:33.189 - DEBUG *** file /home/cubrid/work/cubrid/src/connection/tcp.c, line 1470
The css_peer_alive() is calling.
Time: 11/14/25 13:47:38.192 - DEBUG *** file /home/cubrid/work/cubrid/src/connection/tcp.c, line 1470
The css_peer_alive() is calling.
Time: 11/14/25 13:47:43.196 - DEBUG *** file /home/cubrid/work/cubrid/src/connection/tcp.c, line 1470
The css_peer_alive() is calling.
Time: 11/14/25 13:47:48.196 - DEBUG *** file /home/cubrid/work/cubrid/src/connection/tcp.c, line 1470
The css_peer_alive() is calling.
Time: 11/14/25 13:47:53.197 - DEBUG *** file /home/cubrid/work/cubrid/src/connection/tcp.c, line 1470
The css_peer_alive() is calling.
Time: 11/14/25 13:47:58.202 - DEBUG *** file /home/cubrid/work/cubrid/src/connection/tcp.c, line 1470
The css_peer_alive() is calling.
Time: 11/14/25 13:48:03.206 - DEBUG *** file /home/cubrid/work/cubrid/src/connection/tcp.c, line 1470
The css_peer_alive() is calling.
Time: 11/14/25 13:48:08.207 - DEBUG *** file /home/cubrid/work/cubrid/src/connection/tcp.c, line 1470
The css_peer_alive() is calling.
Time: 11/14/25 13:48:13.211 - DEBUG *** file /home/cubrid/work/cubrid/src/connection/tcp.c, line 1470
The css_peer_alive() is calling.
Time: 11/14/25 13:48:18.216 - DEBUG *** file /home/cubrid/work/cubrid/src/connection/tcp.c, line 1470
The css_peer_alive() is calling.
Time: 11/14/25 13:48:23.221 - DEBUG *** file /home/cubrid/work/cubrid/src/connection/tcp.c, line 1470
The css_peer_alive() is calling.
Time: 11/14/25 13:48:28.222 - DEBUG *** file /home/cubrid/work/cubrid/src/connection/tcp.c, line 1470
The css_peer_alive() is calling.
Time: 11/14/25 13:48:33.225 - DEBUG *** file /home/cubrid/work/cubrid/src/connection/tcp.c, line 1470
The css_peer_alive() is calling.
Time: 11/14/25 13:48:38.230 - DEBUG *** file /home/cubrid/work/cubrid/src/connection/tcp.c, line 1470
The css_peer_alive() is calling.
Time: 11/14/25 13:48:43.235 - DEBUG *** file /home/cubrid/work/cubrid/src/connection/tcp.c, line 1470
The css_peer_alive() is calling.
Time: 11/14/25 13:48:48.240 - DEBUG *** file /home/cubrid/work/cubrid/src/connection/tcp.c, line 1470
The css_peer_alive() is calling.
Time: 11/14/25 13:48:53.245 - DEBUG *** file /home/cubrid/work/cubrid/src/connection/tcp.c, line 1470
The css_peer_alive() is calling.
Time: 11/14/25 13:48:58.250 - DEBUG *** file /home/cubrid/work/cubrid/src/connection/tcp.c, line 1470
The css_peer_alive() is calling.
Time: 11/14/25 13:49:03.255 - DEBUG *** file /home/cubrid/work/cubrid/src/connection/tcp.c, line 1470
The css_peer_alive() is calling.
Time: 11/14/25 13:49:08.259 - DEBUG *** file /home/cubrid/work/cubrid/src/connection/tcp.c, line 1470
The css_peer_alive() is calling.
Time: 11/14/25 13:49:13.264 - DEBUG *** file /home/cubrid/work/cubrid/src/connection/tcp.c, line 1470
The css_peer_alive() is calling.
Time: 11/14/25 13:49:18.269 - DEBUG *** file /home/cubrid/work/cubrid/src/connection/tcp.c, line 1470
The css_peer_alive() is calling.
Time: 11/14/25 13:49:23.274 - DEBUG *** file /home/cubrid/work/cubrid/src/connection/tcp.c, line 1470
The css_peer_alive() is calling.
Time: 11/14/25 13:49:28.279 - DEBUG *** file /home/cubrid/work/cubrid/src/connection/tcp.c, line 1470
The css_peer_alive() is calling.
Time: 11/14/25 13:49:33.284 - DEBUG *** file /home/cubrid/work/cubrid/src/connection/tcp.c, line 1470
The css_peer_alive() is calling.
Time: 11/14/25 13:49:38.289 - DEBUG *** file /home/cubrid/work/cubrid/src/connection/tcp.c, line 1470
The css_peer_alive() is calling.
Time: 11/14/25 13:49:43.292 - DEBUG *** file /home/cubrid/work/cubrid/src/connection/tcp.c, line 1470
The css_peer_alive() is calling.
Time: 11/14/25 13:49:48.297 - DEBUG *** file /home/cubrid/work/cubrid/src/connection/tcp.c, line 1470
The css_peer_alive() is calling.
Time: 11/14/25 13:49:53.302 - DEBUG *** file /home/cubrid/work/cubrid/src/connection/tcp.c, line 1470
The css_peer_alive() is calling.
Time: 11/14/25 13:49:58.307 - DEBUG *** file /home/cubrid/work/cubrid/src/connection/tcp.c, line 1470
The css_peer_alive() is calling.
Time: 11/14/25 13:50:03.312 - DEBUG *** file /home/cubrid/work/cubrid/src/connection/tcp.c, line 1470
The css_peer_alive() is calling.
Time: 11/14/25 13:50:08.317 - DEBUG *** file /home/cubrid/work/cubrid/src/connection/tcp.c, line 1470
The css_peer_alive() is calling.
Time: 11/14/25 13:50:13.322 - DEBUG *** file /home/cubrid/work/cubrid/src/connection/tcp.c, line 1470
The css_peer_alive() is calling.
Time: 11/14/25 13:50:18.327 - DEBUG *** file /home/cubrid/work/cubrid/src/connection/tcp.c, line 1470
The css_peer_alive() is calling.
Time: 11/14/25 13:50:23.332 - DEBUG *** file /home/cubrid/work/cubrid/src/connection/tcp.c, line 1470
The css_peer_alive() is calling.
Time: 11/14/25 13:50:28.335 - DEBUG *** file /home/cubrid/work/cubrid/src/connection/tcp.c, line 1470
The css_peer_alive() is calling.
Time: 11/14/25 13:50:33.340 - DEBUG *** file /home/cubrid/work/cubrid/src/connection/tcp.c, line 1470
The css_peer_alive() is calling.
Time: 11/14/25 13:50:38.342 - DEBUG *** file /home/cubrid/work/cubrid/src/connection/tcp.c, line 1470
The css_peer_alive() is calling.
Time: 11/14/25 13:50:43.344 - DEBUG *** file /home/cubrid/work/cubrid/src/connection/tcp.c, line 1470
The css_peer_alive() is calling.
Time: 11/14/25 13:50:48.346 - DEBUG *** file /home/cubrid/work/cubrid/src/connection/tcp.c, line 1470
The css_peer_alive() is calling.
Time: 11/14/25 13:50:53.349 - DEBUG *** file /home/cubrid/work/cubrid/src/connection/tcp.c, line 1470
The css_peer_alive() is calling.
Time: 11/14/25 13:50:58.354 - DEBUG *** file /home/cubrid/work/cubrid/src/connection/tcp.c, line 1470
The css_peer_alive() is calling.
Time: 11/14/25 13:51:03.356 - DEBUG *** file /home/cubrid/work/cubrid/src/connection/tcp.c, line 1470
The css_peer_alive() is calling.
Time: 11/14/25 13:51:08.361 - DEBUG *** file /home/cubrid/work/cubrid/src/connection/tcp.c, line 1470
The css_peer_alive() is calling.
Time: 11/14/25 13:51:13.364 - DEBUG *** file /home/cubrid/work/cubrid/src/connection/tcp.c, line 1470
The css_peer_alive() is calling.
Time: 11/14/25 13:51:18.368 - DEBUG *** file /home/cubrid/work/cubrid/src/connection/tcp.c, line 1470
The css_peer_alive() is calling.
Time: 11/14/25 13:51:23.371 - DEBUG *** file /home/cubrid/work/cubrid/src/connection/tcp.c, line 1470
The css_peer_alive() is calling.
Time: 11/14/25 13:51:28.376 - DEBUG *** file /home/cubrid/work/cubrid/src/connection/tcp.c, line 1470
The css_peer_alive() is calling.
Time: 11/14/25 13:51:33.378 - DEBUG *** file /home/cubrid/work/cubrid/src/connection/tcp.c, line 1470
The css_peer_alive() is calling.
Time: 11/14/25 13:51:38.383 - DEBUG *** file /home/cubrid/work/cubrid/src/connection/tcp.c, line 1470
The css_peer_alive() is calling.
Time: 11/14/25 13:51:43.388 - DEBUG *** file /home/cubrid/work/cubrid/src/connection/tcp.c, line 1470
The css_peer_alive() is calling.
Time: 11/14/25 13:51:48.394 - DEBUG *** file /home/cubrid/work/cubrid/src/connection/tcp.c, line 1470
The css_peer_alive() is calling.
Time: 11/14/25 13:51:53.399 - DEBUG *** file /home/cubrid/work/cubrid/src/connection/tcp.c, line 1470
The css_peer_alive() is calling.
Time: 11/14/25 13:51:58.404 - DEBUG *** file /home/cubrid/work/cubrid/src/connection/tcp.c, line 1470
The css_peer_alive() is calling.
Time: 11/14/25 13:52:03.408 - DEBUG *** file /home/cubrid/work/cubrid/src/connection/tcp.c, line 1470
The css_peer_alive() is calling.
Time: 11/14/25 13:52:08.413 - DEBUG *** file /home/cubrid/work/cubrid/src/connection/tcp.c, line 1470
The css_peer_alive() is calling.
Time: 11/14/25 13:52:13.419 - DEBUG *** file /home/cubrid/work/cubrid/src/connection/tcp.c, line 1470
The css_peer_alive() is calling.
Time: 11/14/25 13:52:18.424 - DEBUG *** file /home/cubrid/work/cubrid/src/connection/tcp.c, line 1470
The css_peer_alive() is calling.
Time: 11/14/25 13:52:23.429 - DEBUG *** file /home/cubrid/work/cubrid/src/connection/tcp.c, line 1470
The css_peer_alive() is calling.
Time: 11/14/25 13:52:28.433 - DEBUG *** file /home/cubrid/work/cubrid/src/connection/tcp.c, line 1470
The css_peer_alive() is calling.
Time: 11/14/25 13:52:33.436 - DEBUG *** file /home/cubrid/work/cubrid/src/connection/tcp.c, line 1470
The css_peer_alive() is calling.
Time: 11/14/25 13:52:38.440 - DEBUG *** file /home/cubrid/work/cubrid/src/connection/tcp.c, line 1470
The css_peer_alive() is calling.
Time: 11/14/25 13:52:43.445 - DEBUG *** file /home/cubrid/work/cubrid/src/connection/tcp.c, line 1470
The css_peer_alive() is calling.
Time: 11/14/25 13:52:48.450 - DEBUG *** file /home/cubrid/work/cubrid/src/connection/tcp.c, line 1470
The css_peer_alive() is calling.
Time: 11/14/25 13:52:53.455 - DEBUG *** file /home/cubrid/work/cubrid/src/connection/tcp.c, line 1470
The css_peer_alive() is calling.
Time: 11/14/25 13:52:58.460 - DEBUG *** file /home/cubrid/work/cubrid/src/connection/tcp.c, line 1470
The css_peer_alive() is calling.
Time: 11/14/25 13:53:03.465 - DEBUG *** file /home/cubrid/work/cubrid/src/connection/tcp.c, line 1470
The css_peer_alive() is calling.
Time: 11/14/25 13:53:08.470 - DEBUG *** file /home/cubrid/work/cubrid/src/connection/tcp.c, line 1470
The css_peer_alive() is calling.
Time: 11/14/25 13:53:13.475 - DEBUG *** file /home/cubrid/work/cubrid/src/connection/tcp.c, line 1470
The css_peer_alive() is calling.
Time: 11/14/25 13:53:18.480 - DEBUG *** file /home/cubrid/work/cubrid/src/connection/tcp.c, line 1470
The css_peer_alive() is calling.
Time: 11/14/25 13:53:23.482 - DEBUG *** file /home/cubrid/work/cubrid/src/connection/tcp.c, line 1470
The css_peer_alive() is calling.
Time: 11/14/25 13:53:28.487 - DEBUG *** file /home/cubrid/work/cubrid/src/connection/tcp.c, line 1470
The css_peer_alive() is calling.
Time: 11/14/25 13:53:33.490 - DEBUG *** file /home/cubrid/work/cubrid/src/connection/tcp.c, line 1470
The css_peer_alive() is calling.
Time: 11/14/25 13:53:38.495 - DEBUG *** file /home/cubrid/work/cubrid/src/connection/tcp.c, line 1470
The css_peer_alive() is calling.
Time: 11/14/25 13:53:43.501 - DEBUG *** file /home/cubrid/work/cubrid/src/connection/tcp.c, line 1470
The css_peer_alive() is calling.
Time: 11/14/25 13:53:48.506 - DEBUG *** file /home/cubrid/work/cubrid/src/connection/tcp.c, line 1470
The css_peer_alive() is calling.
Time: 11/14/25 13:53:53.507 - DEBUG *** file /home/cubrid/work/cubrid/src/connection/tcp.c, line 1470
The css_peer_alive() is calling.
Time: 11/14/25 13:53:58.509 - DEBUG *** file /home/cubrid/work/cubrid/src/connection/tcp.c, line 1470
The css_peer_alive() is calling.
Time: 11/14/25 13:54:03.513 - DEBUG *** file /home/cubrid/work/cubrid/src/connection/tcp.c, line 1470
The css_peer_alive() is calling.
Time: 11/14/25 13:54:08.518 - DEBUG *** file /home/cubrid/work/cubrid/src/connection/tcp.c, line 1470
The css_peer_alive() is calling.
Time: 11/14/25 13:54:13.519 - DEBUG *** file /home/cubrid/work/cubrid/src/connection/tcp.c, line 1470
The css_peer_alive() is calling.
Time: 11/14/25 13:54:18.523 - DEBUG *** file /home/cubrid/work/cubrid/src/connection/tcp.c, line 1470
The css_peer_alive() is calling.
Time: 11/14/25 13:54:23.528 - DEBUG *** file /home/cubrid/work/cubrid/src/connection/tcp.c, line 1470
The css_peer_alive() is calling.
Time: 11/14/25 13:54:28.533 - DEBUG *** file /home/cubrid/work/cubrid/src/connection/tcp.c, line 1470
The css_peer_alive() is calling.
Time: 11/14/25 13:54:33.535 - DEBUG *** file /home/cubrid/work/cubrid/src/connection/tcp.c, line 1470
The css_peer_alive() is calling.
Time: 11/14/25 13:54:38.538 - DEBUG *** file /home/cubrid/work/cubrid/src/connection/tcp.c, line 1470
The css_peer_alive() is calling.
Time: 11/14/25 13:54:43.538 - DEBUG *** file /home/cubrid/work/cubrid/src/connection/tcp.c, line 1470
The css_peer_alive() is calling.
Time: 11/14/25 13:54:48.543 - DEBUG *** file /home/cubrid/work/cubrid/src/connection/tcp.c, line 1470
The css_peer_alive() is calling.
Time: 11/14/25 13:54:53.549 - DEBUG *** file /home/cubrid/work/cubrid/src/connection/tcp.c, line 1470
The css_peer_alive() is calling.
Time: 11/14/25 13:54:58.554 - DEBUG *** file /home/cubrid/work/cubrid/src/connection/tcp.c, line 1470
The css_peer_alive() is calling.
Time: 11/14/25 13:55:03.558 - DEBUG *** file /home/cubrid/work/cubrid/src/connection/tcp.c, line 1470
The css_peer_alive() is calling.
Time: 11/14/25 13:55:08.563 - DEBUG *** file /home/cubrid/work/cubrid/src/connection/tcp.c, line 1470
The css_peer_alive() is calling.
Time: 11/14/25 13:55:13.568 - DEBUG *** file /home/cubrid/work/cubrid/src/connection/tcp.c, line 1470
The css_peer_alive() is calling.
Time: 11/14/25 13:55:18.573 - DEBUG *** file /home/cubrid/work/cubrid/src/connection/tcp.c, line 1470
The css_peer_alive() is calling.
Time: 11/14/25 13:55:23.576 - DEBUG *** file /home/cubrid/work/cubrid/src/connection/tcp.c, line 1470
The css_peer_alive() is calling.
Time: 11/14/25 13:55:28.581 - DEBUG *** file /home/cubrid/work/cubrid/src/connection/tcp.c, line 1470
The css_peer_alive() is calling.
Time: 11/14/25 13:55:33.584 - DEBUG *** file /home/cubrid/work/cubrid/src/connection/tcp.c, line 1470
The css_peer_alive() is calling.
Time: 11/14/25 13:55:38.589 - DEBUG *** file /home/cubrid/work/cubrid/src/connection/tcp.c, line 1470
The css_peer_alive() is calling.
Time: 11/14/25 13:55:43.593 - DEBUG *** file /home/cubrid/work/cubrid/src/connection/tcp.c, line 1470
The css_peer_alive() is calling.
Time: 11/14/25 13:55:48.595 - DEBUG *** file /home/cubrid/work/cubrid/src/connection/tcp.c, line 1470
The css_peer_alive() is calling.
Time: 11/14/25 13:55:53.600 - DEBUG *** file /home/cubrid/work/cubrid/src/connection/tcp.c, line 1470
The css_peer_alive() is calling.
Time: 11/14/25 13:55:58.604 - DEBUG *** file /home/cubrid/work/cubrid/src/connection/tcp.c, line 1470
The css_peer_alive() is calling.
Time: 11/14/25 13:56:03.606 - DEBUG *** file /home/cubrid/work/cubrid/src/connection/tcp.c, line 1470
The css_peer_alive() is calling.
Time: 11/14/25 13:56:08.611 - DEBUG *** file /home/cubrid/work/cubrid/src/connection/tcp.c, line 1470
The css_peer_alive() is calling.
Time: 11/14/25 13:56:13.613 - DEBUG *** file /home/cubrid/work/cubrid/src/connection/tcp.c, line 1470
The css_peer_alive() is calling.
Time: 11/14/25 13:56:18.618 - DEBUG *** file /home/cubrid/work/cubrid/src/connection/tcp.c, line 1470
The css_peer_alive() is calling.
Time: 11/14/25 13:56:23.623 - DEBUG *** file /home/cubrid/work/cubrid/src/connection/tcp.c, line 1470
The css_peer_alive() is calling.
Time: 11/14/25 13:56:28.624 - DEBUG *** file /home/cubrid/work/cubrid/src/connection/tcp.c, line 1470
The css_peer_alive() is calling.
Time: 11/14/25 13:56:33.629 - DEBUG *** file /home/cubrid/work/cubrid/src/connection/tcp.c, line 1470
The css_peer_alive() is calling.
Time: 11/14/25 13:56:38.631 - DEBUG *** file /home/cubrid/work/cubrid/src/connection/tcp.c, line 1470
The css_peer_alive() is calling.
Time: 11/14/25 13:56:43.632 - DEBUG *** file /home/cubrid/work/cubrid/src/connection/tcp.c, line 1470
The css_peer_alive() is calling.
Time: 11/14/25 13:56:48.637 - DEBUG *** file /home/cubrid/work/cubrid/src/connection/tcp.c, line 1470
The css_peer_alive() is calling.
Time: 11/14/25 13:56:53.642 - DEBUG *** file /home/cubrid/work/cubrid/src/connection/tcp.c, line 1470
The css_peer_alive() is calling.
Time: 11/14/25 13:56:58.647 - DEBUG *** file /home/cubrid/work/cubrid/src/connection/tcp.c, line 1470
The css_peer_alive() is calling.
Time: 11/14/25 13:57:03.653 - DEBUG *** file /home/cubrid/work/cubrid/src/connection/tcp.c, line 1470
The css_peer_alive() is calling.
Time: 11/14/25 13:57:08.656 - DEBUG *** file /home/cubrid/work/cubrid/src/connection/tcp.c, line 1470
The css_peer_alive() is calling.
Time: 11/14/25 13:57:13.661 - DEBUG *** file /home/cubrid/work/cubrid/src/connection/tcp.c, line 1470
The css_peer_alive() is calling.
Time: 11/14/25 13:57:18.666 - DEBUG *** file /home/cubrid/work/cubrid/src/connection/tcp.c, line 1470
The css_peer_alive() is calling.
Time: 11/14/25 13:57:23.670 - DEBUG *** file /home/cubrid/work/cubrid/src/connection/tcp.c, line 1470
The css_peer_alive() is calling.
Time: 11/14/25 13:57:28.671 - DEBUG *** file /home/cubrid/work/cubrid/src/connection/tcp.c, line 1470
The css_peer_alive() is calling.
Time: 11/14/25 13:57:33.676 - DEBUG *** file /home/cubrid/work/cubrid/src/connection/tcp.c, line 1470
The css_peer_alive() is calling.
Time: 11/14/25 13:57:38.681 - DEBUG *** file /home/cubrid/work/cubrid/src/connection/tcp.c, line 1470
The css_peer_alive() is calling.
Time: 11/14/25 13:57:43.686 - DEBUG *** file /home/cubrid/work/cubrid/src/connection/tcp.c, line 1470
The css_peer_alive() is calling.
Time: 11/14/25 13:57:48.688 - DEBUG *** file /home/cubrid/work/cubrid/src/connection/tcp.c, line 1470
The css_peer_alive() is calling.
Time: 11/14/25 13:57:53.689 - DEBUG *** file /home/cubrid/work/cubrid/src/connection/tcp.c, line 1470
The css_peer_alive() is calling.
Time: 11/14/25 13:57:58.694 - DEBUG *** file /home/cubrid/work/cubrid/src/connection/tcp.c, line 1470
The css_peer_alive() is calling.
Time: 11/14/25 13:58:03.698 - DEBUG *** file /home/cubrid/work/cubrid/src/connection/tcp.c, line 1470
The css_peer_alive() is calling.
Time: 11/14/25 13:58:08.702 - DEBUG *** file /home/cubrid/work/cubrid/src/connection/tcp.c, line 1470
The css_peer_alive() is calling.
Time: 11/14/25 13:58:13.706 - DEBUG *** file /home/cubrid/work/cubrid/src/connection/tcp.c, line 1470
The css_peer_alive() is calling.
Time: 11/14/25 13:58:18.711 - DEBUG *** file /home/cubrid/work/cubrid/src/connection/tcp.c, line 1470
The css_peer_alive() is calling.
Time: 11/14/25 13:58:23.716 - DEBUG *** file /home/cubrid/work/cubrid/src/connection/tcp.c, line 1470
The css_peer_alive() is calling.
Time: 11/14/25 13:58:28.721 - DEBUG *** file /home/cubrid/work/cubrid/src/connection/tcp.c, line 1470
The css_peer_alive() is calling.
Time: 11/14/25 13:58:33.726 - DEBUG *** file /home/cubrid/work/cubrid/src/connection/tcp.c, line 1470
The css_peer_alive() is calling.
Time: 11/14/25 13:58:38.731 - DEBUG *** file /home/cubrid/work/cubrid/src/connection/tcp.c, line 1470
The css_peer_alive() is calling.
Time: 11/14/25 13:58:43.736 - DEBUG *** file /home/cubrid/work/cubrid/src/connection/tcp.c, line 1470
The css_peer_alive() is calling.
Time: 11/14/25 13:58:48.741 - DEBUG *** file /home/cubrid/work/cubrid/src/connection/tcp.c, line 1470
The css_peer_alive() is calling.
Time: 11/14/25 13:58:53.746 - DEBUG *** file /home/cubrid/work/cubrid/src/connection/tcp.c, line 1470
The css_peer_alive() is calling.
Time: 11/14/25 13:58:58.747 - DEBUG *** file /home/cubrid/work/cubrid/src/connection/tcp.c, line 1470
The css_peer_alive() is calling.
Time: 11/14/25 13:59:03.749 - DEBUG *** file /home/cubrid/work/cubrid/src/connection/tcp.c, line 1470
The css_peer_alive() is calling.
Time: 11/14/25 13:59:08.754 - DEBUG *** file /home/cubrid/work/cubrid/src/connection/tcp.c, line 1470
The css_peer_alive() is calling.
Time: 11/14/25 13:59:13.759 - DEBUG *** file /home/cubrid/work/cubrid/src/connection/tcp.c, line 1470
The css_peer_alive() is calling.
Time: 11/14/25 13:59:18.762 - DEBUG *** file /home/cubrid/work/cubrid/src/connection/tcp.c, line 1470
The css_peer_alive() is calling.
Time: 11/14/25 13:59:23.762 - DEBUG *** file /home/cubrid/work/cubrid/src/connection/tcp.c, line 1470
The css_peer_alive() is calling.
Time: 11/14/25 13:59:28.763 - DEBUG *** file /home/cubrid/work/cubrid/src/connection/tcp.c, line 1470
The css_peer_alive() is calling.
Time: 11/14/25 13:59:33.764 - DEBUG *** file /home/cubrid/work/cubrid/src/connection/tcp.c, line 1470
The css_peer_alive() is calling.
Time: 11/14/25 13:59:38.765 - DEBUG *** file /home/cubrid/work/cubrid/src/connection/tcp.c, line 1470
The css_peer_alive() is calling.
Time: 11/14/25 13:59:43.770 - DEBUG *** file /home/cubrid/work/cubrid/src/connection/tcp.c, line 1470
The css_peer_alive() is calling.
Time: 11/14/25 13:59:48.775 - DEBUG *** file /home/cubrid/work/cubrid/src/connection/tcp.c, line 1470
The css_peer_alive() is calling.
Time: 11/14/25 13:59:53.781 - DEBUG *** file /home/cubrid/work/cubrid/src/connection/tcp.c, line 1470
The css_peer_alive() is calling.
Time: 11/14/25 13:59:58.786 - DEBUG *** file /home/cubrid/work/cubrid/src/connection/tcp.c, line 1470
The css_peer_alive() is calling.
Time: 11/14/25 14:00:03.786 - DEBUG *** file /home/cubrid/work/cubrid/src/connection/tcp.c, line 1470
The css_peer_alive() is calling.
Time: 11/14/25 14:00:08.792 - DEBUG *** file /home/cubrid/work/cubrid/src/connection/tcp.c, line 1470
The css_peer_alive() is calling.
Time: 11/14/25 14:00:13.796 - DEBUG *** file /home/cubrid/work/cubrid/src/connection/tcp.c, line 1470
The css_peer_alive() is calling.
Time: 11/14/25 14:00:18.798 - DEBUG *** file /home/cubrid/work/cubrid/src/connection/tcp.c, line 1470
The css_peer_alive() is calling.
Time: 11/14/25 14:00:23.803 - DEBUG *** file /home/cubrid/work/cubrid/src/connection/tcp.c, line 1470
The css_peer_alive() is calling.
Time: 11/14/25 14:00:28.808 - DEBUG *** file /home/cubrid/work/cubrid/src/connection/tcp.c, line 1470
The css_peer_alive() is calling.
Time: 11/14/25 14:00:33.813 - DEBUG *** file /home/cubrid/work/cubrid/src/connection/tcp.c, line 1470
The css_peer_alive() is calling.
Time: 11/14/25 14:00:38.818 - DEBUG *** file /home/cubrid/work/cubrid/src/connection/tcp.c, line 1470
The css_peer_alive() is calling.
Time: 11/14/25 14:00:43.823 - DEBUG *** file /home/cubrid/work/cubrid/src/connection/tcp.c, line 1470
The css_peer_alive() is calling.
Time: 11/14/25 14:00:48.828 - DEBUG *** file /home/cubrid/work/cubrid/src/connection/tcp.c, line 1470
The css_peer_alive() is calling.
Time: 11/14/25 14:00:53.833 - DEBUG *** file /home/cubrid/work/cubrid/src/connection/tcp.c, line 1470
The css_peer_alive() is calling.
Time: 11/14/25 14:00:58.839 - DEBUG *** file /home/cubrid/work/cubrid/src/connection/tcp.c, line 1470
The css_peer_alive() is calling.
Time: 11/14/25 14:01:03.844 - DEBUG *** file /home/cubrid/work/cubrid/src/connection/tcp.c, line 1470
The css_peer_alive() is calling.
Time: 11/14/25 14:01:08.849 - DEBUG *** file /home/cubrid/work/cubrid/src/connection/tcp.c, line 1470
The css_peer_alive() is calling.
Time: 11/14/25 14:01:13.854 - DEBUG *** file /home/cubrid/work/cubrid/src/connection/tcp.c, line 1470
The css_peer_alive() is calling.
Time: 11/14/25 14:01:18.856 - DEBUG *** file /home/cubrid/work/cubrid/src/connection/tcp.c, line 1470
The css_peer_alive() is calling.
Time: 11/14/25 14:01:23.862 - DEBUG *** file /home/cubrid/work/cubrid/src/connection/tcp.c, line 1470
The css_peer_alive() is calling.
Time: 11/14/25 14:01:28.867 - DEBUG *** file /home/cubrid/work/cubrid/src/connection/tcp.c, line 1470
The css_peer_alive() is calling.
Time: 11/14/25 14:01:33.872 - DEBUG *** file /home/cubrid/work/cubrid/src/connection/tcp.c, line 1470
The css_peer_alive() is calling.
Time: 11/14/25 14:01:38.874 - DEBUG *** file /home/cubrid/work/cubrid/src/connection/tcp.c, line 1470
The css_peer_alive() is calling.
Time: 11/14/25 14:01:43.879 - DEBUG *** file /home/cubrid/work/cubrid/src/connection/tcp.c, line 1470
The css_peer_alive() is calling.
Time: 11/14/25 14:01:48.885 - DEBUG *** file /home/cubrid/work/cubrid/src/connection/tcp.c, line 1470
The css_peer_alive() is calling.
Time: 11/14/25 14:01:53.888 - DEBUG *** file /home/cubrid/work/cubrid/src/connection/tcp.c, line 1470
The css_peer_alive() is calling.
Time: 11/14/25 14:01:58.893 - DEBUG *** file /home/cubrid/work/cubrid/src/connection/tcp.c, line 1470
The css_peer_alive() is calling.
Time: 11/14/25 14:02:03.894 - DEBUG *** file /home/cubrid/work/cubrid/src/connection/tcp.c, line 1470
The css_peer_alive() is calling.
Time: 11/14/25 14:02:08.898 - DEBUG *** file /home/cubrid/work/cubrid/src/connection/tcp.c, line 1470
The css_peer_alive() is calling.
Time: 11/14/25 14:02:13.899 - DEBUG *** file /home/cubrid/work/cubrid/src/connection/tcp.c, line 1470
The css_peer_alive() is calling.
Time: 11/14/25 14:02:18.904 - DEBUG *** file /home/cubrid/work/cubrid/src/connection/tcp.c, line 1470
The css_peer_alive() is calling.
Time: 11/14/25 14:02:23.909 - DEBUG *** file /home/cubrid/work/cubrid/src/connection/tcp.c, line 1470
The css_peer_alive() is calling.
Time: 11/14/25 14:02:28.914 - DEBUG *** file /home/cubrid/work/cubrid/src/connection/tcp.c, line 1470
The css_peer_alive() is calling.
Time: 11/14/25 14:02:33.919 - DEBUG *** file /home/cubrid/work/cubrid/src/connection/tcp.c, line 1470
The css_peer_alive() is calling.
Time: 11/14/25 14:02:38.924 - DEBUG *** file /home/cubrid/work/cubrid/src/connection/tcp.c, line 1470
The css_peer_alive() is calling.
Time: 11/14/25 14:02:43.928 - DEBUG *** file /home/cubrid/work/cubrid/src/connection/tcp.c, line 1470
The css_peer_alive() is calling.
Time: 11/14/25 14:02:48.931 - DEBUG *** file /home/cubrid/work/cubrid/src/connection/tcp.c, line 1470
The css_peer_alive() is calling.
Time: 11/14/25 14:02:53.935 - DEBUG *** file /home/cubrid/work/cubrid/src/connection/tcp.c, line 1470
The css_peer_alive() is calling.
Time: 11/14/25 14:02:58.940 - DEBUG *** file /home/cubrid/work/cubrid/src/connection/tcp.c, line 1470
The css_peer_alive() is calling.
Time: 11/14/25 14:03:03.945 - DEBUG *** file /home/cubrid/work/cubrid/src/connection/tcp.c, line 1470
The css_peer_alive() is calling.
Time: 11/14/25 14:03:08.950 - DEBUG *** file /home/cubrid/work/cubrid/src/connection/tcp.c, line 1470
The css_peer_alive() is calling.
Time: 11/14/25 14:03:13.956 - DEBUG *** file /home/cubrid/work/cubrid/src/connection/tcp.c, line 1470
The css_peer_alive() is calling.
Time: 11/14/25 14:03:18.958 - DEBUG *** file /home/cubrid/work/cubrid/src/connection/tcp.c, line 1470
The css_peer_alive() is calling.
Time: 11/14/25 14:03:23.963 - DEBUG *** file /home/cubrid/work/cubrid/src/connection/tcp.c, line 1470
The css_peer_alive() is calling.
Time: 11/14/25 14:03:28.968 - DEBUG *** file /home/cubrid/work/cubrid/src/connection/tcp.c, line 1470
The css_peer_alive() is calling.
Time: 11/14/25 14:03:33.973 - DEBUG *** file /home/cubrid/work/cubrid/src/connection/tcp.c, line 1470
The css_peer_alive() is calling.
Time: 11/14/25 14:03:38.975 - DEBUG *** file /home/cubrid/work/cubrid/src/connection/tcp.c, line 1470
The css_peer_alive() is calling.
Time: 11/14/25 14:03:43.980 - DEBUG *** file /home/cubrid/work/cubrid/src/connection/tcp.c, line 1470
The css_peer_alive() is calling.
Time: 11/14/25 14:03:48.985 - DEBUG *** file /home/cubrid/work/cubrid/src/connection/tcp.c, line 1470
The css_peer_alive() is calling.
Time: 11/14/25 14:03:53.990 - DEBUG *** file /home/cubrid/work/cubrid/src/connection/tcp.c, line 1470
The css_peer_alive() is calling.
Time: 11/14/25 14:03:58.995 - DEBUG *** file /home/cubrid/work/cubrid/src/connection/tcp.c, line 1470
The css_peer_alive() is calling.
Time: 11/14/25 14:04:04.000 - DEBUG *** file /home/cubrid/work/cubrid/src/connection/tcp.c, line 1470
The css_peer_alive() is calling.
Time: 11/14/25 14:04:09.005 - DEBUG *** file /home/cubrid/work/cubrid/src/connection/tcp.c, line 1470
The css_peer_alive() is calling.
Time: 11/14/25 14:04:14.010 - DEBUG *** file /home/cubrid/work/cubrid/src/connection/tcp.c, line 1470
The css_peer_alive() is calling.
Time: 11/14/25 14:04:19.012 - DEBUG *** file /home/cubrid/work/cubrid/src/connection/tcp.c, line 1470
The css_peer_alive() is calling.
Time: 11/14/25 14:04:24.017 - DEBUG *** file /home/cubrid/work/cubrid/src/connection/tcp.c, line 1470
The css_peer_alive() is calling.
Time: 11/14/25 14:04:29.022 - DEBUG *** file /home/cubrid/work/cubrid/src/connection/tcp.c, line 1470
The css_peer_alive() is calling.
Time: 11/14/25 14:04:34.027 - DEBUG *** file /home/cubrid/work/cubrid/src/connection/tcp.c, line 1470
The css_peer_alive() is calling.
Time: 11/14/25 14:04:39.033 - DEBUG *** file /home/cubrid/work/cubrid/src/connection/tcp.c, line 1470
The css_peer_alive() is calling.
Time: 11/14/25 14:04:44.035 - DEBUG *** file /home/cubrid/work/cubrid/src/connection/tcp.c, line 1470
The css_peer_alive() is calling.
Time: 11/14/25 14:04:49.040 - DEBUG *** file /home/cubrid/work/cubrid/src/connection/tcp.c, line 1470
The css_peer_alive() is calling.
Time: 11/14/25 14:04:54.041 - DEBUG *** file /home/cubrid/work/cubrid/src/connection/tcp.c, line 1470
The css_peer_alive() is calling.
Time: 11/14/25 14:04:59.047 - DEBUG *** file /home/cubrid/work/cubrid/src/connection/tcp.c, line 1470
The css_peer_alive() is calling.
Time: 11/14/25 14:05:04.048 - DEBUG *** file /home/cubrid/work/cubrid/src/connection/tcp.c, line 1470
The css_peer_alive() is calling.
Time: 11/14/25 14:05:09.053 - DEBUG *** file /home/cubrid/work/cubrid/src/connection/tcp.c, line 1470
The css_peer_alive() is calling.
Time: 11/14/25 14:05:14.056 - DEBUG *** file /home/cubrid/work/cubrid/src/connection/tcp.c, line 1470
The css_peer_alive() is calling.
Time: 11/14/25 14:05:19.061 - DEBUG *** file /home/cubrid/work/cubrid/src/connection/tcp.c, line 1470
The css_peer_alive() is calling.
Time: 11/14/25 14:05:24.063 - DEBUG *** file /home/cubrid/work/cubrid/src/connection/tcp.c, line 1470
The css_peer_alive() is calling.
Time: 11/14/25 14:05:29.068 - DEBUG *** file /home/cubrid/work/cubrid/src/connection/tcp.c, line 1470
The css_peer_alive() is calling.
Time: 11/14/25 14:05:34.074 - DEBUG *** file /home/cubrid/work/cubrid/src/connection/tcp.c, line 1470
The css_peer_alive() is calling.
Time: 11/14/25 14:05:39.079 - DEBUG *** file /home/cubrid/work/cubrid/src/connection/tcp.c, line 1470
The css_peer_alive() is calling.
Time: 11/14/25 14:05:44.079 - DEBUG *** file /home/cubrid/work/cubrid/src/connection/tcp.c, line 1470
The css_peer_alive() is calling.
Time: 11/14/25 14:05:49.081 - DEBUG *** file /home/cubrid/work/cubrid/src/connection/tcp.c, line 1470
The css_peer_alive() is calling.
Time: 11/14/25 14:05:54.087 - DEBUG *** file /home/cubrid/work/cubrid/src/connection/tcp.c, line 1470
The css_peer_alive() is calling.
Time: 11/14/25 14:05:59.089 - DEBUG *** file /home/cubrid/work/cubrid/src/connection/tcp.c, line 1470
The css_peer_alive() is calling.
Time: 11/14/25 14:06:04.094 - DEBUG *** file /home/cubrid/work/cubrid/src/connection/tcp.c, line 1470
The css_peer_alive() is calling.
Time: 11/14/25 14:06:09.099 - DEBUG *** file /home/cubrid/work/cubrid/src/connection/tcp.c, line 1470
The css_peer_alive() is calling.
Time: 11/14/25 14:06:14.101 - DEBUG *** file /home/cubrid/work/cubrid/src/connection/tcp.c, line 1470
The css_peer_alive() is calling.
Time: 11/14/25 14:06:19.103 - DEBUG *** file /home/cubrid/work/cubrid/src/connection/tcp.c, line 1470
The css_peer_alive() is calling.
Time: 11/14/25 14:06:24.107 - DEBUG *** file /home/cubrid/work/cubrid/src/connection/tcp.c, line 1470
The css_peer_alive() is calling.
Time: 11/14/25 14:06:29.108 - DEBUG *** file /home/cubrid/work/cubrid/src/connection/tcp.c, line 1470
The css_peer_alive() is calling.
Time: 11/14/25 14:06:34.113 - DEBUG *** file /home/cubrid/work/cubrid/src/connection/tcp.c, line 1470
The css_peer_alive() is calling.
Time: 11/14/25 14:06:39.118 - DEBUG *** file /home/cubrid/work/cubrid/src/connection/tcp.c, line 1470
The css_peer_alive() is calling.
Time: 11/14/25 14:06:44.122 - DEBUG *** file /home/cubrid/work/cubrid/src/connection/tcp.c, line 1470
The css_peer_alive() is calling.
Time: 11/14/25 14:06:49.123 - DEBUG *** file /home/cubrid/work/cubrid/src/connection/tcp.c, line 1470
The css_peer_alive() is calling.
Time: 11/14/25 14:06:54.127 - DEBUG *** file /home/cubrid/work/cubrid/src/connection/tcp.c, line 1470
The css_peer_alive() is calling.
Time: 11/14/25 14:06:59.128 - DEBUG *** file /home/cubrid/work/cubrid/src/connection/tcp.c, line 1470
The css_peer_alive() is calling.
Time: 11/14/25 14:07:04.133 - DEBUG *** file /home/cubrid/work/cubrid/src/connection/tcp.c, line 1470
The css_peer_alive() is calling.
Time: 11/14/25 14:07:09.138 - DEBUG *** file /home/cubrid/work/cubrid/src/connection/tcp.c, line 1470
The css_peer_alive() is calling.
Time: 11/14/25 14:07:14.143 - DEBUG *** file /home/cubrid/work/cubrid/src/connection/tcp.c, line 1470
The css_peer_alive() is calling.
Time: 11/14/25 14:07:19.148 - DEBUG *** file /home/cubrid/work/cubrid/src/connection/tcp.c, line 1470
The css_peer_alive() is calling.
Time: 11/14/25 14:07:24.150 - DEBUG *** file /home/cubrid/work/cubrid/src/connection/tcp.c, line 1470
The css_peer_alive() is calling.
Time: 11/14/25 14:07:29.153 - DEBUG *** file /home/cubrid/work/cubrid/src/connection/tcp.c, line 1470
The css_peer_alive() is calling.
Time: 11/14/25 14:07:34.158 - DEBUG *** file /home/cubrid/work/cubrid/src/connection/tcp.c, line 1470
The css_peer_alive() is calling.
Time: 11/14/25 14:07:39.159 - DEBUG *** file /home/cubrid/work/cubrid/src/connection/tcp.c, line 1470
The css_peer_alive() is calling.
Time: 11/14/25 14:07:44.165 - DEBUG *** file /home/cubrid/work/cubrid/src/connection/tcp.c, line 1470
The css_peer_alive() is calling.
Time: 11/14/25 14:07:49.170 - DEBUG *** file /home/cubrid/work/cubrid/src/connection/tcp.c, line 1470
The css_peer_alive() is calling.
Time: 11/14/25 14:07:54.170 - DEBUG *** file /home/cubrid/work/cubrid/src/connection/tcp.c, line 1470
The css_peer_alive() is calling.
Time: 11/14/25 14:07:59.175 - DEBUG *** file /home/cubrid/work/cubrid/src/connection/tcp.c, line 1470
The css_peer_alive() is calling.
Time: 11/14/25 14:08:04.180 - DEBUG *** file /home/cubrid/work/cubrid/src/connection/tcp.c, line 1470
The css_peer_alive() is calling.
Time: 11/14/25 14:08:09.185 - DEBUG *** file /home/cubrid/work/cubrid/src/connection/tcp.c, line 1470
The css_peer_alive() is calling.
Time: 11/14/25 14:08:14.190 - DEBUG *** file /home/cubrid/work/cubrid/src/connection/tcp.c, line 1470
The css_peer_alive() is calling.
Time: 11/14/25 14:08:19.193 - DEBUG *** file /home/cubrid/work/cubrid/src/connection/tcp.c, line 1470
The css_peer_alive() is calling.
Time: 11/14/25 14:08:24.198 - DEBUG *** file /home/cubrid/work/cubrid/src/connection/tcp.c, line 1470
The css_peer_alive() is calling.
Time: 11/14/25 14:08:29.204 - DEBUG *** file /home/cubrid/work/cubrid/src/connection/tcp.c, line 1470
The css_peer_alive() is calling.
Time: 11/14/25 14:08:34.209 - DEBUG *** file /home/cubrid/work/cubrid/src/connection/tcp.c, line 1470
The css_peer_alive() is calling.
Time: 11/14/25 14:08:39.216 - DEBUG *** file /home/cubrid/work/cubrid/src/connection/tcp.c, line 1470
The css_peer_alive() is calling.
Time: 11/14/25 14:08:44.221 - DEBUG *** file /home/cubrid/work/cubrid/src/connection/tcp.c, line 1470
The css_peer_alive() is calling.
Time: 11/14/25 14:08:49.226 - DEBUG *** file /home/cubrid/work/cubrid/src/connection/tcp.c, line 1470
The css_peer_alive() is calling.
Time: 11/14/25 14:08:54.229 - DEBUG *** file /home/cubrid/work/cubrid/src/connection/tcp.c, line 1470
The css_peer_alive() is calling.
Time: 11/14/25 14:08:59.234 - DEBUG *** file /home/cubrid/work/cubrid/src/connection/tcp.c, line 1470
The css_peer_alive() is calling.
Time: 11/14/25 14:09:04.239 - DEBUG *** file /home/cubrid/work/cubrid/src/connection/tcp.c, line 1470
The css_peer_alive() is calling.
Time: 11/14/25 14:09:09.240 - DEBUG *** file /home/cubrid/work/cubrid/src/connection/tcp.c, line 1470
The css_peer_alive() is calling.
Time: 11/14/25 14:09:14.241 - DEBUG *** file /home/cubrid/work/cubrid/src/connection/tcp.c, line 1470
The css_peer_alive() is calling.
Time: 11/14/25 14:09:19.244 - DEBUG *** file /home/cubrid/work/cubrid/src/connection/tcp.c, line 1470
The css_peer_alive() is calling.
Time: 11/14/25 14:09:24.249 - DEBUG *** file /home/cubrid/work/cubrid/src/connection/tcp.c, line 1470
The css_peer_alive() is calling.
Time: 11/14/25 14:09:29.251 - DEBUG *** file /home/cubrid/work/cubrid/src/connection/tcp.c, line 1470
The css_peer_alive() is calling.
Time: 11/14/25 14:09:34.255 - DEBUG *** file /home/cubrid/work/cubrid/src/connection/tcp.c, line 1470
The css_peer_alive() is calling.
Time: 11/14/25 14:09:39.260 - DEBUG *** file /home/cubrid/work/cubrid/src/connection/tcp.c, line 1470
The css_peer_alive() is calling.
Time: 11/14/25 14:09:44.266 - DEBUG *** file /home/cubrid/work/cubrid/src/connection/tcp.c, line 1470
The css_peer_alive() is calling.
Time: 11/14/25 14:09:49.270 - DEBUG *** file /home/cubrid/work/cubrid/src/connection/tcp.c, line 1470
The css_peer_alive() is calling.
Time: 11/14/25 14:09:54.275 - DEBUG *** file /home/cubrid/work/cubrid/src/connection/tcp.c, line 1470
The css_peer_alive() is calling.
Time: 11/14/25 14:09:59.281 - DEBUG *** file /home/cubrid/work/cubrid/src/connection/tcp.c, line 1470
The css_peer_alive() is calling.
Time: 11/14/25 14:10:04.286 - DEBUG *** file /home/cubrid/work/cubrid/src/connection/tcp.c, line 1470
The css_peer_alive() is calling.
Time: 11/14/25 14:10:09.291 - DEBUG *** file /home/cubrid/work/cubrid/src/connection/tcp.c, line 1470
The css_peer_alive() is calling.
Time: 11/14/25 14:10:14.296 - DEBUG *** file /home/cubrid/work/cubrid/src/connection/tcp.c, line 1470
The css_peer_alive() is calling.
Time: 11/14/25 14:10:19.301 - DEBUG *** file /home/cubrid/work/cubrid/src/connection/tcp.c, line 1470
The css_peer_alive() is calling.
Time: 11/14/25 14:10:24.305 - DEBUG *** file /home/cubrid/work/cubrid/src/connection/tcp.c, line 1470
The css_peer_alive() is calling.
Time: 11/14/25 14:10:29.310 - DEBUG *** file /home/cubrid/work/cubrid/src/connection/tcp.c, line 1470
The css_peer_alive() is calling.
Time: 11/14/25 14:10:34.315 - DEBUG *** file /home/cubrid/work/cubrid/src/connection/tcp.c, line 1470
The css_peer_alive() is calling.
Time: 11/14/25 14:10:39.317 - DEBUG *** file /home/cubrid/work/cubrid/src/connection/tcp.c, line 1470
The css_peer_alive() is calling.
Time: 11/14/25 14:10:44.322 - DEBUG *** file /home/cubrid/work/cubrid/src/connection/tcp.c, line 1470
The css_peer_alive() is calling.
Time: 11/14/25 14:10:49.327 - DEBUG *** file /home/cubrid/work/cubrid/src/connection/tcp.c, line 1470
The css_peer_alive() is calling.
Time: 11/14/25 14:10:54.332 - DEBUG *** file /home/cubrid/work/cubrid/src/connection/tcp.c, line 1470
The css_peer_alive() is calling.
Time: 11/14/25 14:10:59.338 - DEBUG *** file /home/cubrid/work/cubrid/src/connection/tcp.c, line 1470
The css_peer_alive() is calling.
Time: 11/14/25 14:11:04.341 - DEBUG *** file /home/cubrid/work/cubrid/src/connection/tcp.c, line 1470
The css_peer_alive() is calling.
Time: 11/14/25 14:11:09.343 - DEBUG *** file /home/cubrid/work/cubrid/src/connection/tcp.c, line 1470
The css_peer_alive() is calling.
Time: 11/14/25 14:11:14.348 - DEBUG *** file /home/cubrid/work/cubrid/src/connection/tcp.c, line 1470
The css_peer_alive() is calling.
Time: 11/14/25 14:11:19.351 - DEBUG *** file /home/cubrid/work/cubrid/src/connection/tcp.c, line 1470
The css_peer_alive() is calling.
Time: 11/14/25 14:11:24.356 - DEBUG *** file /home/cubrid/work/cubrid/src/connection/tcp.c, line 1470
The css_peer_alive() is calling.
Time: 11/14/25 14:11:29.360 - DEBUG *** file /home/cubrid/work/cubrid/src/connection/tcp.c, line 1470
The css_peer_alive() is calling.
Time: 11/14/25 14:11:34.363 - DEBUG *** file /home/cubrid/work/cubrid/src/connection/tcp.c, line 1470
The css_peer_alive() is calling.
Time: 11/14/25 14:11:39.368 - DEBUG *** file /home/cubrid/work/cubrid/src/connection/tcp.c, line 1470
The css_peer_alive() is calling.
Time: 11/14/25 14:11:44.369 - DEBUG *** file /home/cubrid/work/cubrid/src/connection/tcp.c, line 1470
The css_peer_alive() is calling.
Time: 11/14/25 14:11:49.373 - DEBUG *** file /home/cubrid/work/cubrid/src/connection/tcp.c, line 1470
The css_peer_alive() is calling.
Time: 11/14/25 14:11:54.377 - DEBUG *** file /home/cubrid/work/cubrid/src/connection/tcp.c, line 1470
The css_peer_alive() is calling.
Time: 11/14/25 14:11:59.377 - DEBUG *** file /home/cubrid/work/cubrid/src/connection/tcp.c, line 1470
The css_peer_alive() is calling.
Time: 11/14/25 14:12:04.381 - DEBUG *** file /home/cubrid/work/cubrid/src/connection/tcp.c, line 1470
The css_peer_alive() is calling.
Time: 11/14/25 14:12:09.385 - DEBUG *** file /home/cubrid/work/cubrid/src/connection/tcp.c, line 1470
The css_peer_alive() is calling.
Time: 11/14/25 14:12:14.390 - DEBUG *** file /home/cubrid/work/cubrid/src/connection/tcp.c, line 1470
The css_peer_alive() is calling.
Time: 11/14/25 14:12:19.395 - DEBUG *** file /home/cubrid/work/cubrid/src/connection/tcp.c, line 1470
The css_peer_alive() is calling.
Time: 11/14/25 14:12:24.400 - DEBUG *** file /home/cubrid/work/cubrid/src/connection/tcp.c, line 1470
The css_peer_alive() is calling.
Time: 11/14/25 14:12:29.401 - DEBUG *** file /home/cubrid/work/cubrid/src/connection/tcp.c, line 1470
The css_peer_alive() is calling.
Time: 11/14/25 14:12:34.406 - DEBUG *** file /home/cubrid/work/cubrid/src/connection/tcp.c, line 1470
The css_peer_alive() is calling.
Time: 11/14/25 14:12:39.410 - DEBUG *** file /home/cubrid/work/cubrid/src/connection/tcp.c, line 1470
The css_peer_alive() is calling.
Time: 11/14/25 14:12:44.413 - DEBUG *** file /home/cubrid/work/cubrid/src/connection/tcp.c, line 1470
The css_peer_alive() is calling.
Time: 11/14/25 14:12:49.418 - DEBUG *** file /home/cubrid/work/cubrid/src/connection/tcp.c, line 1470
The css_peer_alive() is calling.
Time: 11/14/25 14:12:54.423 - DEBUG *** file /home/cubrid/work/cubrid/src/connection/tcp.c, line 1470
The css_peer_alive() is calling.
Time: 11/14/25 14:12:59.428 - DEBUG *** file /home/cubrid/work/cubrid/src/connection/tcp.c, line 1470
The css_peer_alive() is calling.
Time: 11/14/25 14:13:04.433 - DEBUG *** file /home/cubrid/work/cubrid/src/connection/tcp.c, line 1470
The css_peer_alive() is calling.
Time: 11/14/25 14:13:09.438 - DEBUG *** file /home/cubrid/work/cubrid/src/connection/tcp.c, line 1470
The css_peer_alive() is calling.
Time: 11/14/25 14:13:14.444 - DEBUG *** file /home/cubrid/work/cubrid/src/connection/tcp.c, line 1470
The css_peer_alive() is calling.
Time: 11/14/25 14:13:19.449 - DEBUG *** file /home/cubrid/work/cubrid/src/connection/tcp.c, line 1470
The css_peer_alive() is calling.
Time: 11/14/25 14:13:24.454 - DEBUG *** file /home/cubrid/work/cubrid/src/connection/tcp.c, line 1470
The css_peer_alive() is calling.
Time: 11/14/25 14:13:29.459 - DEBUG *** file /home/cubrid/work/cubrid/src/connection/tcp.c, line 1470
The css_peer_alive() is calling.
Time: 11/14/25 14:13:34.461 - DEBUG *** file /home/cubrid/work/cubrid/src/connection/tcp.c, line 1470
The css_peer_alive() is calling.
Time: 11/14/25 14:13:39.466 - DEBUG *** file /home/cubrid/work/cubrid/src/connection/tcp.c, line 1470
The css_peer_alive() is calling.
Time: 11/14/25 14:13:44.467 - DEBUG *** file /home/cubrid/work/cubrid/src/connection/tcp.c, line 1470
The css_peer_alive() is calling.
Time: 11/14/25 14:13:49.470 - DEBUG *** file /home/cubrid/work/cubrid/src/connection/tcp.c, line 1470
The css_peer_alive() is calling.
Time: 11/14/25 14:13:54.471 - DEBUG *** file /home/cubrid/work/cubrid/src/connection/tcp.c, line 1470
The css_peer_alive() is calling.
Time: 11/14/25 14:13:59.476 - DEBUG *** file /home/cubrid/work/cubrid/src/connection/tcp.c, line 1470
The css_peer_alive() is calling.
Time: 11/14/25 14:14:04.481 - DEBUG *** file /home/cubrid/work/cubrid/src/connection/tcp.c, line 1470
The css_peer_alive() is calling.
Time: 11/14/25 14:14:09.482 - DEBUG *** file /home/cubrid/work/cubrid/src/connection/tcp.c, line 1470
The css_peer_alive() is calling.
Time: 11/14/25 14:14:14.483 - DEBUG *** file /home/cubrid/work/cubrid/src/connection/tcp.c, line 1470
The css_peer_alive() is calling.
Time: 11/14/25 14:14:19.488 - DEBUG *** file /home/cubrid/work/cubrid/src/connection/tcp.c, line 1470
The css_peer_alive() is calling.
Time: 11/14/25 14:14:24.493 - DEBUG *** file /home/cubrid/work/cubrid/src/connection/tcp.c, line 1470
The css_peer_alive() is calling.
Time: 11/14/25 14:14:29.498 - DEBUG *** file /home/cubrid/work/cubrid/src/connection/tcp.c, line 1470
The css_peer_alive() is calling.
Time: 11/14/25 14:14:34.501 - DEBUG *** file /home/cubrid/work/cubrid/src/connection/tcp.c, line 1470
The css_peer_alive() is calling.
Time: 11/14/25 14:14:39.503 - DEBUG *** file /home/cubrid/work/cubrid/src/connection/tcp.c, line 1470
The css_peer_alive() is calling.
Time: 11/14/25 14:14:44.508 - DEBUG *** file /home/cubrid/work/cubrid/src/connection/tcp.c, line 1470
The css_peer_alive() is calling.
Time: 11/14/25 14:14:49.513 - DEBUG *** file /home/cubrid/work/cubrid/src/connection/tcp.c, line 1470
The css_peer_alive() is calling.
Time: 11/14/25 14:14:54.518 - DEBUG *** file /home/cubrid/work/cubrid/src/connection/tcp.c, line 1470
The css_peer_alive() is calling.
Time: 11/14/25 14:14:59.523 - DEBUG *** file /home/cubrid/work/cubrid/src/connection/tcp.c, line 1470
The css_peer_alive() is calling.
Time: 11/14/25 14:15:04.525 - DEBUG *** file /home/cubrid/work/cubrid/src/connection/tcp.c, line 1470
The css_peer_alive() is calling.
Time: 11/14/25 14:15:09.530 - DEBUG *** file /home/cubrid/work/cubrid/src/connection/tcp.c, line 1470
The css_peer_alive() is calling.
Time: 11/14/25 14:15:14.533 - DEBUG *** file /home/cubrid/work/cubrid/src/connection/tcp.c, line 1470
The css_peer_alive() is calling.
Time: 11/14/25 14:15:19.538 - DEBUG *** file /home/cubrid/work/cubrid/src/connection/tcp.c, line 1470
The css_peer_alive() is calling.
Time: 11/14/25 14:15:24.543 - DEBUG *** file /home/cubrid/work/cubrid/src/connection/tcp.c, line 1470
The css_peer_alive() is calling.
Time: 11/14/25 14:15:29.544 - DEBUG *** file /home/cubrid/work/cubrid/src/connection/tcp.c, line 1470
The css_peer_alive() is calling.
Time: 11/14/25 14:15:34.547 - DEBUG *** file /home/cubrid/work/cubrid/src/connection/tcp.c, line 1470
The css_peer_alive() is calling.
Time: 11/14/25 14:15:39.552 - DEBUG *** file /home/cubrid/work/cubrid/src/connection/tcp.c, line 1470
The css_peer_alive() is calling.
Time: 11/14/25 14:15:44.554 - DEBUG *** file /home/cubrid/work/cubrid/src/connection/tcp.c, line 1470
The css_peer_alive() is calling.
Time: 11/14/25 14:15:49.558 - DEBUG *** file /home/cubrid/work/cubrid/src/connection/tcp.c, line 1470
The css_peer_alive() is calling.
Time: 11/14/25 14:15:54.563 - DEBUG *** file /home/cubrid/work/cubrid/src/connection/tcp.c, line 1470
The css_peer_alive() is calling.
Time: 11/14/25 14:15:59.568 - DEBUG *** file /home/cubrid/work/cubrid/src/connection/tcp.c, line 1470
The css_peer_alive() is calling.
Time: 11/14/25 14:16:04.571 - DEBUG *** file /home/cubrid/work/cubrid/src/connection/tcp.c, line 1470
The css_peer_alive() is calling.
Time: 11/14/25 14:16:09.576 - DEBUG *** file /home/cubrid/work/cubrid/src/connection/tcp.c, line 1470
The css_peer_alive() is calling.
Time: 11/14/25 14:16:14.581 - DEBUG *** file /home/cubrid/work/cubrid/src/connection/tcp.c, line 1470
The css_peer_alive() is calling.
Time: 11/14/25 14:16:19.582 - DEBUG *** file /home/cubrid/work/cubrid/src/connection/tcp.c, line 1470
The css_peer_alive() is calling.
Time: 11/14/25 14:16:24.586 - DEBUG *** file /home/cubrid/work/cubrid/src/connection/tcp.c, line 1470
The css_peer_alive() is calling.
Time: 11/14/25 14:16:29.591 - DEBUG *** file /home/cubrid/work/cubrid/src/connection/tcp.c, line 1470
The css_peer_alive() is calling.
Time: 11/14/25 14:16:34.596 - DEBUG *** file /home/cubrid/work/cubrid/src/connection/tcp.c, line 1470
The css_peer_alive() is calling.
Time: 11/14/25 14:16:39.602 - DEBUG *** file /home/cubrid/work/cubrid/src/connection/tcp.c, line 1470
The css_peer_alive() is calling.
Time: 11/14/25 14:16:44.602 - DEBUG *** file /home/cubrid/work/cubrid/src/connection/tcp.c, line 1470
The css_peer_alive() is calling.
Time: 11/14/25 14:16:49.608 - DEBUG *** file /home/cubrid/work/cubrid/src/connection/tcp.c, line 1470
The css_peer_alive() is calling.
Time: 11/14/25 14:16:54.612 - DEBUG *** file /home/cubrid/work/cubrid/src/connection/tcp.c, line 1470
The css_peer_alive() is calling.
Time: 11/14/25 14:16:59.617 - DEBUG *** file /home/cubrid/work/cubrid/src/connection/tcp.c, line 1470
The css_peer_alive() is calling.
Time: 11/14/25 14:17:04.622 - DEBUG *** file /home/cubrid/work/cubrid/src/connection/tcp.c, line 1470
The css_peer_alive() is calling.
Time: 11/14/25 14:17:09.626 - DEBUG *** file /home/cubrid/work/cubrid/src/connection/tcp.c, line 1470
The css_peer_alive() is calling.
Time: 11/14/25 14:17:14.631 - DEBUG *** file /home/cubrid/work/cubrid/src/connection/tcp.c, line 1470
The css_peer_alive() is calling.
Time: 11/14/25 14:17:19.637 - DEBUG *** file /home/cubrid/work/cubrid/src/connection/tcp.c, line 1470
The css_peer_alive() is calling.
Time: 11/14/25 14:17:24.637 - DEBUG *** file /home/cubrid/work/cubrid/src/connection/tcp.c, line 1470
The css_peer_alive() is calling.
Time: 11/14/25 14:17:29.640 - DEBUG *** file /home/cubrid/work/cubrid/src/connection/tcp.c, line 1470
The css_peer_alive() is calling.
Time: 11/14/25 14:17:34.645 - DEBUG *** file /home/cubrid/work/cubrid/src/connection/tcp.c, line 1470
The css_peer_alive() is calling.
Time: 11/14/25 14:17:39.650 - DEBUG *** file /home/cubrid/work/cubrid/src/connection/tcp.c, line 1470
The css_peer_alive() is calling.
Time: 11/14/25 14:17:44.655 - DEBUG *** file /home/cubrid/work/cubrid/src/connection/tcp.c, line 1470
The css_peer_alive() is calling.
Time: 11/14/25 14:17:49.655 - DEBUG *** file /home/cubrid/work/cubrid/src/connection/tcp.c, line 1470
The css_peer_alive() is calling.
Time: 11/14/25 14:17:54.660 - DEBUG *** file /home/cubrid/work/cubrid/src/connection/tcp.c, line 1470
The css_peer_alive() is calling.
Time: 11/14/25 14:17:59.661 - DEBUG *** file /home/cubrid/work/cubrid/src/connection/tcp.c, line 1470
The css_peer_alive() is calling.
Time: 11/14/25 14:18:04.664 - DEBUG *** file /home/cubrid/work/cubrid/src/connection/tcp.c, line 1470
The css_peer_alive() is calling.
Time: 11/14/25 14:18:09.670 - DEBUG *** file /home/cubrid/work/cubrid/src/connection/tcp.c, line 1470
The css_peer_alive() is calling.
Time: 11/14/25 14:18:14.670 - DEBUG *** file /home/cubrid/work/cubrid/src/connection/tcp.c, line 1470
The css_peer_alive() is calling.
Time: 11/14/25 14:18:19.672 - DEBUG *** file /home/cubrid/work/cubrid/src/connection/tcp.c, line 1470
The css_peer_alive() is calling.
Time: 11/14/25 14:18:24.675 - DEBUG *** file /home/cubrid/work/cubrid/src/connection/tcp.c, line 1470
The css_peer_alive() is calling.
Time: 11/14/25 14:18:29.677 - DEBUG *** file /home/cubrid/work/cubrid/src/connection/tcp.c, line 1470
The css_peer_alive() is calling.
Time: 11/14/25 14:18:34.679 - DEBUG *** file /home/cubrid/work/cubrid/src/connection/tcp.c, line 1470
The css_peer_alive() is calling.
Time: 11/14/25 14:18:39.682 - DEBUG *** file /home/cubrid/work/cubrid/src/connection/tcp.c, line 1470
The css_peer_alive() is calling.
Time: 11/14/25 14:18:44.683 - DEBUG *** file /home/cubrid/work/cubrid/src/connection/tcp.c, line 1470
The css_peer_alive() is calling.
Time: 11/14/25 14:18:49.688 - DEBUG *** file /home/cubrid/work/cubrid/src/connection/tcp.c, line 1470
The css_peer_alive() is calling.
Time: 11/14/25 14:18:54.693 - DEBUG *** file /home/cubrid/work/cubrid/src/connection/tcp.c, line 1470
The css_peer_alive() is calling.
Time: 11/14/25 14:18:59.698 - DEBUG *** file /home/cubrid/work/cubrid/src/connection/tcp.c, line 1470
The css_peer_alive() is calling.
Time: 11/14/25 14:19:04.703 - DEBUG *** file /home/cubrid/work/cubrid/src/connection/tcp.c, line 1470
The css_peer_alive() is calling.
Time: 11/14/25 14:19:09.708 - DEBUG *** file /home/cubrid/work/cubrid/src/connection/tcp.c, line 1470
The css_peer_alive() is calling.
Time: 11/14/25 14:19:14.710 - DEBUG *** file /home/cubrid/work/cubrid/src/connection/tcp.c, line 1470
The css_peer_alive() is calling.
Time: 11/14/25 14:19:19.715 - DEBUG *** file /home/cubrid/work/cubrid/src/connection/tcp.c, line 1470
The css_peer_alive() is calling.
Time: 11/14/25 14:19:24.719 - DEBUG *** file /home/cubrid/work/cubrid/src/connection/tcp.c, line 1470
The css_peer_alive() is calling.
Time: 11/14/25 14:19:29.724 - DEBUG *** file /home/cubrid/work/cubrid/src/connection/tcp.c, line 1470
The css_peer_alive() is calling.
Time: 11/14/25 14:19:34.726 - DEBUG *** file /home/cubrid/work/cubrid/src/connection/tcp.c, line 1470
The css_peer_alive() is calling.
Time: 11/14/25 14:19:39.728 - DEBUG *** file /home/cubrid/work/cubrid/src/connection/tcp.c, line 1470
The css_peer_alive() is calling.
Time: 11/14/25 14:19:44.730 - DEBUG *** file /home/cubrid/work/cubrid/src/connection/tcp.c, line 1470
The css_peer_alive() is calling.
Time: 11/14/25 14:19:49.736 - DEBUG *** file /home/cubrid/work/cubrid/src/connection/tcp.c, line 1470
The css_peer_alive() is calling.
Time: 11/14/25 14:19:54.739 - DEBUG *** file /home/cubrid/work/cubrid/src/connection/tcp.c, line 1470
The css_peer_alive() is calling.
Time: 11/14/25 14:19:59.740 - DEBUG *** file /home/cubrid/work/cubrid/src/connection/tcp.c, line 1470
The css_peer_alive() is calling.
Time: 11/14/25 14:20:04.744 - DEBUG *** file /home/cubrid/work/cubrid/src/connection/tcp.c, line 1470
The css_peer_alive() is calling.
Time: 11/14/25 14:20:09.746 - DEBUG *** file /home/cubrid/work/cubrid/src/connection/tcp.c, line 1470
The css_peer_alive() is calling.
Time: 11/14/25 14:20:14.747 - DEBUG *** file /home/cubrid/work/cubrid/src/connection/tcp.c, line 1470
The css_peer_alive() is calling.
Time: 11/14/25 14:20:19.751 - DEBUG *** file /home/cubrid/work/cubrid/src/connection/tcp.c, line 1470
The css_peer_alive() is calling.
Time: 11/14/25 14:20:24.753 - DEBUG *** file /home/cubrid/work/cubrid/src/connection/tcp.c, line 1470
The css_peer_alive() is calling.
Time: 11/14/25 14:20:29.754 - DEBUG *** file /home/cubrid/work/cubrid/src/connection/tcp.c, line 1470
The css_peer_alive() is calling.
Time: 11/14/25 14:20:34.756 - DEBUG *** file /home/cubrid/work/cubrid/src/connection/tcp.c, line 1470
The css_peer_alive() is calling.
Time: 11/14/25 14:20:39.757 - DEBUG *** file /home/cubrid/work/cubrid/src/connection/tcp.c, line 1470
The css_peer_alive() is calling.
Time: 11/14/25 14:20:44.759 - DEBUG *** file /home/cubrid/work/cubrid/src/connection/tcp.c, line 1470
The css_peer_alive() is calling.
Time: 11/14/25 14:20:49.764 - DEBUG *** file /home/cubrid/work/cubrid/src/connection/tcp.c, line 1470
The css_peer_alive() is calling.
Time: 11/14/25 14:20:54.766 - DEBUG *** file /home/cubrid/work/cubrid/src/connection/tcp.c, line 1470
The css_peer_alive() is calling.
Time: 11/14/25 14:20:59.771 - DEBUG *** file /home/cubrid/work/cubrid/src/connection/tcp.c, line 1470
The css_peer_alive() is calling.
Time: 11/14/25 14:21:04.774 - DEBUG *** file /home/cubrid/work/cubrid/src/connection/tcp.c, line 1470
The css_peer_alive() is calling.
Time: 11/14/25 14:21:09.776 - DEBUG *** file /home/cubrid/work/cubrid/src/connection/tcp.c, line 1470
The css_peer_alive() is calling.
Time: 11/14/25 14:21:14.781 - DEBUG *** file /home/cubrid/work/cubrid/src/connection/tcp.c, line 1470
The css_peer_alive() is calling.
Time: 11/14/25 14:21:19.783 - DEBUG *** file /home/cubrid/work/cubrid/src/connection/tcp.c, line 1470
The css_peer_alive() is calling.
Time: 11/14/25 14:21:24.785 - DEBUG *** file /home/cubrid/work/cubrid/src/connection/tcp.c, line 1470
The css_peer_alive() is calling.
Time: 11/14/25 14:21:29.787 - DEBUG *** file /home/cubrid/work/cubrid/src/connection/tcp.c, line 1470
The css_peer_alive() is calling.
Time: 11/14/25 14:21:34.791 - DEBUG *** file /home/cubrid/work/cubrid/src/connection/tcp.c, line 1470
The css_peer_alive() is calling.
Time: 11/14/25 14:21:39.793 - DEBUG *** file /home/cubrid/work/cubrid/src/connection/tcp.c, line 1470
The css_peer_alive() is calling.
Time: 11/14/25 14:21:44.798 - DEBUG *** file /home/cubrid/work/cubrid/src/connection/tcp.c, line 1470
The css_peer_alive() is calling.
Time: 11/14/25 14:21:49.803 - DEBUG *** file /home/cubrid/work/cubrid/src/connection/tcp.c, line 1470
The css_peer_alive() is calling.
Time: 11/14/25 14:21:54.806 - DEBUG *** file /home/cubrid/work/cubrid/src/connection/tcp.c, line 1470
The css_peer_alive() is calling.
Time: 11/14/25 14:21:59.811 - DEBUG *** file /home/cubrid/work/cubrid/src/connection/tcp.c, line 1470
The css_peer_alive() is calling.
Time: 11/14/25 14:22:04.814 - DEBUG *** file /home/cubrid/work/cubrid/src/connection/tcp.c, line 1470
The css_peer_alive() is calling.
Time: 11/14/25 14:22:09.816 - DEBUG *** file /home/cubrid/work/cubrid/src/connection/tcp.c, line 1470
The css_peer_alive() is calling.
Time: 11/14/25 14:22:14.817 - DEBUG *** file /home/cubrid/work/cubrid/src/connection/tcp.c, line 1470
The css_peer_alive() is calling.
Time: 11/14/25 14:22:19.822 - DEBUG *** file /home/cubrid/work/cubrid/src/connection/tcp.c, line 1470
The css_peer_alive() is calling.
Time: 11/14/25 14:22:24.826 - DEBUG *** file /home/cubrid/work/cubrid/src/connection/tcp.c, line 1470
The css_peer_alive() is calling.
Time: 11/14/25 14:22:29.829 - DEBUG *** file /home/cubrid/work/cubrid/src/connection/tcp.c, line 1470
The css_peer_alive() is calling.
Time: 11/14/25 14:22:34.834 - DEBUG *** file /home/cubrid/work/cubrid/src/connection/tcp.c, line 1470
The css_peer_alive() is calling.
Time: 11/14/25 14:22:39.839 - DEBUG *** file /home/cubrid/work/cubrid/src/connection/tcp.c, line 1470
The css_peer_alive() is calling.
Time: 11/14/25 14:22:44.844 - DEBUG *** file /home/cubrid/work/cubrid/src/connection/tcp.c, line 1470
The css_peer_alive() is calling.
Time: 11/14/25 14:22:49.849 - DEBUG *** file /home/cubrid/work/cubrid/src/connection/tcp.c, line 1470
The css_peer_alive() is calling.
Time: 11/14/25 14:22:54.854 - DEBUG *** file /home/cubrid/work/cubrid/src/connection/tcp.c, line 1470
The css_peer_alive() is calling.
Time: 11/14/25 14:22:59.859 - DEBUG *** file /home/cubrid/work/cubrid/src/connection/tcp.c, line 1470
The css_peer_alive() is calling.
Time: 11/14/25 14:23:04.864 - DEBUG *** file /home/cubrid/work/cubrid/src/connection/tcp.c, line 1470
The css_peer_alive() is calling.
Time: 11/14/25 14:23:09.866 - DEBUG *** file /home/cubrid/work/cubrid/src/connection/tcp.c, line 1470
The css_peer_alive() is calling.
Time: 11/14/25 14:23:14.870 - DEBUG *** file /home/cubrid/work/cubrid/src/connection/tcp.c, line 1470
The css_peer_alive() is calling.
Time: 11/14/25 14:23:19.875 - DEBUG *** file /home/cubrid/work/cubrid/src/connection/tcp.c, line 1470
The css_peer_alive() is calling.
Time: 11/14/25 14:23:24.880 - DEBUG *** file /home/cubrid/work/cubrid/src/connection/tcp.c, line 1470
The css_peer_alive() is calling.
Time: 11/14/25 14:23:29.883 - DEBUG *** file /home/cubrid/work/cubrid/src/connection/tcp.c, line 1470
The css_peer_alive() is calling.
Time: 11/14/25 14:23:34.888 - DEBUG *** file /home/cubrid/work/cubrid/src/connection/tcp.c, line 1470
The css_peer_alive() is calling.
Time: 11/14/25 14:23:39.891 - DEBUG *** file /home/cubrid/work/cubrid/src/connection/tcp.c, line 1470
The css_peer_alive() is calling.
Time: 11/14/25 14:23:44.891 - DEBUG *** file /home/cubrid/work/cubrid/src/connection/tcp.c, line 1470
The css_peer_alive() is calling.
Time: 11/14/25 14:23:49.896 - DEBUG *** file /home/cubrid/work/cubrid/src/connection/tcp.c, line 1470
The css_peer_alive() is calling.
Time: 11/14/25 14:23:54.901 - DEBUG *** file /home/cubrid/work/cubrid/src/connection/tcp.c, line 1470
The css_peer_alive() is calling.
Time: 11/14/25 14:23:59.906 - DEBUG *** file /home/cubrid/work/cubrid/src/connection/tcp.c, line 1470
The css_peer_alive() is calling.
Time: 11/14/25 14:24:04.911 - DEBUG *** file /home/cubrid/work/cubrid/src/connection/tcp.c, line 1470
The css_peer_alive() is calling.
Time: 11/14/25 14:24:09.917 - DEBUG *** file /home/cubrid/work/cubrid/src/connection/tcp.c, line 1470
The css_peer_alive() is calling.
Time: 11/14/25 14:24:14.918 - DEBUG *** file /home/cubrid/work/cubrid/src/connection/tcp.c, line 1470
The css_peer_alive() is calling.
Time: 11/14/25 14:24:19.923 - DEBUG *** file /home/cubrid/work/cubrid/src/connection/tcp.c, line 1470
The css_peer_alive() is calling.
Time: 11/14/25 14:24:24.929 - DEBUG *** file /home/cubrid/work/cubrid/src/connection/tcp.c, line 1470
The css_peer_alive() is calling.
Time: 11/14/25 14:24:29.933 - DEBUG *** file /home/cubrid/work/cubrid/src/connection/tcp.c, line 1470
The css_peer_alive() is calling.
Time: 11/14/25 14:24:34.934 - DEBUG *** file /home/cubrid/work/cubrid/src/connection/tcp.c, line 1470
The css_peer_alive() is calling.
Time: 11/14/25 14:24:39.936 - DEBUG *** file /home/cubrid/work/cubrid/src/connection/tcp.c, line 1470
The css_peer_alive() is calling.
Time: 11/14/25 14:24:44.938 - DEBUG *** file /home/cubrid/work/cubrid/src/connection/tcp.c, line 1470
The css_peer_alive() is calling.
Time: 11/14/25 14:24:49.942 - DEBUG *** file /home/cubrid/work/cubrid/src/connection/tcp.c, line 1470
The css_peer_alive() is calling.
Time: 11/14/25 14:24:54.947 - DEBUG *** file /home/cubrid/work/cubrid/src/connection/tcp.c, line 1470
The css_peer_alive() is calling.
Time: 11/14/25 14:24:59.951 - DEBUG *** file /home/cubrid/work/cubrid/src/connection/tcp.c, line 1470
The css_peer_alive() is calling.
Time: 11/14/25 14:25:04.955 - DEBUG *** file /home/cubrid/work/cubrid/src/connection/tcp.c, line 1470
The css_peer_alive() is calling.
Time: 11/14/25 14:25:09.956 - DEBUG *** file /home/cubrid/work/cubrid/src/connection/tcp.c, line 1470
The css_peer_alive() is calling.
Time: 11/14/25 14:25:14.959 - DEBUG *** file /home/cubrid/work/cubrid/src/connection/tcp.c, line 1470
The css_peer_alive() is calling.
Time: 11/14/25 14:25:19.963 - DEBUG *** file /home/cubrid/work/cubrid/src/connection/tcp.c, line 1470
The css_peer_alive() is calling.
Time: 11/14/25 14:25:24.964 - DEBUG *** file /home/cubrid/work/cubrid/src/connection/tcp.c, line 1470
The css_peer_alive() is calling.
Time: 11/14/25 14:25:29.969 - DEBUG *** file /home/cubrid/work/cubrid/src/connection/tcp.c, line 1470
The css_peer_alive() is calling.
Time: 11/14/25 14:25:34.974 - DEBUG *** file /home/cubrid/work/cubrid/src/connection/tcp.c, line 1470
The css_peer_alive() is calling.
Time: 11/14/25 14:25:39.979 - DEBUG *** file /home/cubrid/work/cubrid/src/connection/tcp.c, line 1470
The css_peer_alive() is calling.
Time: 11/14/25 14:25:44.979 - DEBUG *** file /home/cubrid/work/cubrid/src/connection/tcp.c, line 1470
The css_peer_alive() is calling.
Time: 11/14/25 14:25:49.982 - DEBUG *** file /home/cubrid/work/cubrid/src/connection/tcp.c, line 1470
The css_peer_alive() is calling.
Time: 11/14/25 14:25:54.986 - DEBUG *** file /home/cubrid/work/cubrid/src/connection/tcp.c, line 1470
The css_peer_alive() is calling.
Time: 11/14/25 14:25:59.991 - DEBUG *** file /home/cubrid/work/cubrid/src/connection/tcp.c, line 1470
The css_peer_alive() is calling.
Time: 11/14/25 14:26:04.992 - DEBUG *** file /home/cubrid/work/cubrid/src/connection/tcp.c, line 1470
The css_peer_alive() is calling.
Time: 11/14/25 14:26:09.997 - DEBUG *** file /home/cubrid/work/cubrid/src/connection/tcp.c, line 1470
The css_peer_alive() is calling.
Time: 11/14/25 14:26:15.002 - DEBUG *** file /home/cubrid/work/cubrid/src/connection/tcp.c, line 1470
The css_peer_alive() is calling.
Time: 11/14/25 14:26:20.007 - DEBUG *** file /home/cubrid/work/cubrid/src/connection/tcp.c, line 1470
The css_peer_alive() is calling.
Time: 11/14/25 14:26:25.009 - DEBUG *** file /home/cubrid/work/cubrid/src/connection/tcp.c, line 1470
The css_peer_alive() is calling.
Time: 11/14/25 14:26:30.009 - DEBUG *** file /home/cubrid/work/cubrid/src/connection/tcp.c, line 1470
The css_peer_alive() is calling.
Time: 11/14/25 14:26:35.011 - DEBUG *** file /home/cubrid/work/cubrid/src/connection/tcp.c, line 1470
The css_peer_alive() is calling.
Time: 11/14/25 14:26:40.016 - DEBUG *** file /home/cubrid/work/cubrid/src/connection/tcp.c, line 1470
The css_peer_alive() is calling.
Time: 11/14/25 14:26:45.017 - DEBUG *** file /home/cubrid/work/cubrid/src/connection/tcp.c, line 1470
The css_peer_alive() is calling.
Time: 11/14/25 14:26:50.022 - DEBUG *** file /home/cubrid/work/cubrid/src/connection/tcp.c, line 1470
The css_peer_alive() is calling.
Time: 11/14/25 14:26:55.027 - DEBUG *** file /home/cubrid/work/cubrid/src/connection/tcp.c, line 1470
The css_peer_alive() is calling.
Time: 11/14/25 14:27:00.030 - DEBUG *** file /home/cubrid/work/cubrid/src/connection/tcp.c, line 1470
The css_peer_alive() is calling.
Time: 11/14/25 14:27:05.033 - DEBUG *** file /home/cubrid/work/cubrid/src/connection/tcp.c, line 1470
The css_peer_alive() is calling.
Time: 11/14/25 14:27:10.038 - DEBUG *** file /home/cubrid/work/cubrid/src/connection/tcp.c, line 1470
The css_peer_alive() is calling.
Time: 11/14/25 14:27:15.040 - DEBUG *** file /home/cubrid/work/cubrid/src/connection/tcp.c, line 1470
The css_peer_alive() is calling.
Time: 11/14/25 14:27:20.045 - DEBUG *** file /home/cubrid/work/cubrid/src/connection/tcp.c, line 1470
The css_peer_alive() is calling.
Time: 11/14/25 14:27:25.051 - DEBUG *** file /home/cubrid/work/cubrid/src/connection/tcp.c, line 1470
The css_peer_alive() is calling.
Time: 11/14/25 14:27:30.056 - DEBUG *** file /home/cubrid/work/cubrid/src/connection/tcp.c, line 1470
The css_peer_alive() is calling.
Time: 11/14/25 14:27:35.057 - DEBUG *** file /home/cubrid/work/cubrid/src/connection/tcp.c, line 1470
The css_peer_alive() is calling.
Time: 11/14/25 14:27:40.061 - DEBUG *** file /home/cubrid/work/cubrid/src/connection/tcp.c, line 1470
The css_peer_alive() is calling.
Time: 11/14/25 14:27:45.066 - DEBUG *** file /home/cubrid/work/cubrid/src/connection/tcp.c, line 1470
The css_peer_alive() is calling.
Time: 11/14/25 14:27:50.072 - DEBUG *** file /home/cubrid/work/cubrid/src/connection/tcp.c, line 1470
The css_peer_alive() is calling.
Time: 11/14/25 14:27:55.077 - DEBUG *** file /home/cubrid/work/cubrid/src/connection/tcp.c, line 1470
The css_peer_alive() is calling.
Time: 11/14/25 14:28:00.081 - DEBUG *** file /home/cubrid/work/cubrid/src/connection/tcp.c, line 1470
The css_peer_alive() is calling.
Time: 11/14/25 14:28:05.086 - DEBUG *** file /home/cubrid/work/cubrid/src/connection/tcp.c, line 1470
The css_peer_alive() is calling.
Time: 11/14/25 14:28:10.092 - DEBUG *** file /home/cubrid/work/cubrid/src/connection/tcp.c, line 1470
The css_peer_alive() is calling.
Time: 11/14/25 14:28:15.097 - DEBUG *** file /home/cubrid/work/cubrid/src/connection/tcp.c, line 1470
The css_peer_alive() is calling.
Time: 11/14/25 14:28:20.102 - DEBUG *** file /home/cubrid/work/cubrid/src/connection/tcp.c, line 1470
The css_peer_alive() is calling.
Time: 11/14/25 14:28:25.107 - DEBUG *** file /home/cubrid/work/cubrid/src/connection/tcp.c, line 1470
The css_peer_alive() is calling.
Time: 11/14/25 14:28:30.111 - DEBUG *** file /home/cubrid/work/cubrid/src/connection/tcp.c, line 1470
The css_peer_alive() is calling.
Time: 11/14/25 14:28:35.114 - DEBUG *** file /home/cubrid/work/cubrid/src/connection/tcp.c, line 1470
The css_peer_alive() is calling.
Time: 11/14/25 14:28:40.117 - DEBUG *** file /home/cubrid/work/cubrid/src/connection/tcp.c, line 1470
The css_peer_alive() is calling.
Time: 11/14/25 14:28:45.122 - DEBUG *** file /home/cubrid/work/cubrid/src/connection/tcp.c, line 1470
The css_peer_alive() is calling.
Time: 11/14/25 14:28:50.125 - DEBUG *** file /home/cubrid/work/cubrid/src/connection/tcp.c, line 1470
The css_peer_alive() is calling.
Time: 11/14/25 14:28:55.128 - DEBUG *** file /home/cubrid/work/cubrid/src/connection/tcp.c, line 1470
The css_peer_alive() is calling.
Time: 11/14/25 14:29:00.131 - DEBUG *** file /home/cubrid/work/cubrid/src/connection/tcp.c, line 1470
The css_peer_alive() is calling.
Time: 11/14/25 14:29:05.134 - DEBUG *** file /home/cubrid/work/cubrid/src/connection/tcp.c, line 1470
The css_peer_alive() is calling.
Time: 11/14/25 14:29:10.139 - DEBUG *** file /home/cubrid/work/cubrid/src/connection/tcp.c, line 1470
The css_peer_alive() is calling.
Time: 11/14/25 14:29:15.144 - DEBUG *** file /home/cubrid/work/cubrid/src/connection/tcp.c, line 1470
The css_peer_alive() is calling.
Time: 11/14/25 14:29:20.149 - DEBUG *** file /home/cubrid/work/cubrid/src/connection/tcp.c, line 1470
The css_peer_alive() is calling.
Time: 11/14/25 14:29:25.151 - DEBUG *** file /home/cubrid/work/cubrid/src/connection/tcp.c, line 1470
The css_peer_alive() is calling.
Time: 11/14/25 14:29:30.156 - DEBUG *** file /home/cubrid/work/cubrid/src/connection/tcp.c, line 1470
The css_peer_alive() is calling.
Time: 11/14/25 14:29:35.162 - DEBUG *** file /home/cubrid/work/cubrid/src/connection/tcp.c, line 1470
The css_peer_alive() is calling.
Time: 11/14/25 14:29:40.167 - DEBUG *** file /home/cubrid/work/cubrid/src/connection/tcp.c, line 1470
The css_peer_alive() is calling.
Time: 11/14/25 14:29:45.172 - DEBUG *** file /home/cubrid/work/cubrid/src/connection/tcp.c, line 1470
The css_peer_alive() is calling.
Time: 11/14/25 14:29:50.177 - DEBUG *** file /home/cubrid/work/cubrid/src/connection/tcp.c, line 1470
The css_peer_alive() is calling.
Time: 11/14/25 14:29:55.179 - DEBUG *** file /home/cubrid/work/cubrid/src/connection/tcp.c, line 1470
The css_peer_alive() is calling.
Time: 11/14/25 14:30:00.184 - DEBUG *** file /home/cubrid/work/cubrid/src/connection/tcp.c, line 1470
The css_peer_alive() is calling.
Time: 11/14/25 14:30:05.189 - DEBUG *** file /home/cubrid/work/cubrid/src/connection/tcp.c, line 1470
The css_peer_alive() is calling.
Time: 11/14/25 14:30:10.193 - DEBUG *** file /home/cubrid/work/cubrid/src/connection/tcp.c, line 1470
The css_peer_alive() is calling.
Time: 11/14/25 14:30:15.198 - DEBUG *** file /home/cubrid/work/cubrid/src/connection/tcp.c, line 1470
The css_peer_alive() is calling.
Time: 11/14/25 14:30:20.203 - DEBUG *** file /home/cubrid/work/cubrid/src/connection/tcp.c, line 1470
The css_peer_alive() is calling.
Time: 11/14/25 14:30:25.209 - DEBUG *** file /home/cubrid/work/cubrid/src/connection/tcp.c, line 1470
The css_peer_alive() is calling.
Time: 11/14/25 14:30:30.213 - DEBUG *** file /home/cubrid/work/cubrid/src/connection/tcp.c, line 1470
The css_peer_alive() is calling.
Time: 11/14/25 14:30:35.218 - DEBUG *** file /home/cubrid/work/cubrid/src/connection/tcp.c, line 1470
The css_peer_alive() is calling.
Time: 11/14/25 14:30:40.223 - DEBUG *** file /home/cubrid/work/cubrid/src/connection/tcp.c, line 1470
The css_peer_alive() is calling.
Time: 11/14/25 14:30:45.228 - DEBUG *** file /home/cubrid/work/cubrid/src/connection/tcp.c, line 1470
The css_peer_alive() is calling.
Time: 11/14/25 14:30:50.233 - DEBUG *** file /home/cubrid/work/cubrid/src/connection/tcp.c, line 1470
The css_peer_alive() is calling.
Time: 11/14/25 14:30:55.238 - DEBUG *** file /home/cubrid/work/cubrid/src/connection/tcp.c, line 1470
The css_peer_alive() is calling.
Time: 11/14/25 14:31:00.244 - DEBUG *** file /home/cubrid/work/cubrid/src/connection/tcp.c, line 1470
The css_peer_alive() is calling.
Time: 11/14/25 14:31:05.249 - DEBUG *** file /home/cubrid/work/cubrid/src/connection/tcp.c, line 1470
The css_peer_alive() is calling.
Time: 11/14/25 14:31:10.254 - DEBUG *** file /home/cubrid/work/cubrid/src/connection/tcp.c, line 1470
The css_peer_alive() is calling.
Time: 11/14/25 14:31:15.259 - DEBUG *** file /home/cubrid/work/cubrid/src/connection/tcp.c, line 1470
The css_peer_alive() is calling.
Time: 11/14/25 14:31:20.264 - DEBUG *** file /home/cubrid/work/cubrid/src/connection/tcp.c, line 1470
The css_peer_alive() is calling.
Time: 11/14/25 14:31:25.269 - DEBUG *** file /home/cubrid/work/cubrid/src/connection/tcp.c, line 1470
The css_peer_alive() is calling.
Time: 11/14/25 14:31:30.274 - DEBUG *** file /home/cubrid/work/cubrid/src/connection/tcp.c, line 1470
The css_peer_alive() is calling.
Time: 11/14/25 14:31:35.277 - DEBUG *** file /home/cubrid/work/cubrid/src/connection/tcp.c, line 1470
The css_peer_alive() is calling.
Time: 11/14/25 14:31:40.282 - DEBUG *** file /home/cubrid/work/cubrid/src/connection/tcp.c, line 1470
The css_peer_alive() is calling.
Time: 11/14/25 14:31:45.288 - DEBUG *** file /home/cubrid/work/cubrid/src/connection/tcp.c, line 1470
The css_peer_alive() is calling.
Time: 11/14/25 14:31:50.292 - DEBUG *** file /home/cubrid/work/cubrid/src/connection/tcp.c, line 1470
The css_peer_alive() is calling.
Time: 11/14/25 14:31:55.297 - DEBUG *** file /home/cubrid/work/cubrid/src/connection/tcp.c, line 1470
The css_peer_alive() is calling.
Time: 11/14/25 14:32:00.302 - DEBUG *** file /home/cubrid/work/cubrid/src/connection/tcp.c, line 1470
The css_peer_alive() is calling.
Time: 11/14/25 14:32:05.303 - DEBUG *** file /home/cubrid/work/cubrid/src/connection/tcp.c, line 1470
The css_peer_alive() is calling.
Time: 11/14/25 14:32:10.304 - DEBUG *** file /home/cubrid/work/cubrid/src/connection/tcp.c, line 1470
The css_peer_alive() is calling.
Time: 11/14/25 14:32:15.306 - DEBUG *** file /home/cubrid/work/cubrid/src/connection/tcp.c, line 1470
The css_peer_alive() is calling.
Time: 11/14/25 14:32:20.311 - DEBUG *** file /home/cubrid/work/cubrid/src/connection/tcp.c, line 1470
The css_peer_alive() is calling.
Time: 11/14/25 14:32:25.316 - DEBUG *** file /home/cubrid/work/cubrid/src/connection/tcp.c, line 1470
The css_peer_alive() is calling.
Time: 11/14/25 14:32:30.319 - DEBUG *** file /home/cubrid/work/cubrid/src/connection/tcp.c, line 1470
The css_peer_alive() is calling.
Time: 11/14/25 14:32:35.320 - DEBUG *** file /home/cubrid/work/cubrid/src/connection/tcp.c, line 1470
The css_peer_alive() is calling.
Time: 11/14/25 14:32:40.325 - DEBUG *** file /home/cubrid/work/cubrid/src/connection/tcp.c, line 1470
The css_peer_alive() is calling.
Time: 11/14/25 14:32:45.330 - DEBUG *** file /home/cubrid/work/cubrid/src/connection/tcp.c, line 1470
The css_peer_alive() is calling.
Time: 11/14/25 14:32:50.335 - DEBUG *** file /home/cubrid/work/cubrid/src/connection/tcp.c, line 1470
The css_peer_alive() is calling.
Time: 11/14/25 14:32:55.341 - DEBUG *** file /home/cubrid/work/cubrid/src/connection/tcp.c, line 1470
The css_peer_alive() is calling.
Time: 11/14/25 14:33:00.346 - DEBUG *** file /home/cubrid/work/cubrid/src/connection/tcp.c, line 1470
The css_peer_alive() is calling.
Time: 11/14/25 14:33:05.351 - DEBUG *** file /home/cubrid/work/cubrid/src/connection/tcp.c, line 1470
The css_peer_alive() is calling.
Time: 11/14/25 14:33:10.356 - DEBUG *** file /home/cubrid/work/cubrid/src/connection/tcp.c, line 1470
The css_peer_alive() is calling.
Time: 11/14/25 14:33:15.356 - DEBUG *** file /home/cubrid/work/cubrid/src/connection/tcp.c, line 1470
The css_peer_alive() is calling.
Time: 11/14/25 14:33:20.361 - DEBUG *** file /home/cubrid/work/cubrid/src/connection/tcp.c, line 1470
The css_peer_alive() is calling.
Time: 11/14/25 14:33:25.367 - DEBUG *** file /home/cubrid/work/cubrid/src/connection/tcp.c, line 1470
The css_peer_alive() is calling.
Time: 11/14/25 14:33:30.372 - DEBUG *** file /home/cubrid/work/cubrid/src/connection/tcp.c, line 1470
The css_peer_alive() is calling.
Time: 11/14/25 14:33:35.377 - DEBUG *** file /home/cubrid/work/cubrid/src/connection/tcp.c, line 1470
The css_peer_alive() is calling.
Time: 11/14/25 14:33:40.382 - DEBUG *** file /home/cubrid/work/cubrid/src/connection/tcp.c, line 1470
The css_peer_alive() is calling.
Time: 11/14/25 14:33:45.387 - DEBUG *** file /home/cubrid/work/cubrid/src/connection/tcp.c, line 1470
The css_peer_alive() is calling.
Time: 11/14/25 14:33:50.392 - DEBUG *** file /home/cubrid/work/cubrid/src/connection/tcp.c, line 1470
The css_peer_alive() is calling.
Time: 11/14/25 14:33:55.397 - DEBUG *** file /home/cubrid/work/cubrid/src/connection/tcp.c, line 1470
The css_peer_alive() is calling.
Time: 11/14/25 14:34:00.400 - DEBUG *** file /home/cubrid/work/cubrid/src/connection/tcp.c, line 1470
The css_peer_alive() is calling.
Time: 11/14/25 14:34:05.404 - DEBUG *** file /home/cubrid/work/cubrid/src/connection/tcp.c, line 1470
The css_peer_alive() is calling.
Time: 11/14/25 14:34:10.409 - DEBUG *** file /home/cubrid/work/cubrid/src/connection/tcp.c, line 1470
The css_peer_alive() is calling.
Time: 11/14/25 14:34:15.414 - DEBUG *** file /home/cubrid/work/cubrid/src/connection/tcp.c, line 1470
The css_peer_alive() is calling.
Time: 11/14/25 14:34:20.420 - DEBUG *** file /home/cubrid/work/cubrid/src/connection/tcp.c, line 1470
The css_peer_alive() is calling.
Time: 11/14/25 14:34:25.425 - DEBUG *** file /home/cubrid/work/cubrid/src/connection/tcp.c, line 1470
The css_peer_alive() is calling.
Time: 11/14/25 14:34:30.426 - DEBUG *** file /home/cubrid/work/cubrid/src/connection/tcp.c, line 1470
The css_peer_alive() is calling.
Time: 11/14/25 14:34:35.431 - DEBUG *** file /home/cubrid/work/cubrid/src/connection/tcp.c, line 1470
The css_peer_alive() is calling.
Time: 11/14/25 14:34:40.436 - DEBUG *** file /home/cubrid/work/cubrid/src/connection/tcp.c, line 1470
The css_peer_alive() is calling.
Time: 11/14/25 14:34:45.441 - DEBUG *** file /home/cubrid/work/cubrid/src/connection/tcp.c, line 1470
The css_peer_alive() is calling.
Time: 11/14/25 14:34:50.447 - DEBUG *** file /home/cubrid/work/cubrid/src/connection/tcp.c, line 1470
The css_peer_alive() is calling.
Time: 11/14/25 14:34:55.450 - DEBUG *** file /home/cubrid/work/cubrid/src/connection/tcp.c, line 1470
The css_peer_alive() is calling.
Time: 11/14/25 14:35:00.454 - DEBUG *** file /home/cubrid/work/cubrid/src/connection/tcp.c, line 1470
The css_peer_alive() is calling.
Time: 11/14/25 14:35:05.459 - DEBUG *** file /home/cubrid/work/cubrid/src/connection/tcp.c, line 1470
The css_peer_alive() is calling.
Time: 11/14/25 14:35:10.465 - DEBUG *** file /home/cubrid/work/cubrid/src/connection/tcp.c, line 1470
The css_peer_alive() is calling.
Time: 11/14/25 14:35:15.469 - DEBUG *** file /home/cubrid/work/cubrid/src/connection/tcp.c, line 1470
The css_peer_alive() is calling.
Time: 11/14/25 14:35:20.474 - DEBUG *** file /home/cubrid/work/cubrid/src/connection/tcp.c, line 1470
The css_peer_alive() is calling.
Time: 11/14/25 14:35:25.479 - DEBUG *** file /home/cubrid/work/cubrid/src/connection/tcp.c, line 1470
The css_peer_alive() is calling.
Time: 11/14/25 14:35:30.481 - DEBUG *** file /home/cubrid/work/cubrid/src/connection/tcp.c, line 1470
The css_peer_alive() is calling.
Time: 11/14/25 14:35:35.485 - DEBUG *** file /home/cubrid/work/cubrid/src/connection/tcp.c, line 1470
The css_peer_alive() is calling.
Time: 11/14/25 14:35:40.490 - DEBUG *** file /home/cubrid/work/cubrid/src/connection/tcp.c, line 1470
The css_peer_alive() is calling.
Time: 11/14/25 14:35:45.495 - DEBUG *** file /home/cubrid/work/cubrid/src/connection/tcp.c, line 1470
The css_peer_alive() is calling.
Time: 11/14/25 14:35:50.501 - DEBUG *** file /home/cubrid/work/cubrid/src/connection/tcp.c, line 1470
The css_peer_alive() is calling.
Time: 11/14/25 14:35:55.503 - DEBUG *** file /home/cubrid/work/cubrid/src/connection/tcp.c, line 1470
The css_peer_alive() is calling.
Time: 11/14/25 14:36:00.508 - DEBUG *** file /home/cubrid/work/cubrid/src/connection/tcp.c, line 1470
The css_peer_alive() is calling.
Time: 11/14/25 14:36:05.513 - DEBUG *** file /home/cubrid/work/cubrid/src/connection/tcp.c, line 1470
The css_peer_alive() is calling.
Time: 11/14/25 14:36:10.514 - DEBUG *** file /home/cubrid/work/cubrid/src/connection/tcp.c, line 1470
The css_peer_alive() is calling.
Time: 11/14/25 14:36:15.519 - DEBUG *** file /home/cubrid/work/cubrid/src/connection/tcp.c, line 1470
The css_peer_alive() is calling.
Time: 11/14/25 14:36:20.524 - DEBUG *** file /home/cubrid/work/cubrid/src/connection/tcp.c, line 1470
The css_peer_alive() is calling.
Time: 11/14/25 14:36:25.529 - DEBUG *** file /home/cubrid/work/cubrid/src/connection/tcp.c, line 1470
The css_peer_alive() is calling.
Time: 11/14/25 14:36:30.534 - DEBUG *** file /home/cubrid/work/cubrid/src/connection/tcp.c, line 1470
The css_peer_alive() is calling.
Time: 11/14/25 14:36:35.540 - DEBUG *** file /home/cubrid/work/cubrid/src/connection/tcp.c, line 1470
The css_peer_alive() is calling.
Time: 11/14/25 14:36:40.545 - DEBUG *** file /home/cubrid/work/cubrid/src/connection/tcp.c, line 1470
The css_peer_alive() is calling.
Time: 11/14/25 14:36:45.550 - DEBUG *** file /home/cubrid/work/cubrid/src/connection/tcp.c, line 1470
The css_peer_alive() is calling.
Time: 11/14/25 14:36:50.550 - DEBUG *** file /home/cubrid/work/cubrid/src/connection/tcp.c, line 1470
The css_peer_alive() is calling.
Time: 11/14/25 14:36:55.555 - DEBUG *** file /home/cubrid/work/cubrid/src/connection/tcp.c, line 1470
The css_peer_alive() is calling.
Time: 11/14/25 14:37:00.560 - DEBUG *** file /home/cubrid/work/cubrid/src/connection/tcp.c, line 1470
The css_peer_alive() is calling.
Time: 11/14/25 14:37:05.566 - DEBUG *** file /home/cubrid/work/cubrid/src/connection/tcp.c, line 1470
The css_peer_alive() is calling.
Time: 11/14/25 14:37:10.571 - DEBUG *** file /home/cubrid/work/cubrid/src/connection/tcp.c, line 1470
The css_peer_alive() is calling.
Time: 11/14/25 14:37:15.576 - DEBUG *** file /home/cubrid/work/cubrid/src/connection/tcp.c, line 1470
The css_peer_alive() is calling.
Time: 11/14/25 14:37:20.578 - DEBUG *** file /home/cubrid/work/cubrid/src/connection/tcp.c, line 1470
The css_peer_alive() is calling.
Time: 11/14/25 14:37:25.578 - DEBUG *** file /home/cubrid/work/cubrid/src/connection/tcp.c, line 1470
The css_peer_alive() is calling.
Time: 11/14/25 14:37:30.584 - DEBUG *** file /home/cubrid/work/cubrid/src/connection/tcp.c, line 1470
The css_peer_alive() is calling.
Time: 11/14/25 14:37:35.589 - DEBUG *** file /home/cubrid/work/cubrid/src/connection/tcp.c, line 1470
The css_peer_alive() is calling.
Time: 11/14/25 14:37:40.594 - DEBUG *** file /home/cubrid/work/cubrid/src/connection/tcp.c, line 1470
The css_peer_alive() is calling.
Time: 11/14/25 14:37:45.599 - DEBUG *** file /home/cubrid/work/cubrid/src/connection/tcp.c, line 1470
The css_peer_alive() is calling.
Time: 11/14/25 14:37:50.604 - DEBUG *** file /home/cubrid/work/cubrid/src/connection/tcp.c, line 1470
The css_peer_alive() is calling.
Time: 11/14/25 14:37:55.604 - DEBUG *** file /home/cubrid/work/cubrid/src/connection/tcp.c, line 1470
The css_peer_alive() is calling.
Time: 11/14/25 14:38:00.606 - DEBUG *** file /home/cubrid/work/cubrid/src/connection/tcp.c, line 1470
The css_peer_alive() is calling.
Time: 11/14/25 14:38:05.610 - DEBUG *** file /home/cubrid/work/cubrid/src/connection/tcp.c, line 1470
The css_peer_alive() is calling.
Time: 11/14/25 14:38:10.615 - DEBUG *** file /home/cubrid/work/cubrid/src/connection/tcp.c, line 1470
The css_peer_alive() is calling.
Time: 11/14/25 14:38:15.619 - DEBUG *** file /home/cubrid/work/cubrid/src/connection/tcp.c, line 1470
The css_peer_alive() is calling.
Time: 11/14/25 14:38:20.624 - DEBUG *** file /home/cubrid/work/cubrid/src/connection/tcp.c, line 1470
The css_peer_alive() is calling.
Time: 11/14/25 14:38:25.629 - DEBUG *** file /home/cubrid/work/cubrid/src/connection/tcp.c, line 1470
The css_peer_alive() is calling.
Time: 11/14/25 14:38:30.634 - DEBUG *** file /home/cubrid/work/cubrid/src/connection/tcp.c, line 1470
The css_peer_alive() is calling.
Time: 11/14/25 14:38:35.638 - DEBUG *** file /home/cubrid/work/cubrid/src/connection/tcp.c, line 1470
The css_peer_alive() is calling.
Time: 11/14/25 14:38:40.643 - DEBUG *** file /home/cubrid/work/cubrid/src/connection/tcp.c, line 1470
The css_peer_alive() is calling.
Time: 11/14/25 14:38:45.647 - DEBUG *** file /home/cubrid/work/cubrid/src/connection/tcp.c, line 1470
The css_peer_alive() is calling.
Time: 11/14/25 14:38:50.652 - DEBUG *** file /home/cubrid/work/cubrid/src/connection/tcp.c, line 1470
The css_peer_alive() is calling.
Time: 11/14/25 14:38:55.658 - DEBUG *** file /home/cubrid/work/cubrid/src/connection/tcp.c, line 1470
The css_peer_alive() is calling.
Time: 11/14/25 14:39:00.663 - DEBUG *** file /home/cubrid/work/cubrid/src/connection/tcp.c, line 1470
The css_peer_alive() is calling.
Time: 11/14/25 14:39:05.668 - DEBUG *** file /home/cubrid/work/cubrid/src/connection/tcp.c, line 1470
The css_peer_alive() is calling.
Time: 11/14/25 14:39:10.673 - DEBUG *** file /home/cubrid/work/cubrid/src/connection/tcp.c, line 1470
The css_peer_alive() is calling.
Time: 11/14/25 14:39:15.675 - DEBUG *** file /home/cubrid/work/cubrid/src/connection/tcp.c, line 1470
The css_peer_alive() is calling.
Time: 11/14/25 14:39:20.679 - DEBUG *** file /home/cubrid/work/cubrid/src/connection/tcp.c, line 1470
The css_peer_alive() is calling.
Time: 11/14/25 14:39:25.679 - DEBUG *** file /home/cubrid/work/cubrid/src/connection/tcp.c, line 1470
The css_peer_alive() is calling.
Time: 11/14/25 14:39:30.679 - DEBUG *** file /home/cubrid/work/cubrid/src/connection/tcp.c, line 1470
The css_peer_alive() is calling.
Time: 11/14/25 14:39:35.684 - DEBUG *** file /home/cubrid/work/cubrid/src/connection/tcp.c, line 1470
The css_peer_alive() is calling.
Time: 11/14/25 14:39:40.688 - DEBUG *** file /home/cubrid/work/cubrid/src/connection/tcp.c, line 1470
The css_peer_alive() is calling.
Time: 11/14/25 14:39:45.693 - DEBUG *** file /home/cubrid/work/cubrid/src/connection/tcp.c, line 1470
The css_peer_alive() is calling.
Time: 11/14/25 14:39:50.697 - DEBUG *** file /home/cubrid/work/cubrid/src/connection/tcp.c, line 1470
The css_peer_alive() is calling.
Time: 11/14/25 14:39:55.702 - DEBUG *** file /home/cubrid/work/cubrid/src/connection/tcp.c, line 1470
The css_peer_alive() is calling.
Time: 11/14/25 14:40:00.706 - DEBUG *** file /home/cubrid/work/cubrid/src/connection/tcp.c, line 1470
The css_peer_alive() is calling.
Time: 11/14/25 14:40:05.708 - DEBUG *** file /home/cubrid/work/cubrid/src/connection/tcp.c, line 1470
The css_peer_alive() is calling.
Time: 11/14/25 14:40:10.712 - DEBUG *** file /home/cubrid/work/cubrid/src/connection/tcp.c, line 1470
The css_peer_alive() is calling.
Time: 11/14/25 14:40:15.716 - DEBUG *** file /home/cubrid/work/cubrid/src/connection/tcp.c, line 1470
The css_peer_alive() is calling.
Time: 11/14/25 14:40:20.721 - DEBUG *** file /home/cubrid/work/cubrid/src/connection/tcp.c, line 1470
The css_peer_alive() is calling.
Time: 11/14/25 14:40:25.726 - DEBUG *** file /home/cubrid/work/cubrid/src/connection/tcp.c, line 1470
The css_peer_alive() is calling.
Time: 11/14/25 14:40:30.727 - DEBUG *** file /home/cubrid/work/cubrid/src/connection/tcp.c, line 1470
The css_peer_alive() is calling.
Time: 11/14/25 14:40:35.730 - DEBUG *** file /home/cubrid/work/cubrid/src/connection/tcp.c, line 1470
The css_peer_alive() is calling.
Time: 11/14/25 14:40:40.732 - DEBUG *** file /home/cubrid/work/cubrid/src/connection/tcp.c, line 1470
The css_peer_alive() is calling.
Time: 11/14/25 14:40:45.737 - DEBUG *** file /home/cubrid/work/cubrid/src/connection/tcp.c, line 1470
The css_peer_alive() is calling.
Time: 11/14/25 14:40:50.739 - DEBUG *** file /home/cubrid/work/cubrid/src/connection/tcp.c, line 1470
The css_peer_alive() is calling.
Time: 11/14/25 14:40:55.743 - DEBUG *** file /home/cubrid/work/cubrid/src/connection/tcp.c, line 1470
The css_peer_alive() is calling.
Time: 11/14/25 14:41:00.748 - DEBUG *** file /home/cubrid/work/cubrid/src/connection/tcp.c, line 1470
The css_peer_alive() is calling.
Time: 11/14/25 14:41:05.753 - DEBUG *** file /home/cubrid/work/cubrid/src/connection/tcp.c, line 1470
The css_peer_alive() is calling.
Time: 11/14/25 14:41:10.758 - DEBUG *** file /home/cubrid/work/cubrid/src/connection/tcp.c, line 1470
The css_peer_alive() is calling.
Time: 11/14/25 14:41:15.763 - DEBUG *** file /home/cubrid/work/cubrid/src/connection/tcp.c, line 1470
The css_peer_alive() is calling.
Time: 11/14/25 14:41:20.766 - DEBUG *** file /home/cubrid/work/cubrid/src/connection/tcp.c, line 1470
The css_peer_alive() is calling.
Time: 11/14/25 14:41:25.769 - DEBUG *** file /home/cubrid/work/cubrid/src/connection/tcp.c, line 1470
The css_peer_alive() is calling.
Time: 11/14/25 14:41:30.773 - DEBUG *** file /home/cubrid/work/cubrid/src/connection/tcp.c, line 1470
The css_peer_alive() is calling.
Time: 11/14/25 14:41:35.776 - DEBUG *** file /home/cubrid/work/cubrid/src/connection/tcp.c, line 1470
The css_peer_alive() is calling.
Time: 11/14/25 14:41:40.781 - DEBUG *** file /home/cubrid/work/cubrid/src/connection/tcp.c, line 1470
The css_peer_alive() is calling.
Time: 11/14/25 14:41:45.782 - DEBUG *** file /home/cubrid/work/cubrid/src/connection/tcp.c, line 1470
The css_peer_alive() is calling.
Time: 11/14/25 14:41:50.787 - DEBUG *** file /home/cubrid/work/cubrid/src/connection/tcp.c, line 1470
The css_peer_alive() is calling.
Time: 11/14/25 14:41:55.792 - DEBUG *** file /home/cubrid/work/cubrid/src/connection/tcp.c, line 1470
The css_peer_alive() is calling.
Time: 11/14/25 14:42:00.797 - DEBUG *** file /home/cubrid/work/cubrid/src/connection/tcp.c, line 1470
The css_peer_alive() is calling.
Time: 11/14/25 14:42:05.802 - DEBUG *** file /home/cubrid/work/cubrid/src/connection/tcp.c, line 1470
The css_peer_alive() is calling.
Time: 11/14/25 14:42:10.806 - DEBUG *** file /home/cubrid/work/cubrid/src/connection/tcp.c, line 1470
The css_peer_alive() is calling.
Time: 11/14/25 14:42:15.809 - DEBUG *** file /home/cubrid/work/cubrid/src/connection/tcp.c, line 1470
The css_peer_alive() is calling.
Time: 11/14/25 14:42:20.810 - DEBUG *** file /home/cubrid/work/cubrid/src/connection/tcp.c, line 1470
The css_peer_alive() is calling.
Time: 11/14/25 14:42:25.811 - DEBUG *** file /home/cubrid/work/cubrid/src/connection/tcp.c, line 1470
The css_peer_alive() is calling.
Time: 11/14/25 14:42:30.816 - DEBUG *** file /home/cubrid/work/cubrid/src/connection/tcp.c, line 1470
The css_peer_alive() is calling.
Time: 11/14/25 14:42:35.817 - DEBUG *** file /home/cubrid/work/cubrid/src/connection/tcp.c, line 1470
The css_peer_alive() is calling.
Time: 11/14/25 14:42:40.818 - DEBUG *** file /home/cubrid/work/cubrid/src/connection/tcp.c, line 1470
The css_peer_alive() is calling.
Time: 11/14/25 14:42:45.822 - DEBUG *** file /home/cubrid/work/cubrid/src/connection/tcp.c, line 1470
The css_peer_alive() is calling.
Time: 11/14/25 14:42:50.826 - DEBUG *** file /home/cubrid/work/cubrid/src/connection/tcp.c, line 1470
The css_peer_alive() is calling.
Time: 11/14/25 14:42:55.831 - DEBUG *** file /home/cubrid/work/cubrid/src/connection/tcp.c, line 1470
The css_peer_alive() is calling.
Time: 11/14/25 14:43:00.836 - DEBUG *** file /home/cubrid/work/cubrid/src/connection/tcp.c, line 1470
The css_peer_alive() is calling.
Time: 11/14/25 14:43:05.841 - DEBUG *** file /home/cubrid/work/cubrid/src/connection/tcp.c, line 1470
The css_peer_alive() is calling.
Time: 11/14/25 14:43:10.842 - DEBUG *** file /home/cubrid/work/cubrid/src/connection/tcp.c, line 1470
The css_peer_alive() is calling.
Time: 11/14/25 14:43:15.847 - DEBUG *** file /home/cubrid/work/cubrid/src/connection/tcp.c, line 1470
The css_peer_alive() is calling.
Time: 11/14/25 14:43:20.852 - DEBUG *** file /home/cubrid/work/cubrid/src/connection/tcp.c, line 1470
The css_peer_alive() is calling.
Time: 11/14/25 14:43:25.856 - DEBUG *** file /home/cubrid/work/cubrid/src/connection/tcp.c, line 1470
The css_peer_alive() is calling.
Time: 11/14/25 14:43:30.859 - DEBUG *** file /home/cubrid/work/cubrid/src/connection/tcp.c, line 1470
The css_peer_alive() is calling.
Time: 11/14/25 14:43:35.865 - DEBUG *** file /home/cubrid/work/cubrid/src/connection/tcp.c, line 1470
The css_peer_alive() is calling.
Time: 11/14/25 14:43:40.869 - DEBUG *** file /home/cubrid/work/cubrid/src/connection/tcp.c, line 1470
The css_peer_alive() is calling.
Time: 11/14/25 14:43:45.875 - DEBUG *** file /home/cubrid/work/cubrid/src/connection/tcp.c, line 1470
The css_peer_alive() is calling.
Time: 11/14/25 14:43:50.880 - DEBUG *** file /home/cubrid/work/cubrid/src/connection/tcp.c, line 1470
The css_peer_alive() is calling.
Time: 11/14/25 14:43:55.882 - DEBUG *** file /home/cubrid/work/cubrid/src/connection/tcp.c, line 1470
The css_peer_alive() is calling.
Time: 11/14/25 14:44:00.887 - DEBUG *** file /home/cubrid/work/cubrid/src/connection/tcp.c, line 1470
The css_peer_alive() is calling.
Time: 11/14/25 14:44:05.891 - DEBUG *** file /home/cubrid/work/cubrid/src/connection/tcp.c, line 1470
The css_peer_alive() is calling.
Time: 11/14/25 14:44:10.896 - DEBUG *** file /home/cubrid/work/cubrid/src/connection/tcp.c, line 1470
The css_peer_alive() is calling.
Time: 11/14/25 14:44:15.901 - DEBUG *** file /home/cubrid/work/cubrid/src/connection/tcp.c, line 1470
The css_peer_alive() is calling.
Time: 11/14/25 14:44:20.907 - DEBUG *** file /home/cubrid/work/cubrid/src/connection/tcp.c, line 1470
The css_peer_alive() is calling.
Time: 11/14/25 14:44:25.910 - DEBUG *** file /home/cubrid/work/cubrid/src/connection/tcp.c, line 1470
The css_peer_alive() is calling.
Time: 11/14/25 14:44:30.915 - DEBUG *** file /home/cubrid/work/cubrid/src/connection/tcp.c, line 1470
The css_peer_alive() is calling.
Time: 11/14/25 14:44:35.920 - DEBUG *** file /home/cubrid/work/cubrid/src/connection/tcp.c, line 1470
The css_peer_alive() is calling.
Time: 11/14/25 14:44:40.922 - DEBUG *** file /home/cubrid/work/cubrid/src/connection/tcp.c, line 1470
The css_peer_alive() is calling.
Time: 11/14/25 14:44:45.923 - DEBUG *** file /home/cubrid/work/cubrid/src/connection/tcp.c, line 1470
The css_peer_alive() is calling.
Time: 11/14/25 14:44:50.928 - DEBUG *** file /home/cubrid/work/cubrid/src/connection/tcp.c, line 1470
The css_peer_alive() is calling.
Time: 11/14/25 14:44:55.933 - DEBUG *** file /home/cubrid/work/cubrid/src/connection/tcp.c, line 1470
The css_peer_alive() is calling.
Time: 11/14/25 14:45:00.935 - DEBUG *** file /home/cubrid/work/cubrid/src/connection/tcp.c, line 1470
The css_peer_alive() is calling.
Time: 11/14/25 14:45:05.938 - DEBUG *** file /home/cubrid/work/cubrid/src/connection/tcp.c, line 1470
The css_peer_alive() is calling.
Time: 11/14/25 14:45:10.941 - DEBUG *** file /home/cubrid/work/cubrid/src/connection/tcp.c, line 1470
The css_peer_alive() is calling.
Time: 11/14/25 14:45:15.942 - DEBUG *** file /home/cubrid/work/cubrid/src/connection/tcp.c, line 1470
The css_peer_alive() is calling.
Time: 11/14/25 14:45:20.943 - DEBUG *** file /home/cubrid/work/cubrid/src/connection/tcp.c, line 1470
The css_peer_alive() is calling.
Time: 11/14/25 14:45:25.948 - DEBUG *** file /home/cubrid/work/cubrid/src/connection/tcp.c, line 1470
The css_peer_alive() is calling.
Time: 11/14/25 14:45:30.950 - DEBUG *** file /home/cubrid/work/cubrid/src/connection/tcp.c, line 1470
The css_peer_alive() is calling.
Time: 11/14/25 14:45:35.950 - DEBUG *** file /home/cubrid/work/cubrid/src/connection/tcp.c, line 1470
The css_peer_alive() is calling.
Time: 11/14/25 14:45:40.953 - DEBUG *** file /home/cubrid/work/cubrid/src/connection/tcp.c, line 1470
The css_peer_alive() is calling.
Time: 11/14/25 14:45:45.957 - DEBUG *** file /home/cubrid/work/cubrid/src/connection/tcp.c, line 1470
The css_peer_alive() is calling.
Time: 11/14/25 14:45:50.962 - DEBUG *** file /home/cubrid/work/cubrid/src/connection/tcp.c, line 1470
The css_peer_alive() is calling.
Time: 11/14/25 14:45:55.966 - DEBUG *** file /home/cubrid/work/cubrid/src/connection/tcp.c, line 1470
The css_peer_alive() is calling.
Time: 11/14/25 14:46:00.971 - DEBUG *** file /home/cubrid/work/cubrid/src/connection/tcp.c, line 1470
The css_peer_alive() is calling.
Time: 11/14/25 14:46:05.973 - DEBUG *** file /home/cubrid/work/cubrid/src/connection/tcp.c, line 1470
The css_peer_alive() is calling.
Time: 11/14/25 14:46:10.977 - DEBUG *** file /home/cubrid/work/cubrid/src/connection/tcp.c, line 1470
The css_peer_alive() is calling.
Time: 11/14/25 14:46:15.982 - DEBUG *** file /home/cubrid/work/cubrid/src/connection/tcp.c, line 1470
The css_peer_alive() is calling.
Time: 11/14/25 14:46:20.986 - DEBUG *** file /home/cubrid/work/cubrid/src/connection/tcp.c, line 1470
The css_peer_alive() is calling.
Time: 11/14/25 14:46:25.987 - DEBUG *** file /home/cubrid/work/cubrid/src/connection/tcp.c, line 1470
The css_peer_alive() is calling.
Time: 11/14/25 14:46:30.990 - DEBUG *** file /home/cubrid/work/cubrid/src/connection/tcp.c, line 1470
The css_peer_alive() is calling.
Time: 11/14/25 14:46:35.994 - DEBUG *** file /home/cubrid/work/cubrid/src/connection/tcp.c, line 1470
The css_peer_alive() is calling.
Time: 11/14/25 14:46:40.995 - DEBUG *** file /home/cubrid/work/cubrid/src/connection/tcp.c, line 1470
The css_peer_alive() is calling.
Time: 11/14/25 14:46:46.000 - DEBUG *** file /home/cubrid/work/cubrid/src/connection/tcp.c, line 1470
The css_peer_alive() is calling.
Time: 11/14/25 14:46:51.002 - DEBUG *** file /home/cubrid/work/cubrid/src/connection/tcp.c, line 1470
The css_peer_alive() is calling.
Time: 11/14/25 14:46:56.007 - DEBUG *** file /home/cubrid/work/cubrid/src/connection/tcp.c, line 1470
The css_peer_alive() is calling.
Time: 11/14/25 14:47:01.011 - DEBUG *** file /home/cubrid/work/cubrid/src/connection/tcp.c, line 1470
The css_peer_alive() is calling.
Time: 11/14/25 14:47:06.014 - DEBUG *** file /home/cubrid/work/cubrid/src/connection/tcp.c, line 1470
The css_peer_alive() is calling.
Time: 11/14/25 14:47:11.016 - DEBUG *** file /home/cubrid/work/cubrid/src/connection/tcp.c, line 1470
The css_peer_alive() is calling.
Time: 11/14/25 14:47:16.021 - DEBUG *** file /home/cubrid/work/cubrid/src/connection/tcp.c, line 1470
The css_peer_alive() is calling.
Time: 11/14/25 14:47:21.026 - DEBUG *** file /home/cubrid/work/cubrid/src/connection/tcp.c, line 1470
The css_peer_alive() is calling.
Time: 11/14/25 14:47:26.031 - DEBUG *** file /home/cubrid/work/cubrid/src/connection/tcp.c, line 1470
The css_peer_alive() is calling.
Time: 11/14/25 14:47:31.036 - DEBUG *** file /home/cubrid/work/cubrid/src/connection/tcp.c, line 1470
The css_peer_alive() is calling.
Time: 11/14/25 14:47:36.037 - DEBUG *** file /home/cubrid/work/cubrid/src/connection/tcp.c, line 1470
The css_peer_alive() is calling.
Time: 11/14/25 14:47:41.037 - DEBUG *** file /home/cubrid/work/cubrid/src/connection/tcp.c, line 1470
The css_peer_alive() is calling.
Time: 11/14/25 14:47:46.037 - DEBUG *** file /home/cubrid/work/cubrid/src/connection/tcp.c, line 1470
The css_peer_alive() is calling.
Time: 11/14/25 14:47:51.039 - DEBUG *** file /home/cubrid/work/cubrid/src/connection/tcp.c, line 1470
The css_peer_alive() is calling.
Time: 11/14/25 14:47:56.039 - DEBUG *** file /home/cubrid/work/cubrid/src/connection/tcp.c, line 1470
The css_peer_alive() is calling.
Time: 11/14/25 14:48:01.044 - DEBUG *** file /home/cubrid/work/cubrid/src/connection/tcp.c, line 1470
The css_peer_alive() is calling.
Time: 11/14/25 14:48:06.047 - DEBUG *** file /home/cubrid/work/cubrid/src/connection/tcp.c, line 1470
The css_peer_alive() is calling.
Time: 11/14/25 14:48:11.052 - DEBUG *** file /home/cubrid/work/cubrid/src/connection/tcp.c, line 1470
The css_peer_alive() is calling.
Time: 11/14/25 14:48:16.054 - DEBUG *** file /home/cubrid/work/cubrid/src/connection/tcp.c, line 1470
The css_peer_alive() is calling.
Time: 11/14/25 14:48:21.055 - DEBUG *** file /home/cubrid/work/cubrid/src/connection/tcp.c, line 1470
The css_peer_alive() is calling.
Time: 11/14/25 14:48:26.060 - DEBUG *** file /home/cubrid/work/cubrid/src/connection/tcp.c, line 1470
The css_peer_alive() is calling.
Time: 11/14/25 14:48:31.060 - DEBUG *** file /home/cubrid/work/cubrid/src/connection/tcp.c, line 1470
The css_peer_alive() is calling.
Time: 11/14/25 14:48:36.062 - DEBUG *** file /home/cubrid/work/cubrid/src/connection/tcp.c, line 1470
The css_peer_alive() is calling.
Time: 11/14/25 14:48:41.067 - DEBUG *** file /home/cubrid/work/cubrid/src/connection/tcp.c, line 1470
The css_peer_alive() is calling.
Time: 11/14/25 14:48:46.072 - DEBUG *** file /home/cubrid/work/cubrid/src/connection/tcp.c, line 1470
The css_peer_alive() is calling.
Time: 11/14/25 14:48:51.077 - DEBUG *** file /home/cubrid/work/cubrid/src/connection/tcp.c, line 1470
The css_peer_alive() is calling.
Time: 11/14/25 14:48:56.081 - DEBUG *** file /home/cubrid/work/cubrid/src/connection/tcp.c, line 1470
The css_peer_alive() is calling.
Time: 11/14/25 14:49:01.086 - DEBUG *** file /home/cubrid/work/cubrid/src/connection/tcp.c, line 1470
The css_peer_alive() is calling.
Time: 11/14/25 14:49:06.091 - DEBUG *** file /home/cubrid/work/cubrid/src/connection/tcp.c, line 1470
The css_peer_alive() is calling.
Time: 11/14/25 14:49:11.094 - DEBUG *** file /home/cubrid/work/cubrid/src/connection/tcp.c, line 1470
The css_peer_alive() is calling.
Time: 11/14/25 14:49:16.098 - DEBUG *** file /home/cubrid/work/cubrid/src/connection/tcp.c, line 1470
The css_peer_alive() is calling.
Time: 11/14/25 14:49:21.098 - DEBUG *** file /home/cubrid/work/cubrid/src/connection/tcp.c, line 1470
The css_peer_alive() is calling.
Time: 11/14/25 14:49:26.103 - DEBUG *** file /home/cubrid/work/cubrid/src/connection/tcp.c, line 1470
The css_peer_alive() is calling.
Time: 11/14/25 14:49:31.105 - DEBUG *** file /home/cubrid/work/cubrid/src/connection/tcp.c, line 1470
The css_peer_alive() is calling.
Time: 11/14/25 14:49:36.110 - DEBUG *** file /home/cubrid/work/cubrid/src/connection/tcp.c, line 1470
The css_peer_alive() is calling.
Time: 11/14/25 14:49:41.115 - DEBUG *** file /home/cubrid/work/cubrid/src/connection/tcp.c, line 1470
The css_peer_alive() is calling.
Time: 11/14/25 14:49:46.117 - DEBUG *** file /home/cubrid/work/cubrid/src/connection/tcp.c, line 1470
The css_peer_alive() is calling.
Time: 11/14/25 14:49:51.123 - DEBUG *** file /home/cubrid/work/cubrid/src/connection/tcp.c, line 1470
The css_peer_alive() is calling.
Time: 11/14/25 14:49:56.128 - DEBUG *** file /home/cubrid/work/cubrid/src/connection/tcp.c, line 1470
The css_peer_alive() is calling.
Time: 11/14/25 14:50:01.133 - DEBUG *** file /home/cubrid/work/cubrid/src/connection/tcp.c, line 1470
The css_peer_alive() is calling.
Time: 11/14/25 14:50:06.135 - DEBUG *** file /home/cubrid/work/cubrid/src/connection/tcp.c, line 1470
The css_peer_alive() is calling.
Time: 11/14/25 14:50:11.140 - DEBUG *** file /home/cubrid/work/cubrid/src/connection/tcp.c, line 1470
The css_peer_alive() is calling.
Time: 11/14/25 14:50:16.144 - DEBUG *** file /home/cubrid/work/cubrid/src/connection/tcp.c, line 1470
The css_peer_alive() is calling.
Time: 11/14/25 14:50:21.145 - DEBUG *** file /home/cubrid/work/cubrid/src/connection/tcp.c, line 1470
The css_peer_alive() is calling.
Time: 11/14/25 14:50:26.145 - DEBUG *** file /home/cubrid/work/cubrid/src/connection/tcp.c, line 1470
The css_peer_alive() is calling.
Time: 11/14/25 14:50:31.150 - DEBUG *** file /home/cubrid/work/cubrid/src/connection/tcp.c, line 1470
The css_peer_alive() is calling.
Time: 11/14/25 14:50:36.151 - DEBUG *** file /home/cubrid/work/cubrid/src/connection/tcp.c, line 1470
The css_peer_alive() is calling.
Time: 11/14/25 14:50:41.152 - DEBUG *** file /home/cubrid/work/cubrid/src/connection/tcp.c, line 1470
The css_peer_alive() is calling.
Time: 11/14/25 14:50:46.155 - DEBUG *** file /home/cubrid/work/cubrid/src/connection/tcp.c, line 1470
The css_peer_alive() is calling.
Time: 11/14/25 14:50:51.159 - DEBUG *** file /home/cubrid/work/cubrid/src/connection/tcp.c, line 1470
The css_peer_alive() is calling.
Time: 11/14/25 14:50:56.163 - DEBUG *** file /home/cubrid/work/cubrid/src/connection/tcp.c, line 1470
The css_peer_alive() is calling.
Time: 11/14/25 14:51:01.166 - DEBUG *** file /home/cubrid/work/cubrid/src/connection/tcp.c, line 1470
The css_peer_alive() is calling.
Time: 11/14/25 14:51:06.171 - DEBUG *** file /home/cubrid/work/cubrid/src/connection/tcp.c, line 1470
The css_peer_alive() is calling.
Time: 11/14/25 14:51:11.173 - DEBUG *** file /home/cubrid/work/cubrid/src/connection/tcp.c, line 1470
The css_peer_alive() is calling.
Time: 11/14/25 14:51:16.178 - DEBUG *** file /home/cubrid/work/cubrid/src/connection/tcp.c, line 1470
The css_peer_alive() is calling.
Time: 11/14/25 14:51:21.180 - DEBUG *** file /home/cubrid/work/cubrid/src/connection/tcp.c, line 1470
The css_peer_alive() is calling.
Time: 11/14/25 14:51:26.185 - DEBUG *** file /home/cubrid/work/cubrid/src/connection/tcp.c, line 1470
The css_peer_alive() is calling.
Time: 11/14/25 14:51:31.186 - DEBUG *** file /home/cubrid/work/cubrid/src/connection/tcp.c, line 1470
The css_peer_alive() is calling.
Time: 11/14/25 14:51:36.191 - DEBUG *** file /home/cubrid/work/cubrid/src/connection/tcp.c, line 1470
The css_peer_alive() is calling.
Time: 11/14/25 14:51:41.197 - DEBUG *** file /home/cubrid/work/cubrid/src/connection/tcp.c, line 1470
The css_peer_alive() is calling.
Time: 11/14/25 14:51:46.198 - DEBUG *** file /home/cubrid/work/cubrid/src/connection/tcp.c, line 1470
The css_peer_alive() is calling.
Time: 11/14/25 14:51:51.203 - DEBUG *** file /home/cubrid/work/cubrid/src/connection/tcp.c, line 1470
The css_peer_alive() is calling.
Time: 11/14/25 14:51:56.207 - DEBUG *** file /home/cubrid/work/cubrid/src/connection/tcp.c, line 1470
The css_peer_alive() is calling.
Time: 11/14/25 14:52:01.209 - DEBUG *** file /home/cubrid/work/cubrid/src/connection/tcp.c, line 1470
The css_peer_alive() is calling.
Time: 11/14/25 14:52:06.213 - DEBUG *** file /home/cubrid/work/cubrid/src/connection/tcp.c, line 1470
The css_peer_alive() is calling.
Time: 11/14/25 14:52:11.218 - DEBUG *** file /home/cubrid/work/cubrid/src/connection/tcp.c, line 1470
The css_peer_alive() is calling.
Time: 11/14/25 14:52:16.221 - DEBUG *** file /home/cubrid/work/cubrid/src/connection/tcp.c, line 1470
The css_peer_alive() is calling.
Time: 11/14/25 14:52:21.226 - DEBUG *** file /home/cubrid/work/cubrid/src/connection/tcp.c, line 1470
The css_peer_alive() is calling.
Time: 11/14/25 14:52:26.231 - DEBUG *** file /home/cubrid/work/cubrid/src/connection/tcp.c, line 1470
The css_peer_alive() is calling.
Time: 11/14/25 14:52:31.232 - DEBUG *** file /home/cubrid/work/cubrid/src/connection/tcp.c, line 1470
The css_peer_alive() is calling.
Time: 11/14/25 14:52:36.237 - DEBUG *** file /home/cubrid/work/cubrid/src/connection/tcp.c, line 1470
The css_peer_alive() is calling.
Time: 11/14/25 14:52:41.238 - DEBUG *** file /home/cubrid/work/cubrid/src/connection/tcp.c, line 1470
The css_peer_alive() is calling.
Time: 11/14/25 14:52:46.243 - DEBUG *** file /home/cubrid/work/cubrid/src/connection/tcp.c, line 1470
The css_peer_alive() is calling.
Time: 11/14/25 14:52:51.248 - DEBUG *** file /home/cubrid/work/cubrid/src/connection/tcp.c, line 1470
The css_peer_alive() is calling.
Time: 11/14/25 14:52:56.253 - DEBUG *** file /home/cubrid/work/cubrid/src/connection/tcp.c, line 1470
The css_peer_alive() is calling.
Time: 11/14/25 14:53:01.258 - DEBUG *** file /home/cubrid/work/cubrid/src/connection/tcp.c, line 1470
The css_peer_alive() is calling.
Time: 11/14/25 14:53:06.260 - DEBUG *** file /home/cubrid/work/cubrid/src/connection/tcp.c, line 1470
The css_peer_alive() is calling.
Time: 11/14/25 14:53:11.265 - DEBUG *** file /home/cubrid/work/cubrid/src/connection/tcp.c, line 1470
The css_peer_alive() is calling.
Time: 11/14/25 14:53:16.270 - DEBUG *** file /home/cubrid/work/cubrid/src/connection/tcp.c, line 1470
The css_peer_alive() is calling.
Time: 11/14/25 14:53:21.271 - DEBUG *** file /home/cubrid/work/cubrid/src/connection/tcp.c, line 1470
The css_peer_alive() is calling.
Time: 11/14/25 14:53:26.276 - DEBUG *** file /home/cubrid/work/cubrid/src/connection/tcp.c, line 1470
The css_peer_alive() is calling.
Time: 11/14/25 14:53:31.281 - DEBUG *** file /home/cubrid/work/cubrid/src/connection/tcp.c, line 1470
The css_peer_alive() is calling.
Time: 11/14/25 14:53:36.286 - DEBUG *** file /home/cubrid/work/cubrid/src/connection/tcp.c, line 1470
The css_peer_alive() is calling.
Time: 11/14/25 14:53:41.291 - DEBUG *** file /home/cubrid/work/cubrid/src/connection/tcp.c, line 1470
The css_peer_alive() is calling.
Time: 11/14/25 14:53:46.295 - DEBUG *** file /home/cubrid/work/cubrid/src/connection/tcp.c, line 1470
The css_peer_alive() is calling.
Time: 11/14/25 14:53:51.298 - DEBUG *** file /home/cubrid/work/cubrid/src/connection/tcp.c, line 1470
The css_peer_alive() is calling.
Time: 11/14/25 14:53:56.303 - DEBUG *** file /home/cubrid/work/cubrid/src/connection/tcp.c, line 1470
The css_peer_alive() is calling.
Time: 11/14/25 14:54:01.308 - DEBUG *** file /home/cubrid/work/cubrid/src/connection/tcp.c, line 1470
The css_peer_alive() is calling.
Time: 11/14/25 14:54:06.313 - DEBUG *** file /home/cubrid/work/cubrid/src/connection/tcp.c, line 1470
The css_peer_alive() is calling.
Time: 11/14/25 14:54:11.318 - DEBUG *** file /home/cubrid/work/cubrid/src/connection/tcp.c, line 1470
The css_peer_alive() is calling.
Time: 11/14/25 14:54:16.318 - DEBUG *** file /home/cubrid/work/cubrid/src/connection/tcp.c, line 1470
The css_peer_alive() is calling.
Time: 11/14/25 14:54:21.324 - DEBUG *** file /home/cubrid/work/cubrid/src/connection/tcp.c, line 1470
The css_peer_alive() is calling.
Time: 11/14/25 14:54:26.328 - DEBUG *** file /home/cubrid/work/cubrid/src/connection/tcp.c, line 1470
The css_peer_alive() is calling.
Time: 11/14/25 14:54:31.333 - DEBUG *** file /home/cubrid/work/cubrid/src/connection/tcp.c, line 1470
The css_peer_alive() is calling.
Time: 11/14/25 14:54:36.336 - DEBUG *** file /home/cubrid/work/cubrid/src/connection/tcp.c, line 1470
The css_peer_alive() is calling.
Time: 11/14/25 14:54:41.341 - DEBUG *** file /home/cubrid/work/cubrid/src/connection/tcp.c, line 1470
The css_peer_alive() is calling.
Time: 11/14/25 14:54:46.346 - DEBUG *** file /home/cubrid/work/cubrid/src/connection/tcp.c, line 1470
The css_peer_alive() is calling.
Time: 11/14/25 14:54:51.352 - DEBUG *** file /home/cubrid/work/cubrid/src/connection/tcp.c, line 1470
The css_peer_alive() is calling.
Time: 11/14/25 14:54:56.357 - DEBUG *** file /home/cubrid/work/cubrid/src/connection/tcp.c, line 1470
The css_peer_alive() is calling.
Time: 11/14/25 14:55:01.362 - DEBUG *** file /home/cubrid/work/cubrid/src/connection/tcp.c, line 1470
The css_peer_alive() is calling.
Time: 11/14/25 14:55:06.367 - DEBUG *** file /home/cubrid/work/cubrid/src/connection/tcp.c, line 1470
The css_peer_alive() is calling.
Time: 11/14/25 14:55:11.371 - DEBUG *** file /home/cubrid/work/cubrid/src/connection/tcp.c, line 1470
The css_peer_alive() is calling.
Time: 11/14/25 14:55:16.376 - DEBUG *** file /home/cubrid/work/cubrid/src/connection/tcp.c, line 1470
The css_peer_alive() is calling.
Time: 11/14/25 14:55:21.381 - DEBUG *** file /home/cubrid/work/cubrid/src/connection/tcp.c, line 1470
The css_peer_alive() is calling.
Time: 11/14/25 14:55:26.386 - DEBUG *** file /home/cubrid/work/cubrid/src/connection/tcp.c, line 1470
The css_peer_alive() is calling.
Time: 11/14/25 14:55:31.391 - DEBUG *** file /home/cubrid/work/cubrid/src/connection/tcp.c, line 1470
The css_peer_alive() is calling.
Time: 11/14/25 14:55:36.393 - DEBUG *** file /home/cubrid/work/cubrid/src/connection/tcp.c, line 1470
The css_peer_alive() is calling.
Time: 11/14/25 14:55:41.397 - DEBUG *** file /home/cubrid/work/cubrid/src/connection/tcp.c, line 1470
The css_peer_alive() is calling.
Time: 11/14/25 14:55:46.398 - DEBUG *** file /home/cubrid/work/cubrid/src/connection/tcp.c, line 1470
The css_peer_alive() is calling.
Time: 11/14/25 14:55:51.403 - DEBUG *** file /home/cubrid/work/cubrid/src/connection/tcp.c, line 1470
The css_peer_alive() is calling.
Time: 11/14/25 14:55:56.408 - DEBUG *** file /home/cubrid/work/cubrid/src/connection/tcp.c, line 1470
The css_peer_alive() is calling.
Time: 11/14/25 14:56:01.409 - DEBUG *** file /home/cubrid/work/cubrid/src/connection/tcp.c, line 1470
The css_peer_alive() is calling.
Time: 11/14/25 14:56:06.411 - DEBUG *** file /home/cubrid/work/cubrid/src/connection/tcp.c, line 1470
The css_peer_alive() is calling.
Time: 11/14/25 14:56:11.416 - DEBUG *** file /home/cubrid/work/cubrid/src/connection/tcp.c, line 1470
The css_peer_alive() is calling.
Time: 11/14/25 14:56:16.421 - DEBUG *** file /home/cubrid/work/cubrid/src/connection/tcp.c, line 1470
The css_peer_alive() is calling.
Time: 11/14/25 14:56:21.423 - DEBUG *** file /home/cubrid/work/cubrid/src/connection/tcp.c, line 1470
The css_peer_alive() is calling.
Time: 11/14/25 14:56:26.428 - DEBUG *** file /home/cubrid/work/cubrid/src/connection/tcp.c, line 1470
The css_peer_alive() is calling.
Time: 11/14/25 14:56:31.431 - DEBUG *** file /home/cubrid/work/cubrid/src/connection/tcp.c, line 1470
The css_peer_alive() is calling.
Time: 11/14/25 14:56:36.435 - DEBUG *** file /home/cubrid/work/cubrid/src/connection/tcp.c, line 1470
The css_peer_alive() is calling.
Time: 11/14/25 14:56:41.440 - DEBUG *** file /home/cubrid/work/cubrid/src/connection/tcp.c, line 1470
The css_peer_alive() is calling.
Time: 11/14/25 14:56:46.445 - DEBUG *** file /home/cubrid/work/cubrid/src/connection/tcp.c, line 1470
The css_peer_alive() is calling.
Time: 11/14/25 14:56:51.446 - DEBUG *** file /home/cubrid/work/cubrid/src/connection/tcp.c, line 1470
The css_peer_alive() is calling.
Time: 11/14/25 14:56:56.451 - DEBUG *** file /home/cubrid/work/cubrid/src/connection/tcp.c, line 1470
The css_peer_alive() is calling.
Time: 11/14/25 14:57:01.456 - DEBUG *** file /home/cubrid/work/cubrid/src/connection/tcp.c, line 1470
The css_peer_alive() is calling.
Time: 11/14/25 14:57:06.456 - DEBUG *** file /home/cubrid/work/cubrid/src/connection/tcp.c, line 1470
The css_peer_alive() is calling.
Time: 11/14/25 14:57:11.458 - DEBUG *** file /home/cubrid/work/cubrid/src/connection/tcp.c, line 1470
The css_peer_alive() is calling.
Time: 11/14/25 14:57:16.463 - DEBUG *** file /home/cubrid/work/cubrid/src/connection/tcp.c, line 1470
The css_peer_alive() is calling.
Time: 11/14/25 14:57:21.463 - DEBUG *** file /home/cubrid/work/cubrid/src/connection/tcp.c, line 1470
The css_peer_alive() is calling.
Time: 11/14/25 14:57:26.468 - DEBUG *** file /home/cubrid/work/cubrid/src/connection/tcp.c, line 1470
The css_peer_alive() is calling.
Time: 11/14/25 14:57:31.471 - DEBUG *** file /home/cubrid/work/cubrid/src/connection/tcp.c, line 1470
The css_peer_alive() is calling.
Time: 11/14/25 14:57:36.476 - DEBUG *** file /home/cubrid/work/cubrid/src/connection/tcp.c, line 1470
The css_peer_alive() is calling.
Time: 11/14/25 14:57:41.476 - DEBUG *** file /home/cubrid/work/cubrid/src/connection/tcp.c, line 1470
The css_peer_alive() is calling.
Time: 11/14/25 14:57:46.481 - DEBUG *** file /home/cubrid/work/cubrid/src/connection/tcp.c, line 1470
The css_peer_alive() is calling.
Time: 11/14/25 14:57:51.486 - DEBUG *** file /home/cubrid/work/cubrid/src/connection/tcp.c, line 1470
The css_peer_alive() is calling.
Time: 11/14/25 14:57:56.487 - DEBUG *** file /home/cubrid/work/cubrid/src/connection/tcp.c, line 1470
The css_peer_alive() is calling.
Time: 11/14/25 14:58:01.492 - DEBUG *** file /home/cubrid/work/cubrid/src/connection/tcp.c, line 1470
The css_peer_alive() is calling.
Time: 11/14/25 14:58:06.497 - DEBUG *** file /home/cubrid/work/cubrid/src/connection/tcp.c, line 1470
The css_peer_alive() is calling.
Time: 11/14/25 14:58:11.502 - DEBUG *** file /home/cubrid/work/cubrid/src/connection/tcp.c, line 1470
The css_peer_alive() is calling.
Time: 11/14/25 14:58:16.507 - DEBUG *** file /home/cubrid/work/cubrid/src/connection/tcp.c, line 1470
The css_peer_alive() is calling.
Time: 11/14/25 14:58:21.512 - DEBUG *** file /home/cubrid/work/cubrid/src/connection/tcp.c, line 1470
The css_peer_alive() is calling.
Time: 11/14/25 14:58:26.515 - DEBUG *** file /home/cubrid/work/cubrid/src/connection/tcp.c, line 1470
The css_peer_alive() is calling.
Time: 11/14/25 14:58:31.520 - DEBUG *** file /home/cubrid/work/cubrid/src/connection/tcp.c, line 1470
The css_peer_alive() is calling.
Time: 11/14/25 14:58:36.525 - DEBUG *** file /home/cubrid/work/cubrid/src/connection/tcp.c, line 1470
The css_peer_alive() is calling.
Time: 11/14/25 14:58:41.530 - DEBUG *** file /home/cubrid/work/cubrid/src/connection/tcp.c, line 1470
The css_peer_alive() is calling.
Time: 11/14/25 14:58:46.531 - DEBUG *** file /home/cubrid/work/cubrid/src/connection/tcp.c, line 1470
The css_peer_alive() is calling.
Time: 11/14/25 14:58:51.536 - DEBUG *** file /home/cubrid/work/cubrid/src/connection/tcp.c, line 1470
The css_peer_alive() is calling.
Time: 11/14/25 14:58:56.536 - DEBUG *** file /home/cubrid/work/cubrid/src/connection/tcp.c, line 1470
The css_peer_alive() is calling.
Time: 11/14/25 14:59:01.541 - DEBUG *** file /home/cubrid/work/cubrid/src/connection/tcp.c, line 1470
The css_peer_alive() is calling.
Time: 11/14/25 14:59:06.542 - DEBUG *** file /home/cubrid/work/cubrid/src/connection/tcp.c, line 1470
The css_peer_alive() is calling.
Time: 11/14/25 14:59:11.547 - DEBUG *** file /home/cubrid/work/cubrid/src/connection/tcp.c, line 1470
The css_peer_alive() is calling.
Time: 11/14/25 14:59:16.552 - DEBUG *** file /home/cubrid/work/cubrid/src/connection/tcp.c, line 1470
The css_peer_alive() is calling.
Time: 11/14/25 14:59:21.558 - DEBUG *** file /home/cubrid/work/cubrid/src/connection/tcp.c, line 1470
The css_peer_alive() is calling.
Time: 11/14/25 14:59:26.563 - DEBUG *** file /home/cubrid/work/cubrid/src/connection/tcp.c, line 1470
The css_peer_alive() is calling.
Time: 11/14/25 14:59:31.565 - DEBUG *** file /home/cubrid/work/cubrid/src/connection/tcp.c, line 1470
The css_peer_alive() is calling.
Time: 11/14/25 14:59:36.566 - DEBUG *** file /home/cubrid/work/cubrid/src/connection/tcp.c, line 1470
The css_peer_alive() is calling.
Time: 11/14/25 14:59:41.567 - DEBUG *** file /home/cubrid/work/cubrid/src/connection/tcp.c, line 1470
The css_peer_alive() is calling.
Time: 11/14/25 14:59:46.572 - DEBUG *** file /home/cubrid/work/cubrid/src/connection/tcp.c, line 1470
The css_peer_alive() is calling.
Time: 11/14/25 14:59:51.574 - DEBUG *** file /home/cubrid/work/cubrid/src/connection/tcp.c, line 1470
The css_peer_alive() is calling.
Time: 11/14/25 14:59:56.580 - DEBUG *** file /home/cubrid/work/cubrid/src/connection/tcp.c, line 1470
The css_peer_alive() is calling.
Time: 11/14/25 15:00:01.585 - DEBUG *** file /home/cubrid/work/cubrid/src/connection/tcp.c, line 1470
The css_peer_alive() is calling.
Time: 11/14/25 15:00:06.590 - DEBUG *** file /home/cubrid/work/cubrid/src/connection/tcp.c, line 1470
The css_peer_alive() is calling.
Time: 11/14/25 15:00:11.595 - DEBUG *** file /home/cubrid/work/cubrid/src/connection/tcp.c, line 1470
The css_peer_alive() is calling.
Time: 11/14/25 15:00:16.595 - DEBUG *** file /home/cubrid/work/cubrid/src/connection/tcp.c, line 1470
The css_peer_alive() is calling.
Time: 11/14/25 15:00:21.598 - DEBUG *** file /home/cubrid/work/cubrid/src/connection/tcp.c, line 1470
The css_peer_alive() is calling.
Time: 11/14/25 15:00:26.603 - DEBUG *** file /home/cubrid/work/cubrid/src/connection/tcp.c, line 1470
The css_peer_alive() is calling.
Time: 11/14/25 15:00:31.608 - DEBUG *** file /home/cubrid/work/cubrid/src/connection/tcp.c, line 1470
The css_peer_alive() is calling.
Time: 11/14/25 15:00:36.613 - DEBUG *** file /home/cubrid/work/cubrid/src/connection/tcp.c, line 1470
The css_peer_alive() is calling.
Time: 11/14/25 15:00:41.619 - DEBUG *** file /home/cubrid/work/cubrid/src/connection/tcp.c, line 1470
The css_peer_alive() is calling.
Time: 11/14/25 15:00:46.624 - DEBUG *** file /home/cubrid/work/cubrid/src/connection/tcp.c, line 1470
The css_peer_alive() is calling.
Time: 11/14/25 15:00:51.626 - DEBUG *** file /home/cubrid/work/cubrid/src/connection/tcp.c, line 1470
The css_peer_alive() is calling.
Time: 11/14/25 15:00:56.630 - DEBUG *** file /home/cubrid/work/cubrid/src/connection/tcp.c, line 1470
The css_peer_alive() is calling.
Time: 11/14/25 15:01:01.631 - DEBUG *** file /home/cubrid/work/cubrid/src/connection/tcp.c, line 1470
The css_peer_alive() is calling.
Time: 11/14/25 15:01:06.633 - DEBUG *** file /home/cubrid/work/cubrid/src/connection/tcp.c, line 1470
The css_peer_alive() is calling.
Time: 11/14/25 15:01:11.636 - DEBUG *** file /home/cubrid/work/cubrid/src/connection/tcp.c, line 1470
The css_peer_alive() is calling.
Time: 11/14/25 15:01:16.639 - DEBUG *** file /home/cubrid/work/cubrid/src/connection/tcp.c, line 1470
The css_peer_alive() is calling.
Time: 11/14/25 15:01:21.642 - DEBUG *** file /home/cubrid/work/cubrid/src/connection/tcp.c, line 1470
The css_peer_alive() is calling.
Time: 11/14/25 15:01:26.647 - DEBUG *** file /home/cubrid/work/cubrid/src/connection/tcp.c, line 1470
The css_peer_alive() is calling.
Time: 11/14/25 15:01:31.651 - DEBUG *** file /home/cubrid/work/cubrid/src/connection/tcp.c, line 1470
The css_peer_alive() is calling.
Time: 11/14/25 15:01:36.653 - DEBUG *** file /home/cubrid/work/cubrid/src/connection/tcp.c, line 1470
The css_peer_alive() is calling.
Time: 11/14/25 15:01:41.658 - DEBUG *** file /home/cubrid/work/cubrid/src/connection/tcp.c, line 1470
The css_peer_alive() is calling.
Time: 11/14/25 15:01:46.663 - DEBUG *** file /home/cubrid/work/cubrid/src/connection/tcp.c, line 1470
The css_peer_alive() is calling.
Time: 11/14/25 15:01:51.665 - DEBUG *** file /home/cubrid/work/cubrid/src/connection/tcp.c, line 1470
The css_peer_alive() is calling.
Time: 11/14/25 15:01:56.670 - DEBUG *** file /home/cubrid/work/cubrid/src/connection/tcp.c, line 1470
The css_peer_alive() is calling.
Time: 11/14/25 15:02:01.675 - DEBUG *** file /home/cubrid/work/cubrid/src/connection/tcp.c, line 1470
The css_peer_alive() is calling.
Time: 11/14/25 15:02:06.680 - DEBUG *** file /home/cubrid/work/cubrid/src/connection/tcp.c, line 1470
The css_peer_alive() is calling.
Time: 11/14/25 15:02:11.686 - DEBUG *** file /home/cubrid/work/cubrid/src/connection/tcp.c, line 1470
The css_peer_alive() is calling.
Time: 11/14/25 15:02:16.691 - DEBUG *** file /home/cubrid/work/cubrid/src/connection/tcp.c, line 1470
The css_peer_alive() is calling.
Time: 11/14/25 15:02:21.696 - DEBUG *** file /home/cubrid/work/cubrid/src/connection/tcp.c, line 1470
The css_peer_alive() is calling.
Time: 11/14/25 15:02:26.701 - DEBUG *** file /home/cubrid/work/cubrid/src/connection/tcp.c, line 1470
The css_peer_alive() is calling.
Time: 11/14/25 15:02:31.706 - DEBUG *** file /home/cubrid/work/cubrid/src/connection/tcp.c, line 1470
The css_peer_alive() is calling.
Time: 11/14/25 15:02:36.708 - DEBUG *** file /home/cubrid/work/cubrid/src/connection/tcp.c, line 1470
The css_peer_alive() is calling.
Time: 11/14/25 15:02:41.709 - DEBUG *** file /home/cubrid/work/cubrid/src/connection/tcp.c, line 1470
The css_peer_alive() is calling.
Time: 11/14/25 15:02:46.714 - DEBUG *** file /home/cubrid/work/cubrid/src/connection/tcp.c, line 1470
The css_peer_alive() is calling.
Time: 11/14/25 15:02:51.716 - DEBUG *** file /home/cubrid/work/cubrid/src/connection/tcp.c, line 1470
The css_peer_alive() is calling.
Time: 11/14/25 15:02:56.720 - DEBUG *** file /home/cubrid/work/cubrid/src/connection/tcp.c, line 1470
The css_peer_alive() is calling.
Time: 11/14/25 15:03:01.725 - DEBUG *** file /home/cubrid/work/cubrid/src/connection/tcp.c, line 1470
The css_peer_alive() is calling.
Time: 11/14/25 15:03:06.730 - DEBUG *** file /home/cubrid/work/cubrid/src/connection/tcp.c, line 1470
The css_peer_alive() is calling.
Time: 11/14/25 15:03:11.733 - DEBUG *** file /home/cubrid/work/cubrid/src/connection/tcp.c, line 1470
The css_peer_alive() is calling.
Time: 11/14/25 15:03:16.738 - DEBUG *** file /home/cubrid/work/cubrid/src/connection/tcp.c, line 1470
The css_peer_alive() is calling.
Time: 11/14/25 15:03:21.743 - DEBUG *** file /home/cubrid/work/cubrid/src/connection/tcp.c, line 1470
The css_peer_alive() is calling.
Time: 11/14/25 15:03:26.748 - DEBUG *** file /home/cubrid/work/cubrid/src/connection/tcp.c, line 1470
The css_peer_alive() is calling.
Time: 11/14/25 15:03:31.751 - DEBUG *** file /home/cubrid/work/cubrid/src/connection/tcp.c, line 1470
The css_peer_alive() is calling.
Time: 11/14/25 15:03:36.752 - DEBUG *** file /home/cubrid/work/cubrid/src/connection/tcp.c, line 1470
The css_peer_alive() is calling.
Time: 11/14/25 15:03:41.755 - DEBUG *** file /home/cubrid/work/cubrid/src/connection/tcp.c, line 1470
The css_peer_alive() is calling.
Time: 11/14/25 15:03:46.758 - DEBUG *** file /home/cubrid/work/cubrid/src/connection/tcp.c, line 1470
The css_peer_alive() is calling.
Time: 11/14/25 15:03:51.762 - DEBUG *** file /home/cubrid/work/cubrid/src/connection/tcp.c, line 1470
The css_peer_alive() is calling.
Time: 11/14/25 15:03:56.764 - DEBUG *** file /home/cubrid/work/cubrid/src/connection/tcp.c, line 1470
The css_peer_alive() is calling.
Time: 11/14/25 15:04:01.769 - DEBUG *** file /home/cubrid/work/cubrid/src/connection/tcp.c, line 1470
The css_peer_alive() is calling.
Time: 11/14/25 15:04:06.771 - DEBUG *** file /home/cubrid/work/cubrid/src/connection/tcp.c, line 1470
The css_peer_alive() is calling.
Time: 11/14/25 15:04:11.777 - DEBUG *** file /home/cubrid/work/cubrid/src/connection/tcp.c, line 1470
The css_peer_alive() is calling.
Time: 11/14/25 15:04:16.777 - DEBUG *** file /home/cubrid/work/cubrid/src/connection/tcp.c, line 1470
The css_peer_alive() is calling.
Time: 11/14/25 15:04:21.778 - DEBUG *** file /home/cubrid/work/cubrid/src/connection/tcp.c, line 1470
The css_peer_alive() is calling.
Time: 11/14/25 15:04:26.782 - DEBUG *** file /home/cubrid/work/cubrid/src/connection/tcp.c, line 1470
The css_peer_alive() is calling.
Time: 11/14/25 15:04:31.787 - DEBUG *** file /home/cubrid/work/cubrid/src/connection/tcp.c, line 1470
The css_peer_alive() is calling.
Time: 11/14/25 15:04:36.789 - DEBUG *** file /home/cubrid/work/cubrid/src/connection/tcp.c, line 1470
The css_peer_alive() is calling.
Time: 11/14/25 15:04:41.789 - DEBUG *** file /home/cubrid/work/cubrid/src/connection/tcp.c, line 1470
The css_peer_alive() is calling.
Time: 11/14/25 15:04:46.793 - DEBUG *** file /home/cubrid/work/cubrid/src/connection/tcp.c, line 1470
The css_peer_alive() is calling.
Time: 11/14/25 15:04:51.796 - DEBUG *** file /home/cubrid/work/cubrid/src/connection/tcp.c, line 1470
The css_peer_alive() is calling.
Time: 11/14/25 15:04:56.799 - DEBUG *** file /home/cubrid/work/cubrid/src/connection/tcp.c, line 1470
The css_peer_alive() is calling.
Time: 11/14/25 15:05:01.804 - DEBUG *** file /home/cubrid/work/cubrid/src/connection/tcp.c, line 1470
The css_peer_alive() is calling.
Time: 11/14/25 15:05:06.805 - DEBUG *** file /home/cubrid/work/cubrid/src/connection/tcp.c, line 1470
The css_peer_alive() is calling.
Time: 11/14/25 15:05:11.807 - DEBUG *** file /home/cubrid/work/cubrid/src/connection/tcp.c, line 1470
The css_peer_alive() is calling.
Time: 11/14/25 15:05:16.810 - DEBUG *** file /home/cubrid/work/cubrid/src/connection/tcp.c, line 1470
The css_peer_alive() is calling.
Time: 11/14/25 15:05:21.812 - DEBUG *** file /home/cubrid/work/cubrid/src/connection/tcp.c, line 1470
The css_peer_alive() is calling.
Time: 11/14/25 15:05:26.815 - DEBUG *** file /home/cubrid/work/cubrid/src/connection/tcp.c, line 1470
The css_peer_alive() is calling.
Time: 11/14/25 15:05:31.815 - DEBUG *** file /home/cubrid/work/cubrid/src/connection/tcp.c, line 1470
The css_peer_alive() is calling.
Time: 11/14/25 15:05:36.815 - DEBUG *** file /home/cubrid/work/cubrid/src/connection/tcp.c, line 1470
The css_peer_alive() is calling.
Time: 11/14/25 15:05:41.821 - DEBUG *** file /home/cubrid/work/cubrid/src/connection/tcp.c, line 1470
The css_peer_alive() is calling.
Time: 11/14/25 15:05:46.826 - DEBUG *** file /home/cubrid/work/cubrid/src/connection/tcp.c, line 1470
The css_peer_alive() is calling.
Time: 11/14/25 15:05:51.826 - DEBUG *** file /home/cubrid/work/cubrid/src/connection/tcp.c, line 1470
The css_peer_alive() is calling.
Time: 11/14/25 15:05:56.832 - DEBUG *** file /home/cubrid/work/cubrid/src/connection/tcp.c, line 1470
The css_peer_alive() is calling.
Time: 11/14/25 15:06:01.833 - DEBUG *** file /home/cubrid/work/cubrid/src/connection/tcp.c, line 1470
The css_peer_alive() is calling.
Time: 11/14/25 15:06:06.838 - DEBUG *** file /home/cubrid/work/cubrid/src/connection/tcp.c, line 1470
The css_peer_alive() is calling.
Time: 11/14/25 15:06:11.841 - DEBUG *** file /home/cubrid/work/cubrid/src/connection/tcp.c, line 1470
The css_peer_alive() is calling.
Time: 11/14/25 15:06:16.846 - DEBUG *** file /home/cubrid/work/cubrid/src/connection/tcp.c, line 1470
The css_peer_alive() is calling.
Time: 11/14/25 15:06:21.850 - DEBUG *** file /home/cubrid/work/cubrid/src/connection/tcp.c, line 1470
The css_peer_alive() is calling.
Time: 11/14/25 15:06:26.851 - DEBUG *** file /home/cubrid/work/cubrid/src/connection/tcp.c, line 1470
The css_peer_alive() is calling.
Time: 11/14/25 15:06:31.855 - DEBUG *** file /home/cubrid/work/cubrid/src/connection/tcp.c, line 1470
The css_peer_alive() is calling.
Time: 11/14/25 15:06:36.858 - DEBUG *** file /home/cubrid/work/cubrid/src/connection/tcp.c, line 1470
The css_peer_alive() is calling.
Time: 11/14/25 15:06:41.863 - DEBUG *** file /home/cubrid/work/cubrid/src/connection/tcp.c, line 1470
The css_peer_alive() is calling.
Time: 11/14/25 15:06:46.868 - DEBUG *** file /home/cubrid/work/cubrid/src/connection/tcp.c, line 1470
The css_peer_alive() is calling.
Time: 11/14/25 15:06:51.868 - DEBUG *** file /home/cubrid/work/cubrid/src/connection/tcp.c, line 1470
The css_peer_alive() is calling.
Time: 11/14/25 15:06:56.873 - DEBUG *** file /home/cubrid/work/cubrid/src/connection/tcp.c, line 1470
The css_peer_alive() is calling.
Time: 11/14/25 15:07:01.876 - DEBUG *** file /home/cubrid/work/cubrid/src/connection/tcp.c, line 1470
The css_peer_alive() is calling.
Time: 11/14/25 15:07:06.879 - DEBUG *** file /home/cubrid/work/cubrid/src/connection/tcp.c, line 1470
The css_peer_alive() is calling.
Time: 11/14/25 15:07:11.880 - DEBUG *** file /home/cubrid/work/cubrid/src/connection/tcp.c, line 1470
The css_peer_alive() is calling.
Time: 11/14/25 15:07:16.880 - DEBUG *** file /home/cubrid/work/cubrid/src/connection/tcp.c, line 1470
The css_peer_alive() is calling.
Time: 11/14/25 15:07:21.882 - DEBUG *** file /home/cubrid/work/cubrid/src/connection/tcp.c, line 1470
The css_peer_alive() is calling.
Time: 11/14/25 15:07:26.885 - DEBUG *** file /home/cubrid/work/cubrid/src/connection/tcp.c, line 1470
The css_peer_alive() is calling.
Time: 11/14/25 15:07:31.888 - DEBUG *** file /home/cubrid/work/cubrid/src/connection/tcp.c, line 1470
The css_peer_alive() is calling.
Time: 11/14/25 15:07:36.892 - DEBUG *** file /home/cubrid/work/cubrid/src/connection/tcp.c, line 1470
The css_peer_alive() is calling.
Time: 11/14/25 15:07:41.895 - DEBUG *** file /home/cubrid/work/cubrid/src/connection/tcp.c, line 1470
The css_peer_alive() is calling.
Time: 11/14/25 15:07:46.900 - DEBUG *** file /home/cubrid/work/cubrid/src/connection/tcp.c, line 1470
The css_peer_alive() is calling.
Time: 11/14/25 15:07:51.904 - DEBUG *** file /home/cubrid/work/cubrid/src/connection/tcp.c, line 1470
The css_peer_alive() is calling.
Time: 11/14/25 15:07:56.910 - DEBUG *** file /home/cubrid/work/cubrid/src/connection/tcp.c, line 1470
The css_peer_alive() is calling.
Time: 11/14/25 15:08:01.915 - DEBUG *** file /home/cubrid/work/cubrid/src/connection/tcp.c, line 1470
The css_peer_alive() is calling.
Time: 11/14/25 15:08:06.917 - DEBUG *** file /home/cubrid/work/cubrid/src/connection/tcp.c, line 1470
The css_peer_alive() is calling.
Time: 11/14/25 15:08:11.918 - DEBUG *** file /home/cubrid/work/cubrid/src/connection/tcp.c, line 1470
The css_peer_alive() is calling.
Time: 11/14/25 15:08:16.920 - DEBUG *** file /home/cubrid/work/cubrid/src/connection/tcp.c, line 1470
The css_peer_alive() is calling.
Time: 11/14/25 15:08:21.924 - DEBUG *** file /home/cubrid/work/cubrid/src/connection/tcp.c, line 1470
The css_peer_alive() is calling.
Time: 11/14/25 15:08:26.925 - DEBUG *** file /home/cubrid/work/cubrid/src/connection/tcp.c, line 1470
The css_peer_alive() is calling.
Time: 11/14/25 15:08:31.930 - DEBUG *** file /home/cubrid/work/cubrid/src/connection/tcp.c, line 1470
The css_peer_alive() is calling.
Time: 11/14/25 15:08:36.935 - DEBUG *** file /home/cubrid/work/cubrid/src/connection/tcp.c, line 1470
The css_peer_alive() is calling.
Time: 11/14/25 15:08:41.940 - DEBUG *** file /home/cubrid/work/cubrid/src/connection/tcp.c, line 1470
The css_peer_alive() is calling.
Time: 11/14/25 15:08:46.944 - DEBUG *** file /home/cubrid/work/cubrid/src/connection/tcp.c, line 1470
The css_peer_alive() is calling.
Time: 11/14/25 15:08:51.946 - DEBUG *** file /home/cubrid/work/cubrid/src/connection/tcp.c, line 1470
The css_peer_alive() is calling.
Time: 11/14/25 15:08:56.947 - DEBUG *** file /home/cubrid/work/cubrid/src/connection/tcp.c, line 1470
The css_peer_alive() is calling.
Time: 11/14/25 15:09:01.952 - DEBUG *** file /home/cubrid/work/cubrid/src/connection/tcp.c, line 1470
The css_peer_alive() is calling.
Time: 11/14/25 15:09:06.957 - DEBUG *** file /home/cubrid/work/cubrid/src/connection/tcp.c, line 1470
The css_peer_alive() is calling.
Time: 11/14/25 15:09:11.957 - DEBUG *** file /home/cubrid/work/cubrid/src/connection/tcp.c, line 1470
The css_peer_alive() is calling.
Time: 11/14/25 15:09:16.962 - DEBUG *** file /home/cubrid/work/cubrid/src/connection/tcp.c, line 1470
The css_peer_alive() is calling.
Time: 11/14/25 15:09:21.964 - DEBUG *** file /home/cubrid/work/cubrid/src/connection/tcp.c, line 1470
The css_peer_alive() is calling.
Time: 11/14/25 15:09:26.968 - DEBUG *** file /home/cubrid/work/cubrid/src/connection/tcp.c, line 1470
The css_peer_alive() is calling.
Time: 11/14/25 15:09:31.972 - DEBUG *** file /home/cubrid/work/cubrid/src/connection/tcp.c, line 1470
The css_peer_alive() is calling.
Time: 11/14/25 15:09:36.977 - DEBUG *** file /home/cubrid/work/cubrid/src/connection/tcp.c, line 1470
The css_peer_alive() is calling.
Time: 11/14/25 15:09:41.979 - DEBUG *** file /home/cubrid/work/cubrid/src/connection/tcp.c, line 1470
The css_peer_alive() is calling.
Time: 11/14/25 15:09:46.984 - DEBUG *** file /home/cubrid/work/cubrid/src/connection/tcp.c, line 1470
The css_peer_alive() is calling.
Time: 11/14/25 15:09:51.989 - DEBUG *** file /home/cubrid/work/cubrid/src/connection/tcp.c, line 1470
The css_peer_alive() is calling.
Time: 11/14/25 15:09:56.993 - DEBUG *** file /home/cubrid/work/cubrid/src/connection/tcp.c, line 1470
The css_peer_alive() is calling.
Time: 11/14/25 15:10:01.998 - DEBUG *** file /home/cubrid/work/cubrid/src/connection/tcp.c, line 1470
The css_peer_alive() is calling.
Time: 11/14/25 15:10:07.003 - DEBUG *** file /home/cubrid/work/cubrid/src/connection/tcp.c, line 1470
The css_peer_alive() is calling.
Time: 11/14/25 15:10:12.008 - DEBUG *** file /home/cubrid/work/cubrid/src/connection/tcp.c, line 1470
The css_peer_alive() is calling.
Time: 11/14/25 15:10:17.014 - DEBUG *** file /home/cubrid/work/cubrid/src/connection/tcp.c, line 1470
The css_peer_alive() is calling.
Time: 11/14/25 15:10:22.019 - DEBUG *** file /home/cubrid/work/cubrid/src/connection/tcp.c, line 1470
The css_peer_alive() is calling.
Time: 11/14/25 15:10:27.024 - DEBUG *** file /home/cubrid/work/cubrid/src/connection/tcp.c, line 1470
The css_peer_alive() is calling.
Time: 11/14/25 15:10:32.029 - DEBUG *** file /home/cubrid/work/cubrid/src/connection/tcp.c, line 1470
The css_peer_alive() is calling.
Time: 11/14/25 15:10:37.034 - DEBUG *** file /home/cubrid/work/cubrid/src/connection/tcp.c, line 1470
The css_peer_alive() is calling.
Time: 11/14/25 15:10:42.039 - DEBUG *** file /home/cubrid/work/cubrid/src/connection/tcp.c, line 1470
The css_peer_alive() is calling.
Time: 11/14/25 15:10:47.044 - DEBUG *** file /home/cubrid/work/cubrid/src/connection/tcp.c, line 1470
The css_peer_alive() is calling.
Time: 11/14/25 15:10:52.047 - DEBUG *** file /home/cubrid/work/cubrid/src/connection/tcp.c, line 1470
The css_peer_alive() is calling.
Time: 11/14/25 15:10:57.052 - DEBUG *** file /home/cubrid/work/cubrid/src/connection/tcp.c, line 1470
The css_peer_alive() is calling.
Time: 11/14/25 15:11:02.057 - DEBUG *** file /home/cubrid/work/cubrid/src/connection/tcp.c, line 1470
The css_peer_alive() is calling.
Time: 11/14/25 15:11:07.062 - DEBUG *** file /home/cubrid/work/cubrid/src/connection/tcp.c, line 1470
The css_peer_alive() is calling.
Time: 11/14/25 15:11:12.067 - DEBUG *** file /home/cubrid/work/cubrid/src/connection/tcp.c, line 1470
The css_peer_alive() is calling.
Time: 11/14/25 15:11:17.072 - DEBUG *** file /home/cubrid/work/cubrid/src/connection/tcp.c, line 1470
The css_peer_alive() is calling.
Time: 11/14/25 15:11:22.077 - DEBUG *** file /home/cubrid/work/cubrid/src/connection/tcp.c, line 1470
The css_peer_alive() is calling.
Time: 11/14/25 15:11:27.082 - DEBUG *** file /home/cubrid/work/cubrid/src/connection/tcp.c, line 1470
The css_peer_alive() is calling.
Time: 11/14/25 15:11:32.087 - DEBUG *** file /home/cubrid/work/cubrid/src/connection/tcp.c, line 1470
The css_peer_alive() is calling.
Time: 11/14/25 15:11:37.092 - DEBUG *** file /home/cubrid/work/cubrid/src/connection/tcp.c, line 1470
The css_peer_alive() is calling.
Time: 11/14/25 15:11:42.098 - DEBUG *** file /home/cubrid/work/cubrid/src/connection/tcp.c, line 1470
The css_peer_alive() is calling.
Time: 11/14/25 15:11:47.101 - DEBUG *** file /home/cubrid/work/cubrid/src/connection/tcp.c, line 1470
The css_peer_alive() is calling.
Time: 11/14/25 15:11:52.106 - DEBUG *** file /home/cubrid/work/cubrid/src/connection/tcp.c, line 1470
The css_peer_alive() is calling.
Time: 11/14/25 15:11:57.111 - DEBUG *** file /home/cubrid/work/cubrid/src/connection/tcp.c, line 1470
The css_peer_alive() is calling.
Time: 11/14/25 15:12:02.116 - DEBUG *** file /home/cubrid/work/cubrid/src/connection/tcp.c, line 1470
The css_peer_alive() is calling.
Time: 11/14/25 15:12:07.121 - DEBUG *** file /home/cubrid/work/cubrid/src/connection/tcp.c, line 1470
The css_peer_alive() is calling.
Time: 11/14/25 15:12:12.126 - DEBUG *** file /home/cubrid/work/cubrid/src/connection/tcp.c, line 1470
The css_peer_alive() is calling.
Time: 11/14/25 15:12:17.127 - DEBUG *** file /home/cubrid/work/cubrid/src/connection/tcp.c, line 1470
The css_peer_alive() is calling.
Time: 11/14/25 15:12:22.131 - DEBUG *** file /home/cubrid/work/cubrid/src/connection/tcp.c, line 1470
The css_peer_alive() is calling.
Time: 11/14/25 15:12:27.136 - DEBUG *** file /home/cubrid/work/cubrid/src/connection/tcp.c, line 1470
The css_peer_alive() is calling.
Time: 11/14/25 15:12:32.141 - DEBUG *** file /home/cubrid/work/cubrid/src/connection/tcp.c, line 1470
The css_peer_alive() is calling.
Time: 11/14/25 15:12:37.146 - DEBUG *** file /home/cubrid/work/cubrid/src/connection/tcp.c, line 1470
The css_peer_alive() is calling.
Time: 11/14/25 15:12:42.151 - DEBUG *** file /home/cubrid/work/cubrid/src/connection/tcp.c, line 1470
The css_peer_alive() is calling.
Time: 11/14/25 15:12:47.156 - DEBUG *** file /home/cubrid/work/cubrid/src/connection/tcp.c, line 1470
The css_peer_alive() is calling.
Time: 11/14/25 15:12:52.162 - DEBUG *** file /home/cubrid/work/cubrid/src/connection/tcp.c, line 1470
The css_peer_alive() is calling.
Time: 11/14/25 15:12:57.167 - DEBUG *** file /home/cubrid/work/cubrid/src/connection/tcp.c, line 1470
The css_peer_alive() is calling.
Time: 11/14/25 15:13:02.170 - DEBUG *** file /home/cubrid/work/cubrid/src/connection/tcp.c, line 1470
The css_peer_alive() is calling.
Time: 11/14/25 15:13:07.175 - DEBUG *** file /home/cubrid/work/cubrid/src/connection/tcp.c, line 1470
The css_peer_alive() is calling.
Time: 11/14/25 15:13:12.180 - DEBUG *** file /home/cubrid/work/cubrid/src/connection/tcp.c, line 1470
The css_peer_alive() is calling.
Time: 11/14/25 15:13:17.181 - DEBUG *** file /home/cubrid/work/cubrid/src/connection/tcp.c, line 1470
The css_peer_alive() is calling.
Time: 11/14/25 15:13:22.186 - DEBUG *** file /home/cubrid/work/cubrid/src/connection/tcp.c, line 1470
The css_peer_alive() is calling.
Time: 11/14/25 15:13:27.191 - DEBUG *** file /home/cubrid/work/cubrid/src/connection/tcp.c, line 1470
The css_peer_alive() is calling.
Time: 11/14/25 15:13:32.196 - DEBUG *** file /home/cubrid/work/cubrid/src/connection/tcp.c, line 1470
The css_peer_alive() is calling.
Time: 11/14/25 15:13:37.201 - DEBUG *** file /home/cubrid/work/cubrid/src/connection/tcp.c, line 1470
The css_peer_alive() is calling.
Time: 11/14/25 15:13:42.206 - DEBUG *** file /home/cubrid/work/cubrid/src/connection/tcp.c, line 1470
The css_peer_alive() is calling.
Time: 11/14/25 15:13:47.211 - DEBUG *** file /home/cubrid/work/cubrid/src/connection/tcp.c, line 1470
The css_peer_alive() is calling.
Time: 11/14/25 15:13:52.217 - DEBUG *** file /home/cubrid/work/cubrid/src/connection/tcp.c, line 1470
The css_peer_alive() is calling.
Time: 11/14/25 15:13:57.222 - DEBUG *** file /home/cubrid/work/cubrid/src/connection/tcp.c, line 1470
The css_peer_alive() is calling.
Time: 11/14/25 15:14:02.227 - DEBUG *** file /home/cubrid/work/cubrid/src/connection/tcp.c, line 1470
The css_peer_alive() is calling.
Time: 11/14/25 15:14:07.232 - DEBUG *** file /home/cubrid/work/cubrid/src/connection/tcp.c, line 1470
The css_peer_alive() is calling.
Time: 11/14/25 15:14:12.237 - DEBUG *** file /home/cubrid/work/cubrid/src/connection/tcp.c, line 1470
The css_peer_alive() is calling.
Time: 11/14/25 15:14:17.241 - DEBUG *** file /home/cubrid/work/cubrid/src/connection/tcp.c, line 1470
The css_peer_alive() is calling.
Time: 11/14/25 15:14:22.246 - DEBUG *** file /home/cubrid/work/cubrid/src/connection/tcp.c, line 1470
The css_peer_alive() is calling.
Time: 11/14/25 15:14:27.251 - DEBUG *** file /home/cubrid/work/cubrid/src/connection/tcp.c, line 1470
The css_peer_alive() is calling.
Time: 11/14/25 15:14:32.257 - DEBUG *** file /home/cubrid/work/cubrid/src/connection/tcp.c, line 1470
The css_peer_alive() is calling.
Time: 11/14/25 15:14:37.262 - DEBUG *** file /home/cubrid/work/cubrid/src/connection/tcp.c, line 1470
The css_peer_alive() is calling.
Time: 11/14/25 15:14:42.267 - DEBUG *** file /home/cubrid/work/cubrid/src/connection/tcp.c, line 1470
The css_peer_alive() is calling.
Time: 11/14/25 15:14:47.272 - DEBUG *** file /home/cubrid/work/cubrid/src/connection/tcp.c, line 1470
The css_peer_alive() is calling.
Time: 11/14/25 15:14:52.277 - DEBUG *** file /home/cubrid/work/cubrid/src/connection/tcp.c, line 1470
The css_peer_alive() is calling.
Time: 11/14/25 15:14:57.282 - DEBUG *** file /home/cubrid/work/cubrid/src/connection/tcp.c, line 1470
The css_peer_alive() is calling.
Time: 11/14/25 15:15:02.287 - DEBUG *** file /home/cubrid/work/cubrid/src/connection/tcp.c, line 1470
The css_peer_alive() is calling.
Time: 11/14/25 15:15:07.292 - DEBUG *** file /home/cubrid/work/cubrid/src/connection/tcp.c, line 1470
The css_peer_alive() is calling.
Time: 11/14/25 15:15:12.298 - DEBUG *** file /home/cubrid/work/cubrid/src/connection/tcp.c, line 1470
The css_peer_alive() is calling.
Time: 11/14/25 15:15:17.303 - DEBUG *** file /home/cubrid/work/cubrid/src/connection/tcp.c, line 1470
The css_peer_alive() is calling.
Time: 11/14/25 15:15:22.304 - DEBUG *** file /home/cubrid/work/cubrid/src/connection/tcp.c, line 1470
The css_peer_alive() is calling.
Time: 11/14/25 15:15:27.305 - DEBUG *** file /home/cubrid/work/cubrid/src/connection/tcp.c, line 1470
The css_peer_alive() is calling.
Time: 11/14/25 15:15:32.306 - DEBUG *** file /home/cubrid/work/cubrid/src/connection/tcp.c, line 1470
The css_peer_alive() is calling.
Time: 11/14/25 15:15:37.307 - DEBUG *** file /home/cubrid/work/cubrid/src/connection/tcp.c, line 1470
The css_peer_alive() is calling.
Time: 11/14/25 15:15:42.313 - DEBUG *** file /home/cubrid/work/cubrid/src/connection/tcp.c, line 1470
The css_peer_alive() is calling.
Time: 11/14/25 15:15:47.314 - DEBUG *** file /home/cubrid/work/cubrid/src/connection/tcp.c, line 1470
The css_peer_alive() is calling.
Time: 11/14/25 15:15:52.315 - DEBUG *** file /home/cubrid/work/cubrid/src/connection/tcp.c, line 1470
The css_peer_alive() is calling.
Time: 11/14/25 15:15:57.317 - DEBUG *** file /home/cubrid/work/cubrid/src/connection/tcp.c, line 1470
The css_peer_alive() is calling.
Time: 11/14/25 15:16:02.322 - DEBUG *** file /home/cubrid/work/cubrid/src/connection/tcp.c, line 1470
The css_peer_alive() is calling.
Time: 11/14/25 15:16:07.324 - DEBUG *** file /home/cubrid/work/cubrid/src/connection/tcp.c, line 1470
The css_peer_alive() is calling.
Time: 11/14/25 15:16:12.325 - DEBUG *** file /home/cubrid/work/cubrid/src/connection/tcp.c, line 1470
The css_peer_alive() is calling.
Time: 11/14/25 15:16:17.327 - DEBUG *** file /home/cubrid/work/cubrid/src/connection/tcp.c, line 1470
The css_peer_alive() is calling.
Time: 11/14/25 15:16:22.332 - DEBUG *** file /home/cubrid/work/cubrid/src/connection/tcp.c, line 1470
The css_peer_alive() is calling.
Time: 11/14/25 15:16:27.334 - DEBUG *** file /home/cubrid/work/cubrid/src/connection/tcp.c, line 1470
The css_peer_alive() is calling.
Time: 11/14/25 15:16:32.336 - DEBUG *** file /home/cubrid/work/cubrid/src/connection/tcp.c, line 1470
The css_peer_alive() is calling.
Time: 11/14/25 15:16:37.342 - DEBUG *** file /home/cubrid/work/cubrid/src/connection/tcp.c, line 1470
The css_peer_alive() is calling.
Time: 11/14/25 15:16:42.347 - DEBUG *** file /home/cubrid/work/cubrid/src/connection/tcp.c, line 1470
The css_peer_alive() is calling.
Time: 11/14/25 15:16:47.349 - DEBUG *** file /home/cubrid/work/cubrid/src/connection/tcp.c, line 1470
The css_peer_alive() is calling.
Time: 11/14/25 15:16:52.350 - DEBUG *** file /home/cubrid/work/cubrid/src/connection/tcp.c, line 1470
The css_peer_alive() is calling.
Time: 11/14/25 15:16:57.356 - DEBUG *** file /home/cubrid/work/cubrid/src/connection/tcp.c, line 1470
The css_peer_alive() is calling.
Time: 11/14/25 15:17:02.359 - DEBUG *** file /home/cubrid/work/cubrid/src/connection/tcp.c, line 1470
The css_peer_alive() is calling.
Time: 11/14/25 15:17:07.361 - DEBUG *** file /home/cubrid/work/cubrid/src/connection/tcp.c, line 1470
The css_peer_alive() is calling.
Time: 11/14/25 15:17:12.362 - DEBUG *** file /home/cubrid/work/cubrid/src/connection/tcp.c, line 1470
The css_peer_alive() is calling.
Time: 11/14/25 15:17:17.366 - DEBUG *** file /home/cubrid/work/cubrid/src/connection/tcp.c, line 1470
The css_peer_alive() is calling.
Time: 11/14/25 15:17:22.371 - DEBUG *** file /home/cubrid/work/cubrid/src/connection/tcp.c, line 1470
The css_peer_alive() is calling.
Time: 11/14/25 15:17:27.377 - DEBUG *** file /home/cubrid/work/cubrid/src/connection/tcp.c, line 1470
The css_peer_alive() is calling.
Time: 11/14/25 15:17:32.382 - DEBUG *** file /home/cubrid/work/cubrid/src/connection/tcp.c, line 1470
The css_peer_alive() is calling.
Time: 11/14/25 15:17:37.387 - DEBUG *** file /home/cubrid/work/cubrid/src/connection/tcp.c, line 1470
The css_peer_alive() is calling.
Time: 11/14/25 15:17:42.387 - DEBUG *** file /home/cubrid/work/cubrid/src/connection/tcp.c, line 1470
The css_peer_alive() is calling.
Time: 11/14/25 15:17:47.393 - DEBUG *** file /home/cubrid/work/cubrid/src/connection/tcp.c, line 1470
The css_peer_alive() is calling.
Time: 11/14/25 15:17:52.398 - DEBUG *** file /home/cubrid/work/cubrid/src/connection/tcp.c, line 1470
The css_peer_alive() is calling.
Time: 11/14/25 15:17:57.403 - DEBUG *** file /home/cubrid/work/cubrid/src/connection/tcp.c, line 1470
The css_peer_alive() is calling.
Time: 11/14/25 15:18:02.408 - DEBUG *** file /home/cubrid/work/cubrid/src/connection/tcp.c, line 1470
The css_peer_alive() is calling.
Time: 11/14/25 15:18:07.413 - DEBUG *** file /home/cubrid/work/cubrid/src/connection/tcp.c, line 1470
The css_peer_alive() is calling.
Time: 11/14/25 15:18:12.418 - DEBUG *** file /home/cubrid/work/cubrid/src/connection/tcp.c, line 1470
The css_peer_alive() is calling.
Time: 11/14/25 15:18:17.423 - DEBUG *** file /home/cubrid/work/cubrid/src/connection/tcp.c, line 1470
The css_peer_alive() is calling.
Time: 11/14/25 15:18:22.428 - DEBUG *** file /home/cubrid/work/cubrid/src/connection/tcp.c, line 1470
The css_peer_alive() is calling.
Time: 11/14/25 15:18:27.431 - DEBUG *** file /home/cubrid/work/cubrid/src/connection/tcp.c, line 1470
The css_peer_alive() is calling.
Time: 11/14/25 15:18:32.436 - DEBUG *** file /home/cubrid/work/cubrid/src/connection/tcp.c, line 1470
The css_peer_alive() is calling.
Time: 11/14/25 15:18:37.441 - DEBUG *** file /home/cubrid/work/cubrid/src/connection/tcp.c, line 1470
The css_peer_alive() is calling.
Time: 11/14/25 15:18:42.446 - DEBUG *** file /home/cubrid/work/cubrid/src/connection/tcp.c, line 1470
The css_peer_alive() is calling.
Time: 11/14/25 15:18:47.451 - DEBUG *** file /home/cubrid/work/cubrid/src/connection/tcp.c, line 1470
The css_peer_alive() is calling.
Time: 11/14/25 15:18:52.456 - DEBUG *** file /home/cubrid/work/cubrid/src/connection/tcp.c, line 1470
The css_peer_alive() is calling.
Time: 11/14/25 15:18:57.459 - DEBUG *** file /home/cubrid/work/cubrid/src/connection/tcp.c, line 1470
The css_peer_alive() is calling.
Time: 11/14/25 15:19:02.461 - DEBUG *** file /home/cubrid/work/cubrid/src/connection/tcp.c, line 1470
The css_peer_alive() is calling.
Time: 11/14/25 15:19:07.464 - DEBUG *** file /home/cubrid/work/cubrid/src/connection/tcp.c, line 1470
The css_peer_alive() is calling.
Time: 11/14/25 15:19:12.468 - DEBUG *** file /home/cubrid/work/cubrid/src/connection/tcp.c, line 1470
The css_peer_alive() is calling.
Time: 11/14/25 15:19:17.473 - DEBUG *** file /home/cubrid/work/cubrid/src/connection/tcp.c, line 1470
The css_peer_alive() is calling.
Time: 11/14/25 15:19:22.479 - DEBUG *** file /home/cubrid/work/cubrid/src/connection/tcp.c, line 1470
The css_peer_alive() is calling.
Time: 11/14/25 15:19:27.484 - DEBUG *** file /home/cubrid/work/cubrid/src/connection/tcp.c, line 1470
The css_peer_alive() is calling.
Time: 11/14/25 15:19:32.489 - DEBUG *** file /home/cubrid/work/cubrid/src/connection/tcp.c, line 1470
The css_peer_alive() is calling.
Time: 11/14/25 15:19:37.494 - DEBUG *** file /home/cubrid/work/cubrid/src/connection/tcp.c, line 1470
The css_peer_alive() is calling.
Time: 11/14/25 15:19:42.499 - DEBUG *** file /home/cubrid/work/cubrid/src/connection/tcp.c, line 1470
The css_peer_alive() is calling.
Time: 11/14/25 15:19:47.504 - DEBUG *** file /home/cubrid/work/cubrid/src/connection/tcp.c, line 1470
The css_peer_alive() is calling.
Time: 11/14/25 15:19:52.509 - DEBUG *** file /home/cubrid/work/cubrid/src/connection/tcp.c, line 1470
The css_peer_alive() is calling.
Time: 11/14/25 15:19:57.512 - DEBUG *** file /home/cubrid/work/cubrid/src/connection/tcp.c, line 1470
The css_peer_alive() is calling.
Time: 11/14/25 15:20:02.515 - DEBUG *** file /home/cubrid/work/cubrid/src/connection/tcp.c, line 1470
The css_peer_alive() is calling.
Time: 11/14/25 15:20:07.520 - DEBUG *** file /home/cubrid/work/cubrid/src/connection/tcp.c, line 1470
The css_peer_alive() is calling.
Time: 11/14/25 15:20:12.525 - DEBUG *** file /home/cubrid/work/cubrid/src/connection/tcp.c, line 1470
The css_peer_alive() is calling.
Time: 11/14/25 15:20:17.530 - DEBUG *** file /home/cubrid/work/cubrid/src/connection/tcp.c, line 1470
The css_peer_alive() is calling.
Time: 11/14/25 15:20:22.535 - DEBUG *** file /home/cubrid/work/cubrid/src/connection/tcp.c, line 1470
The css_peer_alive() is calling.
Time: 11/14/25 15:20:27.541 - DEBUG *** file /home/cubrid/work/cubrid/src/connection/tcp.c, line 1470
The css_peer_alive() is calling.
Time: 11/14/25 15:20:32.546 - DEBUG *** file /home/cubrid/work/cubrid/src/connection/tcp.c, line 1470
The css_peer_alive() is calling.
Time: 11/14/25 15:20:37.549 - DEBUG *** file /home/cubrid/work/cubrid/src/connection/tcp.c, line 1470
The css_peer_alive() is calling.
Time: 11/14/25 15:20:42.552 - DEBUG *** file /home/cubrid/work/cubrid/src/connection/tcp.c, line 1470
The css_peer_alive() is calling.
Time: 11/14/25 15:20:47.554 - DEBUG *** file /home/cubrid/work/cubrid/src/connection/tcp.c, line 1470
The css_peer_alive() is calling.
Time: 11/14/25 15:20:52.558 - DEBUG *** file /home/cubrid/work/cubrid/src/connection/tcp.c, line 1470
The css_peer_alive() is calling.
Time: 11/14/25 15:20:57.563 - DEBUG *** file /home/cubrid/work/cubrid/src/connection/tcp.c, line 1470
The css_peer_alive() is calling.
Time: 11/14/25 15:21:02.564 - DEBUG *** file /home/cubrid/work/cubrid/src/connection/tcp.c, line 1470
The css_peer_alive() is calling.
Time: 11/14/25 15:21:07.569 - DEBUG *** file /home/cubrid/work/cubrid/src/connection/tcp.c, line 1470
The css_peer_alive() is calling.
Time: 11/14/25 15:21:12.573 - DEBUG *** file /home/cubrid/work/cubrid/src/connection/tcp.c, line 1470
The css_peer_alive() is calling.
Time: 11/14/25 15:21:17.576 - DEBUG *** file /home/cubrid/work/cubrid/src/connection/tcp.c, line 1470
The css_peer_alive() is calling.
Time: 11/14/25 15:21:22.577 - DEBUG *** file /home/cubrid/work/cubrid/src/connection/tcp.c, line 1470
The css_peer_alive() is calling.
Time: 11/14/25 15:21:27.582 - DEBUG *** file /home/cubrid/work/cubrid/src/connection/tcp.c, line 1470
The css_peer_alive() is calling.
Time: 11/14/25 15:21:32.587 - DEBUG *** file /home/cubrid/work/cubrid/src/connection/tcp.c, line 1470
The css_peer_alive() is calling.
Time: 11/14/25 15:21:37.592 - DEBUG *** file /home/cubrid/work/cubrid/src/connection/tcp.c, line 1470
The css_peer_alive() is calling.
Time: 11/14/25 15:21:42.595 - DEBUG *** file /home/cubrid/work/cubrid/src/connection/tcp.c, line 1470
The css_peer_alive() is calling.
Time: 11/14/25 15:21:47.600 - DEBUG *** file /home/cubrid/work/cubrid/src/connection/tcp.c, line 1470
The css_peer_alive() is calling.
Time: 11/14/25 15:21:52.605 - DEBUG *** file /home/cubrid/work/cubrid/src/connection/tcp.c, line 1470
The css_peer_alive() is calling.
Time: 11/14/25 15:21:57.610 - DEBUG *** file /home/cubrid/work/cubrid/src/connection/tcp.c, line 1470
The css_peer_alive() is calling.
Time: 11/14/25 15:22:02.612 - DEBUG *** file /home/cubrid/work/cubrid/src/connection/tcp.c, line 1470
The css_peer_alive() is calling.
Time: 11/14/25 15:22:07.617 - DEBUG *** file /home/cubrid/work/cubrid/src/connection/tcp.c, line 1470
The css_peer_alive() is calling.
Time: 11/14/25 15:22:12.622 - DEBUG *** file /home/cubrid/work/cubrid/src/connection/tcp.c, line 1470
The css_peer_alive() is calling.
Time: 11/14/25 15:22:17.627 - DEBUG *** file /home/cubrid/work/cubrid/src/connection/tcp.c, line 1470
The css_peer_alive() is calling.
Time: 11/14/25 15:22:22.632 - DEBUG *** file /home/cubrid/work/cubrid/src/connection/tcp.c, line 1470
The css_peer_alive() is calling.
Time: 11/14/25 15:22:27.636 - DEBUG *** file /home/cubrid/work/cubrid/src/connection/tcp.c, line 1470
The css_peer_alive() is calling.
Time: 11/14/25 15:22:32.639 - DEBUG *** file /home/cubrid/work/cubrid/src/connection/tcp.c, line 1470
The css_peer_alive() is calling.
Time: 11/14/25 15:22:37.645 - DEBUG *** file /home/cubrid/work/cubrid/src/connection/tcp.c, line 1470
The css_peer_alive() is calling.
Time: 11/14/25 15:22:42.650 - DEBUG *** file /home/cubrid/work/cubrid/src/connection/tcp.c, line 1470
The css_peer_alive() is calling.
Time: 11/14/25 15:22:47.652 - DEBUG *** file /home/cubrid/work/cubrid/src/connection/tcp.c, line 1470
The css_peer_alive() is calling.
Time: 11/14/25 15:22:52.657 - DEBUG *** file /home/cubrid/work/cubrid/src/connection/tcp.c, line 1470
The css_peer_alive() is calling.
Time: 11/14/25 15:22:57.659 - DEBUG *** file /home/cubrid/work/cubrid/src/connection/tcp.c, line 1470
The css_peer_alive() is calling.
Time: 11/14/25 15:23:02.665 - DEBUG *** file /home/cubrid/work/cubrid/src/connection/tcp.c, line 1470
The css_peer_alive() is calling.
Time: 11/14/25 15:23:07.669 - DEBUG *** file /home/cubrid/work/cubrid/src/connection/tcp.c, line 1470
The css_peer_alive() is calling.
Time: 11/14/25 15:23:12.672 - DEBUG *** file /home/cubrid/work/cubrid/src/connection/tcp.c, line 1470
The css_peer_alive() is calling.
Time: 11/14/25 15:23:17.674 - DEBUG *** file /home/cubrid/work/cubrid/src/connection/tcp.c, line 1470
The css_peer_alive() is calling.
Time: 11/14/25 15:23:22.680 - DEBUG *** file /home/cubrid/work/cubrid/src/connection/tcp.c, line 1470
The css_peer_alive() is calling.
Time: 11/14/25 15:23:27.685 - DEBUG *** file /home/cubrid/work/cubrid/src/connection/tcp.c, line 1470
The css_peer_alive() is calling.
Time: 11/14/25 15:23:32.690 - DEBUG *** file /home/cubrid/work/cubrid/src/connection/tcp.c, line 1470
The css_peer_alive() is calling.
Time: 11/14/25 15:23:37.694 - DEBUG *** file /home/cubrid/work/cubrid/src/connection/tcp.c, line 1470
The css_peer_alive() is calling.
Time: 11/14/25 15:23:42.696 - DEBUG *** file /home/cubrid/work/cubrid/src/connection/tcp.c, line 1470
The css_peer_alive() is calling.
Time: 11/14/25 15:23:47.701 - DEBUG *** file /home/cubrid/work/cubrid/src/connection/tcp.c, line 1470
The css_peer_alive() is calling.
Time: 11/14/25 15:23:52.706 - DEBUG *** file /home/cubrid/work/cubrid/src/connection/tcp.c, line 1470
The css_peer_alive() is calling.
Time: 11/14/25 15:23:57.711 - DEBUG *** file /home/cubrid/work/cubrid/src/connection/tcp.c, line 1470
The css_peer_alive() is calling.
Time: 11/14/25 15:24:02.715 - DEBUG *** file /home/cubrid/work/cubrid/src/connection/tcp.c, line 1470
The css_peer_alive() is calling.
Time: 11/14/25 15:24:07.720 - DEBUG *** file /home/cubrid/work/cubrid/src/connection/tcp.c, line 1470
The css_peer_alive() is calling.
Time: 11/14/25 15:24:12.725 - DEBUG *** file /home/cubrid/work/cubrid/src/connection/tcp.c, line 1470
The css_peer_alive() is calling.
Time: 11/14/25 15:24:17.730 - DEBUG *** file /home/cubrid/work/cubrid/src/connection/tcp.c, line 1470
The css_peer_alive() is calling.
Time: 11/14/25 15:24:22.735 - DEBUG *** file /home/cubrid/work/cubrid/src/connection/tcp.c, line 1470
The css_peer_alive() is calling.
Time: 11/14/25 15:24:27.740 - DEBUG *** file /home/cubrid/work/cubrid/src/connection/tcp.c, line 1470
The css_peer_alive() is calling.
Time: 11/14/25 15:24:32.745 - DEBUG *** file /home/cubrid/work/cubrid/src/connection/tcp.c, line 1470
The css_peer_alive() is calling.
Time: 11/14/25 15:24:37.751 - DEBUG *** file /home/cubrid/work/cubrid/src/connection/tcp.c, line 1470
The css_peer_alive() is calling.
Time: 11/14/25 15:24:42.756 - DEBUG *** file /home/cubrid/work/cubrid/src/connection/tcp.c, line 1470
The css_peer_alive() is calling.
Time: 11/14/25 15:24:47.761 - DEBUG *** file /home/cubrid/work/cubrid/src/connection/tcp.c, line 1470
The css_peer_alive() is calling.
Time: 11/14/25 15:24:52.766 - DEBUG *** file /home/cubrid/work/cubrid/src/connection/tcp.c, line 1470
The css_peer_alive() is calling.
Time: 11/14/25 15:24:57.771 - DEBUG *** file /home/cubrid/work/cubrid/src/connection/tcp.c, line 1470
The css_peer_alive() is calling.
Time: 11/14/25 15:25:02.776 - DEBUG *** file /home/cubrid/work/cubrid/src/connection/tcp.c, line 1470
The css_peer_alive() is calling.
Time: 11/14/25 15:25:07.781 - DEBUG *** file /home/cubrid/work/cubrid/src/connection/tcp.c, line 1470
The css_peer_alive() is calling.
Time: 11/14/25 15:25:12.786 - DEBUG *** file /home/cubrid/work/cubrid/src/connection/tcp.c, line 1470
The css_peer_alive() is calling.
Time: 11/14/25 15:25:17.788 - DEBUG *** file /home/cubrid/work/cubrid/src/connection/tcp.c, line 1470
The css_peer_alive() is calling.
Time: 11/14/25 15:25:22.789 - DEBUG *** file /home/cubrid/work/cubrid/src/connection/tcp.c, line 1470
The css_peer_alive() is calling.
Time: 11/14/25 15:25:27.792 - DEBUG *** file /home/cubrid/work/cubrid/src/connection/tcp.c, line 1470
The css_peer_alive() is calling.
Time: 11/14/25 15:25:32.794 - DEBUG *** file /home/cubrid/work/cubrid/src/connection/tcp.c, line 1470
The css_peer_alive() is calling.
Time: 11/14/25 15:25:37.799 - DEBUG *** file /home/cubrid/work/cubrid/src/connection/tcp.c, line 1470
The css_peer_alive() is calling.
Time: 11/14/25 15:25:42.804 - DEBUG *** file /home/cubrid/work/cubrid/src/connection/tcp.c, line 1470
The css_peer_alive() is calling.
Time: 11/14/25 15:25:47.805 - DEBUG *** file /home/cubrid/work/cubrid/src/connection/tcp.c, line 1470
The css_peer_alive() is calling.
Time: 11/14/25 15:25:52.806 - DEBUG *** file /home/cubrid/work/cubrid/src/connection/tcp.c, line 1470
The css_peer_alive() is calling.
Time: 11/14/25 15:25:57.812 - DEBUG *** file /home/cubrid/work/cubrid/src/connection/tcp.c, line 1470
The css_peer_alive() is calling.
Time: 11/14/25 15:26:02.814 - DEBUG *** file /home/cubrid/work/cubrid/src/connection/tcp.c, line 1470
The css_peer_alive() is calling.
Time: 11/14/25 15:26:07.817 - DEBUG *** file /home/cubrid/work/cubrid/src/connection/tcp.c, line 1470
The css_peer_alive() is calling.
Time: 11/14/25 15:26:12.822 - DEBUG *** file /home/cubrid/work/cubrid/src/connection/tcp.c, line 1470
The css_peer_alive() is calling.
Time: 11/14/25 15:26:17.827 - DEBUG *** file /home/cubrid/work/cubrid/src/connection/tcp.c, line 1470
The css_peer_alive() is calling.
Time: 11/14/25 15:26:22.829 - DEBUG *** file /home/cubrid/work/cubrid/src/connection/tcp.c, line 1470
The css_peer_alive() is calling.
Time: 11/14/25 15:26:27.831 - DEBUG *** file /home/cubrid/work/cubrid/src/connection/tcp.c, line 1470
The css_peer_alive() is calling.
Time: 11/14/25 15:26:32.836 - DEBUG *** file /home/cubrid/work/cubrid/src/connection/tcp.c, line 1470
The css_peer_alive() is calling.
Time: 11/14/25 15:26:37.841 - DEBUG *** file /home/cubrid/work/cubrid/src/connection/tcp.c, line 1470
The css_peer_alive() is calling.
Time: 11/14/25 15:26:42.846 - DEBUG *** file /home/cubrid/work/cubrid/src/connection/tcp.c, line 1470
The css_peer_alive() is calling.
Time: 11/14/25 15:26:47.851 - DEBUG *** file /home/cubrid/work/cubrid/src/connection/tcp.c, line 1470
The css_peer_alive() is calling.
Time: 11/14/25 15:26:52.856 - DEBUG *** file /home/cubrid/work/cubrid/src/connection/tcp.c, line 1470
The css_peer_alive() is calling.
Time: 11/14/25 15:26:57.861 - DEBUG *** file /home/cubrid/work/cubrid/src/connection/tcp.c, line 1470
The css_peer_alive() is calling.
Time: 11/14/25 15:27:02.864 - DEBUG *** file /home/cubrid/work/cubrid/src/connection/tcp.c, line 1470
The css_peer_alive() is calling.
Time: 11/14/25 15:27:07.865 - DEBUG *** file /home/cubrid/work/cubrid/src/connection/tcp.c, line 1470
The css_peer_alive() is calling.
Time: 11/14/25 15:27:12.870 - DEBUG *** file /home/cubrid/work/cubrid/src/connection/tcp.c, line 1470
The css_peer_alive() is calling.
Time: 11/14/25 15:27:17.875 - DEBUG *** file /home/cubrid/work/cubrid/src/connection/tcp.c, line 1470
The css_peer_alive() is calling.
Time: 11/14/25 15:27:22.876 - DEBUG *** file /home/cubrid/work/cubrid/src/connection/tcp.c, line 1470
The css_peer_alive() is calling.
Time: 11/14/25 15:27:27.882 - DEBUG *** file /home/cubrid/work/cubrid/src/connection/tcp.c, line 1470
The css_peer_alive() is calling.
Time: 11/14/25 15:27:32.887 - DEBUG *** file /home/cubrid/work/cubrid/src/connection/tcp.c, line 1470
The css_peer_alive() is calling.
Time: 11/14/25 15:27:37.892 - DEBUG *** file /home/cubrid/work/cubrid/src/connection/tcp.c, line 1470
The css_peer_alive() is calling.
Time: 11/14/25 15:27:42.892 - DEBUG *** file /home/cubrid/work/cubrid/src/connection/tcp.c, line 1470
The css_peer_alive() is calling.
Time: 11/14/25 15:27:47.897 - DEBUG *** file /home/cubrid/work/cubrid/src/connection/tcp.c, line 1470
The css_peer_alive() is calling.
Time: 11/14/25 15:27:52.902 - DEBUG *** file /home/cubrid/work/cubrid/src/connection/tcp.c, line 1470
The css_peer_alive() is calling.
Time: 11/14/25 15:27:57.907 - DEBUG *** file /home/cubrid/work/cubrid/src/connection/tcp.c, line 1470
The css_peer_alive() is calling.
Time: 11/14/25 15:28:02.908 - DEBUG *** file /home/cubrid/work/cubrid/src/connection/tcp.c, line 1470
The css_peer_alive() is calling.
Time: 11/14/25 15:28:07.913 - DEBUG *** file /home/cubrid/work/cubrid/src/connection/tcp.c, line 1470
The css_peer_alive() is calling.
Time: 11/14/25 15:28:12.918 - DEBUG *** file /home/cubrid/work/cubrid/src/connection/tcp.c, line 1470
The css_peer_alive() is calling.
Time: 11/14/25 15:28:17.923 - DEBUG *** file /home/cubrid/work/cubrid/src/connection/tcp.c, line 1470
The css_peer_alive() is calling.
Time: 11/14/25 15:28:22.929 - DEBUG *** file /home/cubrid/work/cubrid/src/connection/tcp.c, line 1470
The css_peer_alive() is calling.
Time: 11/14/25 15:28:27.934 - DEBUG *** file /home/cubrid/work/cubrid/src/connection/tcp.c, line 1470
The css_peer_alive() is calling.
Time: 11/14/25 15:28:32.939 - DEBUG *** file /home/cubrid/work/cubrid/src/connection/tcp.c, line 1470
The css_peer_alive() is calling.
Time: 11/14/25 15:28:37.943 - DEBUG *** file /home/cubrid/work/cubrid/src/connection/tcp.c, line 1470
The css_peer_alive() is calling.
Time: 11/14/25 15:28:42.948 - DEBUG *** file /home/cubrid/work/cubrid/src/connection/tcp.c, line 1470
The css_peer_alive() is calling.
Time: 11/14/25 15:28:47.953 - DEBUG *** file /home/cubrid/work/cubrid/src/connection/tcp.c, line 1470
The css_peer_alive() is calling.
Time: 11/14/25 15:28:52.954 - DEBUG *** file /home/cubrid/work/cubrid/src/connection/tcp.c, line 1470
The css_peer_alive() is calling.
Time: 11/14/25 15:28:57.959 - DEBUG *** file /home/cubrid/work/cubrid/src/connection/tcp.c, line 1470
The css_peer_alive() is calling.
Time: 11/14/25 15:29:02.965 - DEBUG *** file /home/cubrid/work/cubrid/src/connection/tcp.c, line 1470
The css_peer_alive() is calling.
Time: 11/14/25 15:29:07.970 - DEBUG *** file /home/cubrid/work/cubrid/src/connection/tcp.c, line 1470
The css_peer_alive() is calling.
Time: 11/14/25 15:29:12.977 - DEBUG *** file /home/cubrid/work/cubrid/src/connection/tcp.c, line 1470
The css_peer_alive() is calling.
Time: 11/14/25 15:29:17.977 - DEBUG *** file /home/cubrid/work/cubrid/src/connection/tcp.c, line 1470
The css_peer_alive() is calling.
Time: 11/14/25 15:29:22.982 - DEBUG *** file /home/cubrid/work/cubrid/src/connection/tcp.c, line 1470
The css_peer_alive() is calling.
Time: 11/14/25 15:29:27.985 - DEBUG *** file /home/cubrid/work/cubrid/src/connection/tcp.c, line 1470
The css_peer_alive() is calling.
Time: 11/14/25 15:29:32.986 - DEBUG *** file /home/cubrid/work/cubrid/src/connection/tcp.c, line 1470
The css_peer_alive() is calling.
Time: 11/14/25 15:29:37.989 - DEBUG *** file /home/cubrid/work/cubrid/src/connection/tcp.c, line 1470
The css_peer_alive() is calling.
Time: 11/14/25 15:29:42.992 - DEBUG *** file /home/cubrid/work/cubrid/src/connection/tcp.c, line 1470
The css_peer_alive() is calling.
Time: 11/14/25 15:29:47.993 - DEBUG *** file /home/cubrid/work/cubrid/src/connection/tcp.c, line 1470
The css_peer_alive() is calling.
Time: 11/14/25 15:29:52.997 - DEBUG *** file /home/cubrid/work/cubrid/src/connection/tcp.c, line 1470
The css_peer_alive() is calling.
Time: 11/14/25 15:29:57.998 - DEBUG *** file /home/cubrid/work/cubrid/src/connection/tcp.c, line 1470
The css_peer_alive() is calling.
Time: 11/14/25 15:30:03.003 - DEBUG *** file /home/cubrid/work/cubrid/src/connection/tcp.c, line 1470
The css_peer_alive() is calling.
Time: 11/14/25 15:30:08.009 - DEBUG *** file /home/cubrid/work/cubrid/src/connection/tcp.c, line 1470
The css_peer_alive() is calling.
Time: 11/14/25 15:30:13.012 - DEBUG *** file /home/cubrid/work/cubrid/src/connection/tcp.c, line 1470
The css_peer_alive() is calling.
Time: 11/14/25 15:30:18.017 - DEBUG *** file /home/cubrid/work/cubrid/src/connection/tcp.c, line 1470
The css_peer_alive() is calling.
Time: 11/14/25 15:30:23.018 - DEBUG *** file /home/cubrid/work/cubrid/src/connection/tcp.c, line 1470
The css_peer_alive() is calling.
Time: 11/14/25 15:30:28.023 - DEBUG *** file /home/cubrid/work/cubrid/src/connection/tcp.c, line 1470
The css_peer_alive() is calling.
Time: 11/14/25 15:30:33.028 - DEBUG *** file /home/cubrid/work/cubrid/src/connection/tcp.c, line 1470
The css_peer_alive() is calling.
Time: 11/14/25 15:30:38.033 - DEBUG *** file /home/cubrid/work/cubrid/src/connection/tcp.c, line 1470
The css_peer_alive() is calling.
Time: 11/14/25 15:30:43.036 - DEBUG *** file /home/cubrid/work/cubrid/src/connection/tcp.c, line 1470
The css_peer_alive() is calling.
Time: 11/14/25 15:30:48.040 - DEBUG *** file /home/cubrid/work/cubrid/src/connection/tcp.c, line 1470
The css_peer_alive() is calling.
Time: 11/14/25 15:30:53.045 - DEBUG *** file /home/cubrid/work/cubrid/src/connection/tcp.c, line 1470
The css_peer_alive() is calling.
Time: 11/14/25 15:30:58.046 - DEBUG *** file /home/cubrid/work/cubrid/src/connection/tcp.c, line 1470
The css_peer_alive() is calling.
Time: 11/14/25 15:31:03.051 - DEBUG *** file /home/cubrid/work/cubrid/src/connection/tcp.c, line 1470
The css_peer_alive() is calling.
Time: 11/14/25 15:31:08.055 - DEBUG *** file /home/cubrid/work/cubrid/src/connection/tcp.c, line 1470
The css_peer_alive() is calling.
Time: 11/14/25 15:31:13.057 - DEBUG *** file /home/cubrid/work/cubrid/src/connection/tcp.c, line 1470
The css_peer_alive() is calling.
Time: 11/14/25 15:31:18.057 - DEBUG *** file /home/cubrid/work/cubrid/src/connection/tcp.c, line 1470
The css_peer_alive() is calling.
Time: 11/14/25 15:31:23.062 - DEBUG *** file /home/cubrid/work/cubrid/src/connection/tcp.c, line 1470
The css_peer_alive() is calling.
Time: 11/14/25 15:31:28.064 - DEBUG *** file /home/cubrid/work/cubrid/src/connection/tcp.c, line 1470
The css_peer_alive() is calling.
Time: 11/14/25 15:31:33.067 - DEBUG *** file /home/cubrid/work/cubrid/src/connection/tcp.c, line 1470
The css_peer_alive() is calling.
Time: 11/14/25 15:31:38.070 - DEBUG *** file /home/cubrid/work/cubrid/src/connection/tcp.c, line 1470
The css_peer_alive() is calling.
Time: 11/14/25 15:31:43.074 - DEBUG *** file /home/cubrid/work/cubrid/src/connection/tcp.c, line 1470
The css_peer_alive() is calling.
Time: 11/14/25 15:31:48.077 - DEBUG *** file /home/cubrid/work/cubrid/src/connection/tcp.c, line 1470
The css_peer_alive() is calling.
Time: 11/14/25 15:31:53.082 - DEBUG *** file /home/cubrid/work/cubrid/src/connection/tcp.c, line 1470
The css_peer_alive() is calling.
Time: 11/14/25 15:31:58.085 - DEBUG *** file /home/cubrid/work/cubrid/src/connection/tcp.c, line 1470
The css_peer_alive() is calling.
Time: 11/14/25 15:32:03.090 - DEBUG *** file /home/cubrid/work/cubrid/src/connection/tcp.c, line 1470
The css_peer_alive() is calling.
Time: 11/14/25 15:32:08.095 - DEBUG *** file /home/cubrid/work/cubrid/src/connection/tcp.c, line 1470
The css_peer_alive() is calling.
Time: 11/14/25 15:32:13.100 - DEBUG *** file /home/cubrid/work/cubrid/src/connection/tcp.c, line 1470
The css_peer_alive() is calling.
Time: 11/14/25 15:32:18.105 - DEBUG *** file /home/cubrid/work/cubrid/src/connection/tcp.c, line 1470
The css_peer_alive() is calling.
Time: 11/14/25 15:32:23.111 - DEBUG *** file /home/cubrid/work/cubrid/src/connection/tcp.c, line 1470
The css_peer_alive() is calling.
Time: 11/14/25 15:32:28.115 - DEBUG *** file /home/cubrid/work/cubrid/src/connection/tcp.c, line 1470
The css_peer_alive() is calling.
Time: 11/14/25 15:32:33.120 - DEBUG *** file /home/cubrid/work/cubrid/src/connection/tcp.c, line 1470
The css_peer_alive() is calling.
Time: 11/14/25 15:32:38.124 - DEBUG *** file /home/cubrid/work/cubrid/src/connection/tcp.c, line 1470
The css_peer_alive() is calling.
Time: 11/14/25 15:32:43.127 - DEBUG *** file /home/cubrid/work/cubrid/src/connection/tcp.c, line 1470
The css_peer_alive() is calling.
Time: 11/14/25 15:32:48.131 - DEBUG *** file /home/cubrid/work/cubrid/src/connection/tcp.c, line 1470
The css_peer_alive() is calling.
Time: 11/14/25 15:32:53.136 - DEBUG *** file /home/cubrid/work/cubrid/src/connection/tcp.c, line 1470
The css_peer_alive() is calling.
Time: 11/14/25 15:32:58.141 - DEBUG *** file /home/cubrid/work/cubrid/src/connection/tcp.c, line 1470
The css_peer_alive() is calling.
Time: 11/14/25 15:33:03.141 - DEBUG *** file /home/cubrid/work/cubrid/src/connection/tcp.c, line 1470
The css_peer_alive() is calling.
Time: 11/14/25 15:33:08.145 - DEBUG *** file /home/cubrid/work/cubrid/src/connection/tcp.c, line 1470
The css_peer_alive() is calling.
Time: 11/14/25 15:33:13.150 - DEBUG *** file /home/cubrid/work/cubrid/src/connection/tcp.c, line 1470
The css_peer_alive() is calling.
Time: 11/14/25 15:33:18.155 - DEBUG *** file /home/cubrid/work/cubrid/src/connection/tcp.c, line 1470
The css_peer_alive() is calling.
Time: 11/14/25 15:33:23.160 - DEBUG *** file /home/cubrid/work/cubrid/src/connection/tcp.c, line 1470
The css_peer_alive() is calling.
Time: 11/14/25 15:33:28.165 - DEBUG *** file /home/cubrid/work/cubrid/src/connection/tcp.c, line 1470
The css_peer_alive() is calling.
Time: 11/14/25 15:33:33.170 - DEBUG *** file /home/cubrid/work/cubrid/src/connection/tcp.c, line 1470
The css_peer_alive() is calling.
Time: 11/14/25 15:33:38.175 - DEBUG *** file /home/cubrid/work/cubrid/src/connection/tcp.c, line 1470
The css_peer_alive() is calling.
Time: 11/14/25 15:33:43.177 - DEBUG *** file /home/cubrid/work/cubrid/src/connection/tcp.c, line 1470
The css_peer_alive() is calling.
Time: 11/14/25 15:33:48.180 - DEBUG *** file /home/cubrid/work/cubrid/src/connection/tcp.c, line 1470
The css_peer_alive() is calling.
Time: 11/14/25 15:33:53.186 - DEBUG *** file /home/cubrid/work/cubrid/src/connection/tcp.c, line 1470
The css_peer_alive() is calling.
Time: 11/14/25 15:33:58.186 - DEBUG *** file /home/cubrid/work/cubrid/src/connection/tcp.c, line 1470
The css_peer_alive() is calling.
Time: 11/14/25 15:34:03.192 - DEBUG *** file /home/cubrid/work/cubrid/src/connection/tcp.c, line 1470
The css_peer_alive() is calling.
Time: 11/14/25 15:34:08.193 - DEBUG *** file /home/cubrid/work/cubrid/src/connection/tcp.c, line 1470
The css_peer_alive() is calling.
Time: 11/14/25 15:34:13.197 - DEBUG *** file /home/cubrid/work/cubrid/src/connection/tcp.c, line 1470
The css_peer_alive() is calling.
Time: 11/14/25 15:34:18.202 - DEBUG *** file /home/cubrid/work/cubrid/src/connection/tcp.c, line 1470
The css_peer_alive() is calling.
Time: 11/14/25 15:34:23.203 - DEBUG *** file /home/cubrid/work/cubrid/src/connection/tcp.c, line 1470
The css_peer_alive() is calling.
Time: 11/14/25 15:34:28.208 - DEBUG *** file /home/cubrid/work/cubrid/src/connection/tcp.c, line 1470
The css_peer_alive() is calling.
Time: 11/14/25 15:34:33.211 - DEBUG *** file /home/cubrid/work/cubrid/src/connection/tcp.c, line 1470
The css_peer_alive() is calling.
Time: 11/14/25 15:34:38.213 - DEBUG *** file /home/cubrid/work/cubrid/src/connection/tcp.c, line 1470
The css_peer_alive() is calling.
Time: 11/14/25 15:34:43.216 - DEBUG *** file /home/cubrid/work/cubrid/src/connection/tcp.c, line 1470
The css_peer_alive() is calling.
Time: 11/14/25 15:34:48.221 - DEBUG *** file /home/cubrid/work/cubrid/src/connection/tcp.c, line 1470
The css_peer_alive() is calling.
Time: 11/14/25 15:34:53.225 - DEBUG *** file /home/cubrid/work/cubrid/src/connection/tcp.c, line 1470
The css_peer_alive() is calling.
Time: 11/14/25 15:34:58.229 - DEBUG *** file /home/cubrid/work/cubrid/src/connection/tcp.c, line 1470
The css_peer_alive() is calling.
Time: 11/14/25 15:35:03.234 - DEBUG *** file /home/cubrid/work/cubrid/src/connection/tcp.c, line 1470
The css_peer_alive() is calling.
Time: 11/14/25 15:35:08.234 - DEBUG *** file /home/cubrid/work/cubrid/src/connection/tcp.c, line 1470
The css_peer_alive() is calling.
Time: 11/14/25 15:35:13.239 - DEBUG *** file /home/cubrid/work/cubrid/src/connection/tcp.c, line 1470
The css_peer_alive() is calling.
Time: 11/14/25 15:35:18.241 - DEBUG *** file /home/cubrid/work/cubrid/src/connection/tcp.c, line 1470
The css_peer_alive() is calling.
Time: 11/14/25 15:35:23.244 - DEBUG *** file /home/cubrid/work/cubrid/src/connection/tcp.c, line 1470
The css_peer_alive() is calling.
Time: 11/14/25 15:35:28.246 - DEBUG *** file /home/cubrid/work/cubrid/src/connection/tcp.c, line 1470
The css_peer_alive() is calling.
Time: 11/14/25 15:35:33.251 - DEBUG *** file /home/cubrid/work/cubrid/src/connection/tcp.c, line 1470
The css_peer_alive() is calling.
Time: 11/14/25 15:35:38.256 - DEBUG *** file /home/cubrid/work/cubrid/src/connection/tcp.c, line 1470
The css_peer_alive() is calling.
Time: 11/14/25 15:35:43.260 - DEBUG *** file /home/cubrid/work/cubrid/src/connection/tcp.c, line 1470
The css_peer_alive() is calling.
Time: 11/14/25 15:35:48.265 - DEBUG *** file /home/cubrid/work/cubrid/src/connection/tcp.c, line 1470
The css_peer_alive() is calling.
Time: 11/14/25 15:35:53.270 - DEBUG *** file /home/cubrid/work/cubrid/src/connection/tcp.c, line 1470
The css_peer_alive() is calling.
Time: 11/14/25 15:35:58.276 - DEBUG *** file /home/cubrid/work/cubrid/src/connection/tcp.c, line 1470
The css_peer_alive() is calling.
Time: 11/14/25 15:36:03.281 - DEBUG *** file /home/cubrid/work/cubrid/src/connection/tcp.c, line 1470
The css_peer_alive() is calling.
Time: 11/14/25 15:36:08.286 - DEBUG *** file /home/cubrid/work/cubrid/src/connection/tcp.c, line 1470
The css_peer_alive() is calling.
Time: 11/14/25 15:36:13.289 - DEBUG *** file /home/cubrid/work/cubrid/src/connection/tcp.c, line 1470
The css_peer_alive() is calling.
Time: 11/14/25 15:36:18.291 - DEBUG *** file /home/cubrid/work/cubrid/src/connection/tcp.c, line 1470
The css_peer_alive() is calling.
Time: 11/14/25 15:36:23.296 - DEBUG *** file /home/cubrid/work/cubrid/src/connection/tcp.c, line 1470
The css_peer_alive() is calling.
Time: 11/14/25 15:36:28.301 - DEBUG *** file /home/cubrid/work/cubrid/src/connection/tcp.c, line 1470
The css_peer_alive() is calling.
Time: 11/14/25 15:36:33.306 - DEBUG *** file /home/cubrid/work/cubrid/src/connection/tcp.c, line 1470
The css_peer_alive() is calling.
Time: 11/14/25 15:36:38.311 - DEBUG *** file /home/cubrid/work/cubrid/src/connection/tcp.c, line 1470
The css_peer_alive() is calling.
Time: 11/14/25 15:36:43.316 - DEBUG *** file /home/cubrid/work/cubrid/src/connection/tcp.c, line 1470
The css_peer_alive() is calling.
Time: 11/14/25 15:36:48.321 - DEBUG *** file /home/cubrid/work/cubrid/src/connection/tcp.c, line 1470
The css_peer_alive() is calling.
Time: 11/14/25 15:36:53.322 - DEBUG *** file /home/cubrid/work/cubrid/src/connection/tcp.c, line 1470
The css_peer_alive() is calling.
Time: 11/14/25 15:36:58.327 - DEBUG *** file /home/cubrid/work/cubrid/src/connection/tcp.c, line 1470
The css_peer_alive() is calling.
Time: 11/14/25 15:37:03.332 - DEBUG *** file /home/cubrid/work/cubrid/src/connection/tcp.c, line 1470
The css_peer_alive() is calling.
Time: 11/14/25 15:37:08.338 - DEBUG *** file /home/cubrid/work/cubrid/src/connection/tcp.c, line 1470
The css_peer_alive() is calling.
Time: 11/14/25 15:37:13.343 - DEBUG *** file /home/cubrid/work/cubrid/src/connection/tcp.c, line 1470
The css_peer_alive() is calling.
Time: 11/14/25 15:37:18.344 - DEBUG *** file /home/cubrid/work/cubrid/src/connection/tcp.c, line 1470
The css_peer_alive() is calling.
Time: 11/14/25 15:37:23.349 - DEBUG *** file /home/cubrid/work/cubrid/src/connection/tcp.c, line 1470
The css_peer_alive() is calling.
Time: 11/14/25 15:37:28.354 - DEBUG *** file /home/cubrid/work/cubrid/src/connection/tcp.c, line 1470
The css_peer_alive() is calling.
Time: 11/14/25 15:37:33.359 - DEBUG *** file /home/cubrid/work/cubrid/src/connection/tcp.c, line 1470
The css_peer_alive() is calling.
Time: 11/14/25 15:37:38.364 - DEBUG *** file /home/cubrid/work/cubrid/src/connection/tcp.c, line 1470
The css_peer_alive() is calling.
Time: 11/14/25 15:37:43.367 - DEBUG *** file /home/cubrid/work/cubrid/src/connection/tcp.c, line 1470
The css_peer_alive() is calling.
Time: 11/14/25 15:37:48.372 - DEBUG *** file /home/cubrid/work/cubrid/src/connection/tcp.c, line 1470
The css_peer_alive() is calling.
Time: 11/14/25 15:37:53.377 - DEBUG *** file /home/cubrid/work/cubrid/src/connection/tcp.c, line 1470
The css_peer_alive() is calling.
Time: 11/14/25 15:37:58.382 - DEBUG *** file /home/cubrid/work/cubrid/src/connection/tcp.c, line 1470
The css_peer_alive() is calling.
Time: 11/14/25 15:38:03.387 - DEBUG *** file /home/cubrid/work/cubrid/src/connection/tcp.c, line 1470
The css_peer_alive() is calling.
Time: 11/14/25 15:38:08.392 - DEBUG *** file /home/cubrid/work/cubrid/src/connection/tcp.c, line 1470
The css_peer_alive() is calling.
Time: 11/14/25 15:38:13.398 - DEBUG *** file /home/cubrid/work/cubrid/src/connection/tcp.c, line 1470
The css_peer_alive() is calling.
Time: 11/14/25 15:38:18.403 - DEBUG *** file /home/cubrid/work/cubrid/src/connection/tcp.c, line 1470
The css_peer_alive() is calling.
Time: 11/14/25 15:38:23.408 - DEBUG *** file /home/cubrid/work/cubrid/src/connection/tcp.c, line 1470
The css_peer_alive() is calling.
Time: 11/14/25 15:38:28.413 - DEBUG *** file /home/cubrid/work/cubrid/src/connection/tcp.c, line 1470
The css_peer_alive() is calling.
Time: 11/14/25 15:38:33.414 - DEBUG *** file /home/cubrid/work/cubrid/src/connection/tcp.c, line 1470
The css_peer_alive() is calling.
Time: 11/14/25 15:38:38.419 - DEBUG *** file /home/cubrid/work/cubrid/src/connection/tcp.c, line 1470
The css_peer_alive() is calling.
Time: 11/14/25 15:38:43.424 - DEBUG *** file /home/cubrid/work/cubrid/src/connection/tcp.c, line 1470
The css_peer_alive() is calling.
Time: 11/14/25 15:38:48.429 - DEBUG *** file /home/cubrid/work/cubrid/src/connection/tcp.c, line 1470
The css_peer_alive() is calling.
Time: 11/14/25 15:38:53.434 - DEBUG *** file /home/cubrid/work/cubrid/src/connection/tcp.c, line 1470
The css_peer_alive() is calling.
Time: 11/14/25 15:38:58.439 - DEBUG *** file /home/cubrid/work/cubrid/src/connection/tcp.c, line 1470
The css_peer_alive() is calling.
Time: 11/14/25 15:39:03.445 - DEBUG *** file /home/cubrid/work/cubrid/src/connection/tcp.c, line 1470
The css_peer_alive() is calling.
Time: 11/14/25 15:39:08.450 - DEBUG *** file /home/cubrid/work/cubrid/src/connection/tcp.c, line 1470
The css_peer_alive() is calling.
Time: 11/14/25 15:39:13.455 - DEBUG *** file /home/cubrid/work/cubrid/src/connection/tcp.c, line 1470
The css_peer_alive() is calling.
Time: 11/14/25 15:39:18.457 - DEBUG *** file /home/cubrid/work/cubrid/src/connection/tcp.c, line 1470
The css_peer_alive() is calling.
Time: 11/14/25 15:39:23.459 - DEBUG *** file /home/cubrid/work/cubrid/src/connection/tcp.c, line 1470
The css_peer_alive() is calling.
Time: 11/14/25 15:39:28.460 - DEBUG *** file /home/cubrid/work/cubrid/src/connection/tcp.c, line 1470
The css_peer_alive() is calling.
Time: 11/14/25 15:39:33.461 - DEBUG *** file /home/cubrid/work/cubrid/src/connection/tcp.c, line 1470
The css_peer_alive() is calling.
Time: 11/14/25 15:39:38.466 - DEBUG *** file /home/cubrid/work/cubrid/src/connection/tcp.c, line 1470
The css_peer_alive() is calling.
Time: 11/14/25 15:39:43.471 - DEBUG *** file /home/cubrid/work/cubrid/src/connection/tcp.c, line 1470
The css_peer_alive() is calling.
Time: 11/14/25 15:39:48.476 - DEBUG *** file /home/cubrid/work/cubrid/src/connection/tcp.c, line 1470
The css_peer_alive() is calling.
Time: 11/14/25 15:39:53.481 - DEBUG *** file /home/cubrid/work/cubrid/src/connection/tcp.c, line 1470
The css_peer_alive() is calling.
Time: 11/14/25 15:39:58.486 - DEBUG *** file /home/cubrid/work/cubrid/src/connection/tcp.c, line 1470
The css_peer_alive() is calling.
Time: 11/14/25 15:40:03.492 - DEBUG *** file /home/cubrid/work/cubrid/src/connection/tcp.c, line 1470
The css_peer_alive() is calling.
Time: 11/14/25 15:40:08.497 - DEBUG *** file /home/cubrid/work/cubrid/src/connection/tcp.c, line 1470
The css_peer_alive() is calling.
Time: 11/14/25 15:40:13.502 - DEBUG *** file /home/cubrid/work/cubrid/src/connection/tcp.c, line 1470
The css_peer_alive() is calling.
Time: 11/14/25 15:40:18.507 - DEBUG *** file /home/cubrid/work/cubrid/src/connection/tcp.c, line 1470
The css_peer_alive() is calling.
Time: 11/14/25 15:40:23.512 - DEBUG *** file /home/cubrid/work/cubrid/src/connection/tcp.c, line 1470
The css_peer_alive() is calling.
Time: 11/14/25 15:40:28.517 - DEBUG *** file /home/cubrid/work/cubrid/src/connection/tcp.c, line 1470
The css_peer_alive() is calling.
Time: 11/14/25 15:40:33.522 - DEBUG *** file /home/cubrid/work/cubrid/src/connection/tcp.c, line 1470
The css_peer_alive() is calling.
Time: 11/14/25 15:40:38.528 - DEBUG *** file /home/cubrid/work/cubrid/src/connection/tcp.c, line 1470
The css_peer_alive() is calling.
Time: 11/14/25 15:40:43.531 - DEBUG *** file /home/cubrid/work/cubrid/src/connection/tcp.c, line 1470
The css_peer_alive() is calling.
Time: 11/14/25 15:40:48.536 - DEBUG *** file /home/cubrid/work/cubrid/src/connection/tcp.c, line 1470
The css_peer_alive() is calling.
Time: 11/14/25 15:40:53.540 - DEBUG *** file /home/cubrid/work/cubrid/src/connection/tcp.c, line 1470
The css_peer_alive() is calling.
Time: 11/14/25 15:40:58.542 - DEBUG *** file /home/cubrid/work/cubrid/src/connection/tcp.c, line 1470
The css_peer_alive() is calling.
Time: 11/14/25 15:41:03.544 - DEBUG *** file /home/cubrid/work/cubrid/src/connection/tcp.c, line 1470
The css_peer_alive() is calling.
Time: 11/14/25 15:41:08.545 - DEBUG *** file /home/cubrid/work/cubrid/src/connection/tcp.c, line 1470
The css_peer_alive() is calling.
Time: 11/14/25 15:41:13.550 - DEBUG *** file /home/cubrid/work/cubrid/src/connection/tcp.c, line 1470
The css_peer_alive() is calling.
Time: 11/14/25 15:41:18.552 - DEBUG *** file /home/cubrid/work/cubrid/src/connection/tcp.c, line 1470
The css_peer_alive() is calling.
Time: 11/14/25 15:41:23.555 - DEBUG *** file /home/cubrid/work/cubrid/src/connection/tcp.c, line 1470
The css_peer_alive() is calling.
Time: 11/14/25 15:41:28.560 - DEBUG *** file /home/cubrid/work/cubrid/src/connection/tcp.c, line 1470
The css_peer_alive() is calling.
Time: 11/14/25 15:41:33.562 - DEBUG *** file /home/cubrid/work/cubrid/src/connection/tcp.c, line 1470
The css_peer_alive() is calling.
Time: 11/14/25 15:41:38.567 - DEBUG *** file /home/cubrid/work/cubrid/src/connection/tcp.c, line 1470
The css_peer_alive() is calling.
Time: 11/14/25 15:41:43.571 - DEBUG *** file /home/cubrid/work/cubrid/src/connection/tcp.c, line 1470
The css_peer_alive() is calling.
Time: 11/14/25 15:41:48.576 - DEBUG *** file /home/cubrid/work/cubrid/src/connection/tcp.c, line 1470
The css_peer_alive() is calling.
Time: 11/14/25 15:41:53.578 - DEBUG *** file /home/cubrid/work/cubrid/src/connection/tcp.c, line 1470
The css_peer_alive() is calling.
Time: 11/14/25 15:41:58.579 - DEBUG *** file /home/cubrid/work/cubrid/src/connection/tcp.c, line 1470
The css_peer_alive() is calling.
Time: 11/14/25 15:42:03.584 - DEBUG *** file /home/cubrid/work/cubrid/src/connection/tcp.c, line 1470
The css_peer_alive() is calling.
Time: 11/14/25 15:42:08.589 - DEBUG *** file /home/cubrid/work/cubrid/src/connection/tcp.c, line 1470
The css_peer_alive() is calling.
Time: 11/14/25 15:42:13.590 - DEBUG *** file /home/cubrid/work/cubrid/src/connection/tcp.c, line 1470
The css_peer_alive() is calling.
Time: 11/14/25 15:42:18.593 - DEBUG *** file /home/cubrid/work/cubrid/src/connection/tcp.c, line 1470
The css_peer_alive() is calling.
Time: 11/14/25 15:42:23.595 - DEBUG *** file /home/cubrid/work/cubrid/src/connection/tcp.c, line 1470
The css_peer_alive() is calling.
Time: 11/14/25 15:42:28.598 - DEBUG *** file /home/cubrid/work/cubrid/src/connection/tcp.c, line 1470
The css_peer_alive() is calling.
Time: 11/14/25 15:42:33.600 - DEBUG *** file /home/cubrid/work/cubrid/src/connection/tcp.c, line 1470
The css_peer_alive() is calling.
Time: 11/14/25 15:42:38.605 - DEBUG *** file /home/cubrid/work/cubrid/src/connection/tcp.c, line 1470
The css_peer_alive() is calling.
Time: 11/14/25 15:42:43.610 - DEBUG *** file /home/cubrid/work/cubrid/src/connection/tcp.c, line 1470
The css_peer_alive() is calling.
Time: 11/14/25 15:42:48.615 - DEBUG *** file /home/cubrid/work/cubrid/src/connection/tcp.c, line 1470
The css_peer_alive() is calling.
Time: 11/14/25 15:42:53.620 - DEBUG *** file /home/cubrid/work/cubrid/src/connection/tcp.c, line 1470
The css_peer_alive() is calling.
Time: 11/14/25 15:42:58.625 - DEBUG *** file /home/cubrid/work/cubrid/src/connection/tcp.c, line 1470
The css_peer_alive() is calling.
Time: 11/14/25 15:43:03.630 - DEBUG *** file /home/cubrid/work/cubrid/src/connection/tcp.c, line 1470
The css_peer_alive() is calling.
Time: 11/14/25 15:43:08.634 - DEBUG *** file /home/cubrid/work/cubrid/src/connection/tcp.c, line 1470
The css_peer_alive() is calling.
Time: 11/14/25 15:43:13.639 - DEBUG *** file /home/cubrid/work/cubrid/src/connection/tcp.c, line 1470
The css_peer_alive() is calling.
Time: 11/14/25 15:43:18.643 - DEBUG *** file /home/cubrid/work/cubrid/src/connection/tcp.c, line 1470
The css_peer_alive() is calling.
Time: 11/14/25 15:43:23.648 - DEBUG *** file /home/cubrid/work/cubrid/src/connection/tcp.c, line 1470
The css_peer_alive() is calling.
Time: 11/14/25 15:43:28.653 - DEBUG *** file /home/cubrid/work/cubrid/src/connection/tcp.c, line 1470
The css_peer_alive() is calling.
Time: 11/14/25 15:43:33.654 - DEBUG *** file /home/cubrid/work/cubrid/src/connection/tcp.c, line 1470
The css_peer_alive() is calling.
Time: 11/14/25 15:43:38.657 - DEBUG *** file /home/cubrid/work/cubrid/src/connection/tcp.c, line 1470
The css_peer_alive() is calling.
Time: 11/14/25 15:43:43.661 - DEBUG *** file /home/cubrid/work/cubrid/src/connection/tcp.c, line 1470
The css_peer_alive() is calling.
Time: 11/14/25 15:43:48.662 - DEBUG *** file /home/cubrid/work/cubrid/src/connection/tcp.c, line 1470
The css_peer_alive() is calling.
Time: 11/14/25 15:43:53.664 - DEBUG *** file /home/cubrid/work/cubrid/src/connection/tcp.c, line 1470
The css_peer_alive() is calling.
Time: 11/14/25 15:43:58.669 - DEBUG *** file /home/cubrid/work/cubrid/src/connection/tcp.c, line 1470
The css_peer_alive() is calling.
Time: 11/14/25 15:44:03.674 - DEBUG *** file /home/cubrid/work/cubrid/src/connection/tcp.c, line 1470
The css_peer_alive() is calling.
Time: 11/14/25 15:44:08.678 - DEBUG *** file /home/cubrid/work/cubrid/src/connection/tcp.c, line 1470
The css_peer_alive() is calling.
Time: 11/14/25 15:44:13.682 - DEBUG *** file /home/cubrid/work/cubrid/src/connection/tcp.c, line 1470
The css_peer_alive() is calling.
Time: 11/14/25 15:44:18.685 - DEBUG *** file /home/cubrid/work/cubrid/src/connection/tcp.c, line 1470
The css_peer_alive() is calling.
Time: 11/14/25 15:44:23.690 - DEBUG *** file /home/cubrid/work/cubrid/src/connection/tcp.c, line 1470
The css_peer_alive() is calling.
Time: 11/14/25 15:44:28.695 - DEBUG *** file /home/cubrid/work/cubrid/src/connection/tcp.c, line 1470
The css_peer_alive() is calling.
Time: 11/14/25 15:44:33.697 - DEBUG *** file /home/cubrid/work/cubrid/src/connection/tcp.c, line 1470
The css_peer_alive() is calling.
Time: 11/14/25 15:44:38.702 - DEBUG *** file /home/cubrid/work/cubrid/src/connection/tcp.c, line 1470
The css_peer_alive() is calling.
Time: 11/14/25 15:44:43.704 - DEBUG *** file /home/cubrid/work/cubrid/src/connection/tcp.c, line 1470
The css_peer_alive() is calling.
Time: 11/14/25 15:44:48.708 - DEBUG *** file /home/cubrid/work/cubrid/src/connection/tcp.c, line 1470
The css_peer_alive() is calling.
Time: 11/14/25 15:44:53.710 - DEBUG *** file /home/cubrid/work/cubrid/src/connection/tcp.c, line 1470
The css_peer_alive() is calling.
Time: 11/14/25 15:44:58.712 - DEBUG *** file /home/cubrid/work/cubrid/src/connection/tcp.c, line 1470
The css_peer_alive() is calling.
Time: 11/14/25 15:45:03.714 - DEBUG *** file /home/cubrid/work/cubrid/src/connection/tcp.c, line 1470
The css_peer_alive() is calling.
Time: 11/14/25 15:45:08.717 - DEBUG *** file /home/cubrid/work/cubrid/src/connection/tcp.c, line 1470
The css_peer_alive() is calling.
Time: 11/14/25 15:45:13.722 - DEBUG *** file /home/cubrid/work/cubrid/src/connection/tcp.c, line 1470
The css_peer_alive() is calling.
Time: 11/14/25 15:45:18.727 - DEBUG *** file /home/cubrid/work/cubrid/src/connection/tcp.c, line 1470
The css_peer_alive() is calling.
Time: 11/14/25 15:45:23.732 - DEBUG *** file /home/cubrid/work/cubrid/src/connection/tcp.c, line 1470
The css_peer_alive() is calling.
Time: 11/14/25 15:45:28.735 - DEBUG *** file /home/cubrid/work/cubrid/src/connection/tcp.c, line 1470
The css_peer_alive() is calling.
Time: 11/14/25 15:45:33.738 - DEBUG *** file /home/cubrid/work/cubrid/src/connection/tcp.c, line 1470
The css_peer_alive() is calling.
Time: 11/14/25 15:45:38.740 - DEBUG *** file /home/cubrid/work/cubrid/src/connection/tcp.c, line 1470
The css_peer_alive() is calling.
Time: 11/14/25 15:45:43.744 - DEBUG *** file /home/cubrid/work/cubrid/src/connection/tcp.c, line 1470
The css_peer_alive() is calling.
Time: 11/14/25 15:45:48.749 - DEBUG *** file /home/cubrid/work/cubrid/src/connection/tcp.c, line 1470
The css_peer_alive() is calling.
Time: 11/14/25 15:45:53.753 - DEBUG *** file /home/cubrid/work/cubrid/src/connection/tcp.c, line 1470
The css_peer_alive() is calling.
Time: 11/14/25 15:45:58.754 - DEBUG *** file /home/cubrid/work/cubrid/src/connection/tcp.c, line 1470
The css_peer_alive() is calling.
Time: 11/14/25 15:46:03.759 - DEBUG *** file /home/cubrid/work/cubrid/src/connection/tcp.c, line 1470
The css_peer_alive() is calling.
Time: 11/14/25 15:46:08.760 - DEBUG *** file /home/cubrid/work/cubrid/src/connection/tcp.c, line 1470
The css_peer_alive() is calling.
Time: 11/14/25 15:46:13.761 - DEBUG *** file /home/cubrid/work/cubrid/src/connection/tcp.c, line 1470
The css_peer_alive() is calling.
Time: 11/14/25 15:46:18.765 - DEBUG *** file /home/cubrid/work/cubrid/src/connection/tcp.c, line 1470
The css_peer_alive() is calling.
Time: 11/14/25 15:46:23.770 - DEBUG *** file /home/cubrid/work/cubrid/src/connection/tcp.c, line 1470
The css_peer_alive() is calling.
Time: 11/14/25 15:46:28.775 - DEBUG *** file /home/cubrid/work/cubrid/src/connection/tcp.c, line 1470
The css_peer_alive() is calling.
Time: 11/14/25 15:46:33.778 - DEBUG *** file /home/cubrid/work/cubrid/src/connection/tcp.c, line 1470
The css_peer_alive() is calling.
Time: 11/14/25 15:46:38.779 - DEBUG *** file /home/cubrid/work/cubrid/src/connection/tcp.c, line 1470
The css_peer_alive() is calling.
Time: 11/14/25 15:46:43.780 - DEBUG *** file /home/cubrid/work/cubrid/src/connection/tcp.c, line 1470
The css_peer_alive() is calling.
Time: 11/14/25 15:46:48.785 - DEBUG *** file /home/cubrid/work/cubrid/src/connection/tcp.c, line 1470
The css_peer_alive() is calling.
Time: 11/14/25 15:46:53.786 - DEBUG *** file /home/cubrid/work/cubrid/src/connection/tcp.c, line 1470
The css_peer_alive() is calling.
Time: 11/14/25 15:46:58.788 - DEBUG *** file /home/cubrid/work/cubrid/src/connection/tcp.c, line 1470
The css_peer_alive() is calling.
Time: 11/14/25 15:47:03.790 - DEBUG *** file /home/cubrid/work/cubrid/src/connection/tcp.c, line 1470
The css_peer_alive() is calling.
Time: 11/14/25 15:47:08.791 - DEBUG *** file /home/cubrid/work/cubrid/src/connection/tcp.c, line 1470
The css_peer_alive() is calling.
Time: 11/14/25 15:47:13.792 - DEBUG *** file /home/cubrid/work/cubrid/src/connection/tcp.c, line 1470
The css_peer_alive() is calling.
Time: 11/14/25 15:47:18.796 - DEBUG *** file /home/cubrid/work/cubrid/src/connection/tcp.c, line 1470
The css_peer_alive() is calling.
Time: 11/14/25 15:47:23.798 - DEBUG *** file /home/cubrid/work/cubrid/src/connection/tcp.c, line 1470
The css_peer_alive() is calling.
Time: 11/14/25 15:47:28.800 - DEBUG *** file /home/cubrid/work/cubrid/src/connection/tcp.c, line 1470
The css_peer_alive() is calling.
Time: 11/14/25 15:47:33.800 - DEBUG *** file /home/cubrid/work/cubrid/src/connection/tcp.c, line 1470
The css_peer_alive() is calling.
Time: 11/14/25 15:47:38.805 - DEBUG *** file /home/cubrid/work/cubrid/src/connection/tcp.c, line 1470
The css_peer_alive() is calling.
Time: 11/14/25 15:47:43.810 - DEBUG *** file /home/cubrid/work/cubrid/src/connection/tcp.c, line 1470
The css_peer_alive() is calling.
Time: 11/14/25 15:47:48.811 - DEBUG *** file /home/cubrid/work/cubrid/src/connection/tcp.c, line 1470
The css_peer_alive() is calling.
Time: 11/14/25 15:47:53.812 - DEBUG *** file /home/cubrid/work/cubrid/src/connection/tcp.c, line 1470
The css_peer_alive() is calling.
Time: 11/14/25 15:47:58.816 - DEBUG *** file /home/cubrid/work/cubrid/src/connection/tcp.c, line 1470
The css_peer_alive() is calling.
Time: 11/14/25 15:48:03.821 - DEBUG *** file /home/cubrid/work/cubrid/src/connection/tcp.c, line 1470
The css_peer_alive() is calling.
Time: 11/14/25 15:48:08.826 - DEBUG *** file /home/cubrid/work/cubrid/src/connection/tcp.c, line 1470
The css_peer_alive() is calling.
Time: 11/14/25 15:48:13.831 - DEBUG *** file /home/cubrid/work/cubrid/src/connection/tcp.c, line 1470
The css_peer_alive() is calling.
Time: 11/14/25 15:48:18.833 - DEBUG *** file /home/cubrid/work/cubrid/src/connection/tcp.c, line 1470
The css_peer_alive() is calling.
Time: 11/14/25 15:48:23.833 - DEBUG *** file /home/cubrid/work/cubrid/src/connection/tcp.c, line 1470
The css_peer_alive() is calling.
Time: 11/14/25 15:48:28.838 - DEBUG *** file /home/cubrid/work/cubrid/src/connection/tcp.c, line 1470
The css_peer_alive() is calling.
Time: 11/14/25 15:48:33.843 - DEBUG *** file /home/cubrid/work/cubrid/src/connection/tcp.c, line 1470
The css_peer_alive() is calling.
Time: 11/14/25 15:48:38.849 - DEBUG *** file /home/cubrid/work/cubrid/src/connection/tcp.c, line 1470
The css_peer_alive() is calling.
Time: 11/14/25 15:48:43.851 - DEBUG *** file /home/cubrid/work/cubrid/src/connection/tcp.c, line 1470
The css_peer_alive() is calling.
Time: 11/14/25 15:48:48.854 - DEBUG *** file /home/cubrid/work/cubrid/src/connection/tcp.c, line 1470
The css_peer_alive() is calling.
Time: 11/14/25 15:48:53.859 - DEBUG *** file /home/cubrid/work/cubrid/src/connection/tcp.c, line 1470
The css_peer_alive() is calling.
Time: 11/14/25 15:48:58.863 - DEBUG *** file /home/cubrid/work/cubrid/src/connection/tcp.c, line 1470
The css_peer_alive() is calling.
Time: 11/14/25 15:49:03.868 - DEBUG *** file /home/cubrid/work/cubrid/src/connection/tcp.c, line 1470
The css_peer_alive() is calling.
Time: 11/14/25 15:49:08.869 - DEBUG *** file /home/cubrid/work/cubrid/src/connection/tcp.c, line 1470
The css_peer_alive() is calling.
Time: 11/14/25 15:49:13.873 - DEBUG *** file /home/cubrid/work/cubrid/src/connection/tcp.c, line 1470
The css_peer_alive() is calling.
Time: 11/14/25 15:49:18.874 - DEBUG *** file /home/cubrid/work/cubrid/src/connection/tcp.c, line 1470
The css_peer_alive() is calling.
Time: 11/14/25 15:49:23.878 - DEBUG *** file /home/cubrid/work/cubrid/src/connection/tcp.c, line 1470
The css_peer_alive() is calling.
Time: 11/14/25 15:49:28.884 - DEBUG *** file /home/cubrid/work/cubrid/src/connection/tcp.c, line 1470
The css_peer_alive() is calling.
Time: 11/14/25 15:49:33.885 - DEBUG *** file /home/cubrid/work/cubrid/src/connection/tcp.c, line 1470
The css_peer_alive() is calling.
Time: 11/14/25 15:49:38.888 - DEBUG *** file /home/cubrid/work/cubrid/src/connection/tcp.c, line 1470
The css_peer_alive() is calling.
Time: 11/14/25 15:49:43.889 - DEBUG *** file /home/cubrid/work/cubrid/src/connection/tcp.c, line 1470
The css_peer_alive() is calling.
Time: 11/14/25 15:49:48.893 - DEBUG *** file /home/cubrid/work/cubrid/src/connection/tcp.c, line 1470
The css_peer_alive() is calling.
Time: 11/14/25 15:49:53.898 - DEBUG *** file /home/cubrid/work/cubrid/src/connection/tcp.c, line 1470
The css_peer_alive() is calling.
Time: 11/14/25 15:49:58.898 - DEBUG *** file /home/cubrid/work/cubrid/src/connection/tcp.c, line 1470
The css_peer_alive() is calling.
Time: 11/14/25 15:50:03.901 - DEBUG *** file /home/cubrid/work/cubrid/src/connection/tcp.c, line 1470
The css_peer_alive() is calling.
Time: 11/14/25 15:50:08.906 - DEBUG *** file /home/cubrid/work/cubrid/src/connection/tcp.c, line 1470
The css_peer_alive() is calling.
Time: 11/14/25 15:50:13.911 - DEBUG *** file /home/cubrid/work/cubrid/src/connection/tcp.c, line 1470
The css_peer_alive() is calling.
Time: 11/14/25 15:50:18.916 - DEBUG *** file /home/cubrid/work/cubrid/src/connection/tcp.c, line 1470
The css_peer_alive() is calling.
Time: 11/14/25 15:50:23.921 - DEBUG *** file /home/cubrid/work/cubrid/src/connection/tcp.c, line 1470
The css_peer_alive() is calling.
Time: 11/14/25 15:50:28.922 - DEBUG *** file /home/cubrid/work/cubrid/src/connection/tcp.c, line 1470
The css_peer_alive() is calling.
Time: 11/14/25 15:50:33.927 - DEBUG *** file /home/cubrid/work/cubrid/src/connection/tcp.c, line 1470
The css_peer_alive() is calling.
Time: 11/14/25 15:50:38.933 - DEBUG *** file /home/cubrid/work/cubrid/src/connection/tcp.c, line 1470
The css_peer_alive() is calling.
Time: 11/14/25 15:50:43.934 - DEBUG *** file /home/cubrid/work/cubrid/src/connection/tcp.c, line 1470
The css_peer_alive() is calling.
Time: 11/14/25 15:50:48.939 - DEBUG *** file /home/cubrid/work/cubrid/src/connection/tcp.c, line 1470
The css_peer_alive() is calling.
Time: 11/14/25 15:50:53.940 - DEBUG *** file /home/cubrid/work/cubrid/src/connection/tcp.c, line 1470
The css_peer_alive() is calling.
Time: 11/14/25 15:50:58.941 - DEBUG *** file /home/cubrid/work/cubrid/src/connection/tcp.c, line 1470
The css_peer_alive() is calling.
Time: 11/14/25 15:51:03.944 - DEBUG *** file /home/cubrid/work/cubrid/src/connection/tcp.c, line 1470
The css_peer_alive() is calling.
Time: 11/14/25 15:51:08.949 - DEBUG *** file /home/cubrid/work/cubrid/src/connection/tcp.c, line 1470
The css_peer_alive() is calling.
Time: 11/14/25 15:51:13.954 - DEBUG *** file /home/cubrid/work/cubrid/src/connection/tcp.c, line 1470
The css_peer_alive() is calling.
Time: 11/14/25 15:51:18.959 - DEBUG *** file /home/cubrid/work/cubrid/src/connection/tcp.c, line 1470
The css_peer_alive() is calling.
Time: 11/14/25 15:51:23.964 - DEBUG *** file /home/cubrid/work/cubrid/src/connection/tcp.c, line 1470
The css_peer_alive() is calling.
Time: 11/14/25 15:51:28.969 - DEBUG *** file /home/cubrid/work/cubrid/src/connection/tcp.c, line 1470
The css_peer_alive() is calling.
Time: 11/14/25 15:51:33.973 - DEBUG *** file /home/cubrid/work/cubrid/src/connection/tcp.c, line 1470
The css_peer_alive() is calling.
Time: 11/14/25 15:51:38.978 - DEBUG *** file /home/cubrid/work/cubrid/src/connection/tcp.c, line 1470
The css_peer_alive() is calling.
Time: 11/14/25 15:51:43.983 - DEBUG *** file /home/cubrid/work/cubrid/src/connection/tcp.c, line 1470
The css_peer_alive() is calling.
Time: 11/14/25 15:51:48.988 - DEBUG *** file /home/cubrid/work/cubrid/src/connection/tcp.c, line 1470
The css_peer_alive() is calling.
Time: 11/14/25 15:51:53.993 - DEBUG *** file /home/cubrid/work/cubrid/src/connection/tcp.c, line 1470
The css_peer_alive() is calling.
Time: 11/14/25 15:51:58.995 - DEBUG *** file /home/cubrid/work/cubrid/src/connection/tcp.c, line 1470
The css_peer_alive() is calling.
Time: 11/14/25 15:52:03.000 - DEBUG *** file /home/cubrid/work/cubrid/src/connection/tcp.c, line 1470
The css_peer_alive() is calling.
Time: 11/14/25 15:52:09.005 - DEBUG *** file /home/cubrid/work/cubrid/src/connection/tcp.c, line 1470
The css_peer_alive() is calling.
Time: 11/14/25 15:52:14.005 - DEBUG *** file /home/cubrid/work/cubrid/src/connection/tcp.c, line 1470
The css_peer_alive() is calling.
Time: 11/14/25 15:52:19.010 - DEBUG *** file /home/cubrid/work/cubrid/src/connection/tcp.c, line 1470
The css_peer_alive() is calling.
Time: 11/14/25 15:52:24.012 - DEBUG *** file /home/cubrid/work/cubrid/src/connection/tcp.c, line 1470
The css_peer_alive() is calling.
Time: 11/14/25 15:52:29.013 - DEBUG *** file /home/cubrid/work/cubrid/src/connection/tcp.c, line 1470
The css_peer_alive() is calling.
Time: 11/14/25 15:52:34.017 - DEBUG *** file /home/cubrid/work/cubrid/src/connection/tcp.c, line 1470
The css_peer_alive() is calling.
Time: 11/14/25 15:52:39.022 - DEBUG *** file /home/cubrid/work/cubrid/src/connection/tcp.c, line 1470
The css_peer_alive() is calling.
Time: 11/14/25 15:52:44.027 - DEBUG *** file /home/cubrid/work/cubrid/src/connection/tcp.c, line 1470
The css_peer_alive() is calling.
Time: 11/14/25 15:52:49.032 - DEBUG *** file /home/cubrid/work/cubrid/src/connection/tcp.c, line 1470
The css_peer_alive() is calling.
Time: 11/14/25 15:52:54.035 - DEBUG *** file /home/cubrid/work/cubrid/src/connection/tcp.c, line 1470
The css_peer_alive() is calling.
Time: 11/14/25 15:52:59.036 - DEBUG *** file /home/cubrid/work/cubrid/src/connection/tcp.c, line 1470
The css_peer_alive() is calling.
Time: 11/14/25 15:53:04.040 - DEBUG *** file /home/cubrid/work/cubrid/src/connection/tcp.c, line 1470
The css_peer_alive() is calling.
Time: 11/14/25 15:53:09.045 - DEBUG *** file /home/cubrid/work/cubrid/src/connection/tcp.c, line 1470
The css_peer_alive() is calling.
Time: 11/14/25 15:53:14.050 - DEBUG *** file /home/cubrid/work/cubrid/src/connection/tcp.c, line 1470
The css_peer_alive() is calling.
Time: 11/14/25 15:53:19.055 - DEBUG *** file /home/cubrid/work/cubrid/src/connection/tcp.c, line 1470
The css_peer_alive() is calling.
Time: 11/14/25 15:53:24.060 - DEBUG *** file /home/cubrid/work/cubrid/src/connection/tcp.c, line 1470
The css_peer_alive() is calling.
Time: 11/14/25 15:53:29.066 - DEBUG *** file /home/cubrid/work/cubrid/src/connection/tcp.c, line 1470
The css_peer_alive() is calling.
Time: 11/14/25 15:53:34.067 - DEBUG *** file /home/cubrid/work/cubrid/src/connection/tcp.c, line 1470
The css_peer_alive() is calling.
Time: 11/14/25 15:53:39.072 - DEBUG *** file /home/cubrid/work/cubrid/src/connection/tcp.c, line 1470
The css_peer_alive() is calling.
Time: 11/14/25 15:53:44.074 - DEBUG *** file /home/cubrid/work/cubrid/src/connection/tcp.c, line 1470
The css_peer_alive() is calling.
Time: 11/14/25 15:53:49.076 - DEBUG *** file /home/cubrid/work/cubrid/src/connection/tcp.c, line 1470
The css_peer_alive() is calling.
Time: 11/14/25 15:53:54.077 - DEBUG *** file /home/cubrid/work/cubrid/src/connection/tcp.c, line 1470
The css_peer_alive() is calling.
Time: 11/14/25 15:53:59.077 - DEBUG *** file /home/cubrid/work/cubrid/src/connection/tcp.c, line 1470
The css_peer_alive() is calling.
Time: 11/14/25 15:54:04.079 - DEBUG *** file /home/cubrid/work/cubrid/src/connection/tcp.c, line 1470
The css_peer_alive() is calling.
Time: 11/14/25 15:54:09.082 - DEBUG *** file /home/cubrid/work/cubrid/src/connection/tcp.c, line 1470
The css_peer_alive() is calling.
Time: 11/14/25 15:54:14.083 - DEBUG *** file /home/cubrid/work/cubrid/src/connection/tcp.c, line 1470
The css_peer_alive() is calling.
Time: 11/14/25 15:54:19.083 - DEBUG *** file /home/cubrid/work/cubrid/src/connection/tcp.c, line 1470
The css_peer_alive() is calling.
Time: 11/14/25 15:54:24.087 - DEBUG *** file /home/cubrid/work/cubrid/src/connection/tcp.c, line 1470
The css_peer_alive() is calling.
Time: 11/14/25 15:54:29.092 - DEBUG *** file /home/cubrid/work/cubrid/src/connection/tcp.c, line 1470
The css_peer_alive() is calling.
Time: 11/14/25 15:54:34.097 - DEBUG *** file /home/cubrid/work/cubrid/src/connection/tcp.c, line 1470
The css_peer_alive() is calling.
Time: 11/14/25 15:54:39.098 - DEBUG *** file /home/cubrid/work/cubrid/src/connection/tcp.c, line 1470
The css_peer_alive() is calling.
Time: 11/14/25 15:54:44.100 - DEBUG *** file /home/cubrid/work/cubrid/src/connection/tcp.c, line 1470
The css_peer_alive() is calling.
Time: 11/14/25 15:54:49.105 - DEBUG *** file /home/cubrid/work/cubrid/src/connection/tcp.c, line 1470
The css_peer_alive() is calling.
Time: 11/14/25 15:54:54.108 - DEBUG *** file /home/cubrid/work/cubrid/src/connection/tcp.c, line 1470
The css_peer_alive() is calling.
Time: 11/14/25 15:54:59.113 - DEBUG *** file /home/cubrid/work/cubrid/src/connection/tcp.c, line 1470
The css_peer_alive() is calling.
Time: 11/14/25 15:55:04.118 - DEBUG *** file /home/cubrid/work/cubrid/src/connection/tcp.c, line 1470
The css_peer_alive() is calling.
Time: 11/14/25 15:55:09.123 - DEBUG *** file /home/cubrid/work/cubrid/src/connection/tcp.c, line 1470
The css_peer_alive() is calling.
Time: 11/14/25 15:55:14.129 - DEBUG *** file /home/cubrid/work/cubrid/src/connection/tcp.c, line 1470
The css_peer_alive() is calling.
Time: 11/14/25 15:55:19.133 - DEBUG *** file /home/cubrid/work/cubrid/src/connection/tcp.c, line 1470
The css_peer_alive() is calling.
Time: 11/14/25 15:55:24.134 - DEBUG *** file /home/cubrid/work/cubrid/src/connection/tcp.c, line 1470
The css_peer_alive() is calling.
Time: 11/14/25 15:55:29.139 - DEBUG *** file /home/cubrid/work/cubrid/src/connection/tcp.c, line 1470
The css_peer_alive() is calling.
Time: 11/14/25 15:55:34.144 - DEBUG *** file /home/cubrid/work/cubrid/src/connection/tcp.c, line 1470
The css_peer_alive() is calling.
Time: 11/14/25 15:55:39.147 - DEBUG *** file /home/cubrid/work/cubrid/src/connection/tcp.c, line 1470
The css_peer_alive() is calling.
Time: 11/14/25 15:55:44.148 - DEBUG *** file /home/cubrid/work/cubrid/src/connection/tcp.c, line 1470
The css_peer_alive() is calling.
Time: 11/14/25 15:55:49.148 - DEBUG *** file /home/cubrid/work/cubrid/src/connection/tcp.c, line 1470
The css_peer_alive() is calling.
Time: 11/14/25 15:55:54.153 - DEBUG *** file /home/cubrid/work/cubrid/src/connection/tcp.c, line 1470
The css_peer_alive() is calling.
Time: 11/14/25 15:55:59.158 - DEBUG *** file /home/cubrid/work/cubrid/src/connection/tcp.c, line 1470
The css_peer_alive() is calling.
Time: 11/14/25 15:56:04.163 - DEBUG *** file /home/cubrid/work/cubrid/src/connection/tcp.c, line 1470
The css_peer_alive() is calling.
Time: 11/14/25 15:56:09.168 - DEBUG *** file /home/cubrid/work/cubrid/src/connection/tcp.c, line 1470
The css_peer_alive() is calling.
Time: 11/14/25 15:56:14.169 - DEBUG *** file /home/cubrid/work/cubrid/src/connection/tcp.c, line 1470
The css_peer_alive() is calling.
Time: 11/14/25 15:56:19.170 - DEBUG *** file /home/cubrid/work/cubrid/src/connection/tcp.c, line 1470
The css_peer_alive() is calling.
Time: 11/14/25 15:56:24.173 - DEBUG *** file /home/cubrid/work/cubrid/src/connection/tcp.c, line 1470
The css_peer_alive() is calling.
Time: 11/14/25 15:56:29.178 - DEBUG *** file /home/cubrid/work/cubrid/src/connection/tcp.c, line 1470
The css_peer_alive() is calling.
Time: 11/14/25 15:56:34.184 - DEBUG *** file /home/cubrid/work/cubrid/src/connection/tcp.c, line 1470
The css_peer_alive() is calling.
Time: 11/14/25 15:56:39.189 - DEBUG *** file /home/cubrid/work/cubrid/src/connection/tcp.c, line 1470
The css_peer_alive() is calling.
Time: 11/14/25 15:56:44.194 - DEBUG *** file /home/cubrid/work/cubrid/src/connection/tcp.c, line 1470
The css_peer_alive() is calling.
Time: 11/14/25 15:56:49.199 - DEBUG *** file /home/cubrid/work/cubrid/src/connection/tcp.c, line 1470
The css_peer_alive() is calling.
Time: 11/14/25 15:56:54.204 - DEBUG *** file /home/cubrid/work/cubrid/src/connection/tcp.c, line 1470
The css_peer_alive() is calling.
Time: 11/14/25 15:56:59.207 - DEBUG *** file /home/cubrid/work/cubrid/src/connection/tcp.c, line 1470
The css_peer_alive() is calling.
Time: 11/14/25 15:57:04.210 - DEBUG *** file /home/cubrid/work/cubrid/src/connection/tcp.c, line 1470
The css_peer_alive() is calling.
Time: 11/14/25 15:57:09.215 - DEBUG *** file /home/cubrid/work/cubrid/src/connection/tcp.c, line 1470
The css_peer_alive() is calling.
Time: 11/14/25 15:57:14.216 - DEBUG *** file /home/cubrid/work/cubrid/src/connection/tcp.c, line 1470
The css_peer_alive() is calling.
Time: 11/14/25 15:57:19.221 - DEBUG *** file /home/cubrid/work/cubrid/src/connection/tcp.c, line 1470
The css_peer_alive() is calling.
Time: 11/14/25 15:57:24.224 - DEBUG *** file /home/cubrid/work/cubrid/src/connection/tcp.c, line 1470
The css_peer_alive() is calling.
Time: 11/14/25 15:57:29.225 - DEBUG *** file /home/cubrid/work/cubrid/src/connection/tcp.c, line 1470
The css_peer_alive() is calling.
Time: 11/14/25 15:57:34.226 - DEBUG *** file /home/cubrid/work/cubrid/src/connection/tcp.c, line 1470
The css_peer_alive() is calling.
Time: 11/14/25 15:57:39.228 - DEBUG *** file /home/cubrid/work/cubrid/src/connection/tcp.c, line 1470
The css_peer_alive() is calling.
Time: 11/14/25 15:57:44.233 - DEBUG *** file /home/cubrid/work/cubrid/src/connection/tcp.c, line 1470
The css_peer_alive() is calling.
Time: 11/14/25 15:57:49.233 - DEBUG *** file /home/cubrid/work/cubrid/src/connection/tcp.c, line 1470
The css_peer_alive() is calling.
Time: 11/14/25 15:57:54.237 - DEBUG *** file /home/cubrid/work/cubrid/src/connection/tcp.c, line 1470
The css_peer_alive() is calling.
Time: 11/14/25 15:57:59.242 - DEBUG *** file /home/cubrid/work/cubrid/src/connection/tcp.c, line 1470
The css_peer_alive() is calling.
Time: 11/14/25 15:58:04.247 - DEBUG *** file /home/cubrid/work/cubrid/src/connection/tcp.c, line 1470
The css_peer_alive() is calling.
Time: 11/14/25 15:58:09.252 - DEBUG *** file /home/cubrid/work/cubrid/src/connection/tcp.c, line 1470
The css_peer_alive() is calling.
Time: 11/14/25 15:58:14.257 - DEBUG *** file /home/cubrid/work/cubrid/src/connection/tcp.c, line 1470
The css_peer_alive() is calling.
Time: 11/14/25 15:58:19.262 - DEBUG *** file /home/cubrid/work/cubrid/src/connection/tcp.c, line 1470
The css_peer_alive() is calling.
Time: 11/14/25 15:58:24.268 - DEBUG *** file /home/cubrid/work/cubrid/src/connection/tcp.c, line 1470
The css_peer_alive() is calling.
Time: 11/14/25 15:58:29.273 - DEBUG *** file /home/cubrid/work/cubrid/src/connection/tcp.c, line 1470
The css_peer_alive() is calling.
Time: 11/14/25 15:58:34.278 - DEBUG *** file /home/cubrid/work/cubrid/src/connection/tcp.c, line 1470
The css_peer_alive() is calling.
Time: 11/14/25 15:58:39.283 - DEBUG *** file /home/cubrid/work/cubrid/src/connection/tcp.c, line 1470
The css_peer_alive() is calling.
Time: 11/14/25 15:58:44.285 - DEBUG *** file /home/cubrid/work/cubrid/src/connection/tcp.c, line 1470
The css_peer_alive() is calling.
Time: 11/14/25 15:58:49.290 - DEBUG *** file /home/cubrid/work/cubrid/src/connection/tcp.c, line 1470
The css_peer_alive() is calling.
Time: 11/14/25 15:58:54.291 - DEBUG *** file /home/cubrid/work/cubrid/src/connection/tcp.c, line 1470
The css_peer_alive() is calling.
Time: 11/14/25 15:58:59.294 - DEBUG *** file /home/cubrid/work/cubrid/src/connection/tcp.c, line 1470
The css_peer_alive() is calling.
Time: 11/14/25 15:59:04.299 - DEBUG *** file /home/cubrid/work/cubrid/src/connection/tcp.c, line 1470
The css_peer_alive() is calling.
Time: 11/14/25 15:59:09.304 - DEBUG *** file /home/cubrid/work/cubrid/src/connection/tcp.c, line 1470
The css_peer_alive() is calling.
Time: 11/14/25 15:59:14.306 - DEBUG *** file /home/cubrid/work/cubrid/src/connection/tcp.c, line 1470
The css_peer_alive() is calling.
Time: 11/14/25 15:59:19.311 - DEBUG *** file /home/cubrid/work/cubrid/src/connection/tcp.c, line 1470
The css_peer_alive() is calling.
Time: 11/14/25 15:59:24.316 - DEBUG *** file /home/cubrid/work/cubrid/src/connection/tcp.c, line 1470
The css_peer_alive() is calling.
Time: 11/14/25 15:59:29.320 - DEBUG *** file /home/cubrid/work/cubrid/src/connection/tcp.c, line 1470
The css_peer_alive() is calling.
Time: 11/14/25 15:59:34.322 - DEBUG *** file /home/cubrid/work/cubrid/src/connection/tcp.c, line 1470
The css_peer_alive() is calling.
Time: 11/14/25 15:59:39.327 - DEBUG *** file /home/cubrid/work/cubrid/src/connection/tcp.c, line 1470
The css_peer_alive() is calling.
Time: 11/14/25 15:59:44.328 - DEBUG *** file /home/cubrid/work/cubrid/src/connection/tcp.c, line 1470
The css_peer_alive() is calling.
Time: 11/14/25 15:59:49.330 - DEBUG *** file /home/cubrid/work/cubrid/src/connection/tcp.c, line 1470
The css_peer_alive() is calling.
Time: 11/14/25 15:59:54.331 - DEBUG *** file /home/cubrid/work/cubrid/src/connection/tcp.c, line 1470
The css_peer_alive() is calling.
Time: 11/14/25 15:59:59.335 - DEBUG *** file /home/cubrid/work/cubrid/src/connection/tcp.c, line 1470
The css_peer_alive() is calling.
Time: 11/14/25 16:00:04.336 - DEBUG *** file /home/cubrid/work/cubrid/src/connection/tcp.c, line 1470
The css_peer_alive() is calling.
Time: 11/14/25 16:00:09.339 - DEBUG *** file /home/cubrid/work/cubrid/src/connection/tcp.c, line 1470
The css_peer_alive() is calling.
Time: 11/14/25 16:00:14.343 - DEBUG *** file /home/cubrid/work/cubrid/src/connection/tcp.c, line 1470
The css_peer_alive() is calling.
Time: 11/14/25 16:00:19.344 - DEBUG *** file /home/cubrid/work/cubrid/src/connection/tcp.c, line 1470
The css_peer_alive() is calling.
Time: 11/14/25 16:00:24.349 - DEBUG *** file /home/cubrid/work/cubrid/src/connection/tcp.c, line 1470
The css_peer_alive() is calling.
Time: 11/14/25 16:00:29.354 - DEBUG *** file /home/cubrid/work/cubrid/src/connection/tcp.c, line 1470
The css_peer_alive() is calling.
Time: 11/14/25 16:00:34.359 - DEBUG *** file /home/cubrid/work/cubrid/src/connection/tcp.c, line 1470
The css_peer_alive() is calling.
Time: 11/14/25 16:00:39.365 - DEBUG *** file /home/cubrid/work/cubrid/src/connection/tcp.c, line 1470
The css_peer_alive() is calling.
Time: 11/14/25 16:00:44.370 - DEBUG *** file /home/cubrid/work/cubrid/src/connection/tcp.c, line 1470
The css_peer_alive() is calling.
Time: 11/14/25 16:00:49.375 - DEBUG *** file /home/cubrid/work/cubrid/src/connection/tcp.c, line 1470
The css_peer_alive() is calling.
Time: 11/14/25 16:00:54.377 - DEBUG *** file /home/cubrid/work/cubrid/src/connection/tcp.c, line 1470
The css_peer_alive() is calling.
Time: 11/14/25 16:00:59.382 - DEBUG *** file /home/cubrid/work/cubrid/src/connection/tcp.c, line 1470
The css_peer_alive() is calling.
Time: 11/14/25 16:01:04.385 - DEBUG *** file /home/cubrid/work/cubrid/src/connection/tcp.c, line 1470
The css_peer_alive() is calling.
Time: 11/14/25 16:01:09.387 - DEBUG *** file /home/cubrid/work/cubrid/src/connection/tcp.c, line 1470
The css_peer_alive() is calling.
Time: 11/14/25 16:01:14.392 - DEBUG *** file /home/cubrid/work/cubrid/src/connection/tcp.c, line 1470
The css_peer_alive() is calling.
Time: 11/14/25 16:01:19.397 - DEBUG *** file /home/cubrid/work/cubrid/src/connection/tcp.c, line 1470
The css_peer_alive() is calling.
Time: 11/14/25 16:01:24.397 - DEBUG *** file /home/cubrid/work/cubrid/src/connection/tcp.c, line 1470
The css_peer_alive() is calling.
Time: 11/14/25 16:01:29.399 - DEBUG *** file /home/cubrid/work/cubrid/src/connection/tcp.c, line 1470
The css_peer_alive() is calling.
Time: 11/14/25 16:01:34.404 - DEBUG *** file /home/cubrid/work/cubrid/src/connection/tcp.c, line 1470
The css_peer_alive() is calling.
Time: 11/14/25 16:01:39.406 - DEBUG *** file /home/cubrid/work/cubrid/src/connection/tcp.c, line 1470
The css_peer_alive() is calling.
Time: 11/14/25 16:01:44.407 - DEBUG *** file /home/cubrid/work/cubrid/src/connection/tcp.c, line 1470
The css_peer_alive() is calling.
Time: 11/14/25 16:01:49.410 - DEBUG *** file /home/cubrid/work/cubrid/src/connection/tcp.c, line 1470
The css_peer_alive() is calling.
Time: 11/14/25 16:01:54.412 - DEBUG *** file /home/cubrid/work/cubrid/src/connection/tcp.c, line 1470
The css_peer_alive() is calling.
Time: 11/14/25 16:01:59.417 - DEBUG *** file /home/cubrid/work/cubrid/src/connection/tcp.c, line 1470
The css_peer_alive() is calling.
Time: 11/14/25 16:02:04.418 - DEBUG *** file /home/cubrid/work/cubrid/src/connection/tcp.c, line 1470
The css_peer_alive() is calling.
Time: 11/14/25 16:02:09.423 - DEBUG *** file /home/cubrid/work/cubrid/src/connection/tcp.c, line 1470
The css_peer_alive() is calling.
Time: 11/14/25 16:02:14.428 - DEBUG *** file /home/cubrid/work/cubrid/src/connection/tcp.c, line 1470
The css_peer_alive() is calling.
Time: 11/14/25 16:02:19.430 - DEBUG *** file /home/cubrid/work/cubrid/src/connection/tcp.c, line 1470
The css_peer_alive() is calling.
Time: 11/14/25 16:02:24.434 - DEBUG *** file /home/cubrid/work/cubrid/src/connection/tcp.c, line 1470
The css_peer_alive() is calling.
Time: 11/14/25 16:02:29.441 - DEBUG *** file /home/cubrid/work/cubrid/src/connection/tcp.c, line 1470
The css_peer_alive() is calling.
Time: 11/14/25 16:02:34.446 - DEBUG *** file /home/cubrid/work/cubrid/src/connection/tcp.c, line 1470
The css_peer_alive() is calling.
Time: 11/14/25 16:02:39.448 - DEBUG *** file /home/cubrid/work/cubrid/src/connection/tcp.c, line 1470
The css_peer_alive() is calling.
Time: 11/14/25 16:02:44.453 - DEBUG *** file /home/cubrid/work/cubrid/src/connection/tcp.c, line 1470
The css_peer_alive() is calling.
Time: 11/14/25 16:02:49.454 - DEBUG *** file /home/cubrid/work/cubrid/src/connection/tcp.c, line 1470
The css_peer_alive() is calling.
Time: 11/14/25 16:02:54.458 - DEBUG *** file /home/cubrid/work/cubrid/src/connection/tcp.c, line 1470
The css_peer_alive() is calling.
Time: 11/14/25 16:02:59.462 - DEBUG *** file /home/cubrid/work/cubrid/src/connection/tcp.c, line 1470
The css_peer_alive() is calling.
Time: 11/14/25 16:03:04.464 - DEBUG *** file /home/cubrid/work/cubrid/src/connection/tcp.c, line 1470
The css_peer_alive() is calling.
Time: 11/14/25 16:03:09.469 - DEBUG *** file /home/cubrid/work/cubrid/src/connection/tcp.c, line 1470
The css_peer_alive() is calling.
Time: 11/14/25 16:03:14.474 - DEBUG *** file /home/cubrid/work/cubrid/src/connection/tcp.c, line 1470
The css_peer_alive() is calling.
Time: 11/14/25 16:03:19.478 - DEBUG *** file /home/cubrid/work/cubrid/src/connection/tcp.c, line 1470
The css_peer_alive() is calling.
Time: 11/14/25 16:03:24.481 - DEBUG *** file /home/cubrid/work/cubrid/src/connection/tcp.c, line 1470
The css_peer_alive() is calling.
Time: 11/14/25 16:03:29.486 - DEBUG *** file /home/cubrid/work/cubrid/src/connection/tcp.c, line 1470
The css_peer_alive() is calling.
Time: 11/14/25 16:03:34.488 - DEBUG *** file /home/cubrid/work/cubrid/src/connection/tcp.c, line 1470
The css_peer_alive() is calling.
Time: 11/14/25 16:03:39.493 - DEBUG *** file /home/cubrid/work/cubrid/src/connection/tcp.c, line 1470
The css_peer_alive() is calling.
Time: 11/14/25 16:03:44.498 - DEBUG *** file /home/cubrid/work/cubrid/src/connection/tcp.c, line 1470
The css_peer_alive() is calling.
Time: 11/14/25 16:03:49.500 - DEBUG *** file /home/cubrid/work/cubrid/src/connection/tcp.c, line 1470
The css_peer_alive() is calling.
Time: 11/14/25 16:03:54.505 - DEBUG *** file /home/cubrid/work/cubrid/src/connection/tcp.c, line 1470
The css_peer_alive() is calling.
Time: 11/14/25 16:03:59.506 - DEBUG *** file /home/cubrid/work/cubrid/src/connection/tcp.c, line 1470
The css_peer_alive() is calling.
Time: 11/14/25 16:04:04.511 - DEBUG *** file /home/cubrid/work/cubrid/src/connection/tcp.c, line 1470
The css_peer_alive() is calling.
Time: 11/14/25 16:04:09.516 - DEBUG *** file /home/cubrid/work/cubrid/src/connection/tcp.c, line 1470
The css_peer_alive() is calling.
Time: 11/14/25 16:04:14.522 - DEBUG *** file /home/cubrid/work/cubrid/src/connection/tcp.c, line 1470
The css_peer_alive() is calling.
Time: 11/14/25 16:04:19.527 - DEBUG *** file /home/cubrid/work/cubrid/src/connection/tcp.c, line 1470
The css_peer_alive() is calling.
Time: 11/14/25 16:04:24.532 - DEBUG *** file /home/cubrid/work/cubrid/src/connection/tcp.c, line 1470
The css_peer_alive() is calling.
Time: 11/14/25 16:04:29.537 - DEBUG *** file /home/cubrid/work/cubrid/src/connection/tcp.c, line 1470
The css_peer_alive() is calling.
Time: 11/14/25 16:04:34.542 - DEBUG *** file /home/cubrid/work/cubrid/src/connection/tcp.c, line 1470
The css_peer_alive() is calling.
Time: 11/14/25 16:04:39.547 - DEBUG *** file /home/cubrid/work/cubrid/src/connection/tcp.c, line 1470
The css_peer_alive() is calling.
Time: 11/14/25 16:04:44.552 - DEBUG *** file /home/cubrid/work/cubrid/src/connection/tcp.c, line 1470
The css_peer_alive() is calling.
Time: 11/14/25 16:04:49.558 - DEBUG *** file /home/cubrid/work/cubrid/src/connection/tcp.c, line 1470
The css_peer_alive() is calling.
Time: 11/14/25 16:04:54.563 - DEBUG *** file /home/cubrid/work/cubrid/src/connection/tcp.c, line 1470
The css_peer_alive() is calling.
Time: 11/14/25 16:04:59.568 - DEBUG *** file /home/cubrid/work/cubrid/src/connection/tcp.c, line 1470
The css_peer_alive() is calling.
Time: 11/14/25 16:05:04.573 - DEBUG *** file /home/cubrid/work/cubrid/src/connection/tcp.c, line 1470
The css_peer_alive() is calling.
Time: 11/14/25 16:05:09.578 - DEBUG *** file /home/cubrid/work/cubrid/src/connection/tcp.c, line 1470
The css_peer_alive() is calling.
Time: 11/14/25 16:05:14.578 - DEBUG *** file /home/cubrid/work/cubrid/src/connection/tcp.c, line 1470
The css_peer_alive() is calling.
Time: 11/14/25 16:05:19.583 - DEBUG *** file /home/cubrid/work/cubrid/src/connection/tcp.c, line 1470
The css_peer_alive() is calling.
Time: 11/14/25 16:05:24.588 - DEBUG *** file /home/cubrid/work/cubrid/src/connection/tcp.c, line 1470
The css_peer_alive() is calling.
Time: 11/14/25 16:05:29.594 - DEBUG *** file /home/cubrid/work/cubrid/src/connection/tcp.c, line 1470
The css_peer_alive() is calling.
Time: 11/14/25 16:05:34.599 - DEBUG *** file /home/cubrid/work/cubrid/src/connection/tcp.c, line 1470
The css_peer_alive() is calling.
Time: 11/14/25 16:05:39.604 - DEBUG *** file /home/cubrid/work/cubrid/src/connection/tcp.c, line 1470
The css_peer_alive() is calling.
Time: 11/14/25 16:05:44.609 - DEBUG *** file /home/cubrid/work/cubrid/src/connection/tcp.c, line 1470
The css_peer_alive() is calling.
Time: 11/14/25 16:05:49.614 - DEBUG *** file /home/cubrid/work/cubrid/src/connection/tcp.c, line 1470
The css_peer_alive() is calling.
Time: 11/14/25 16:05:54.616 - DEBUG *** file /home/cubrid/work/cubrid/src/connection/tcp.c, line 1470
The css_peer_alive() is calling.
Time: 11/14/25 16:05:59.621 - DEBUG *** file /home/cubrid/work/cubrid/src/connection/tcp.c, line 1470
The css_peer_alive() is calling.
Time: 11/14/25 16:06:04.621 - DEBUG *** file /home/cubrid/work/cubrid/src/connection/tcp.c, line 1470
The css_peer_alive() is calling.
Time: 11/14/25 16:06:09.626 - DEBUG *** file /home/cubrid/work/cubrid/src/connection/tcp.c, line 1470
The css_peer_alive() is calling.
Time: 11/14/25 16:06:14.631 - DEBUG *** file /home/cubrid/work/cubrid/src/connection/tcp.c, line 1470
The css_peer_alive() is calling.
Time: 11/14/25 16:06:19.634 - DEBUG *** file /home/cubrid/work/cubrid/src/connection/tcp.c, line 1470
The css_peer_alive() is calling.
Time: 11/14/25 16:06:24.637 - DEBUG *** file /home/cubrid/work/cubrid/src/connection/tcp.c, line 1470
The css_peer_alive() is calling.
Time: 11/14/25 16:06:29.639 - DEBUG *** file /home/cubrid/work/cubrid/src/connection/tcp.c, line 1470
The css_peer_alive() is calling.
Time: 11/14/25 16:06:34.639 - DEBUG *** file /home/cubrid/work/cubrid/src/connection/tcp.c, line 1470
The css_peer_alive() is calling.
Time: 11/14/25 16:06:39.640 - DEBUG *** file /home/cubrid/work/cubrid/src/connection/tcp.c, line 1470
The css_peer_alive() is calling.
Time: 11/14/25 16:06:44.645 - DEBUG *** file /home/cubrid/work/cubrid/src/connection/tcp.c, line 1470
The css_peer_alive() is calling.
Time: 11/14/25 16:06:49.647 - DEBUG *** file /home/cubrid/work/cubrid/src/connection/tcp.c, line 1470
The css_peer_alive() is calling.
Time: 11/14/25 16:06:54.652 - DEBUG *** file /home/cubrid/work/cubrid/src/connection/tcp.c, line 1470
The css_peer_alive() is calling.
Time: 11/14/25 16:06:59.657 - DEBUG *** file /home/cubrid/work/cubrid/src/connection/tcp.c, line 1470
The css_peer_alive() is calling.
Time: 11/14/25 16:07:04.662 - DEBUG *** file /home/cubrid/work/cubrid/src/connection/tcp.c, line 1470
The css_peer_alive() is calling.
Time: 11/14/25 16:07:09.667 - DEBUG *** file /home/cubrid/work/cubrid/src/connection/tcp.c, line 1470
The css_peer_alive() is calling.
Time: 11/14/25 16:07:14.671 - DEBUG *** file /home/cubrid/work/cubrid/src/connection/tcp.c, line 1470
The css_peer_alive() is calling.
Time: 11/14/25 16:07:19.671 - DEBUG *** file /home/cubrid/work/cubrid/src/connection/tcp.c, line 1470
The css_peer_alive() is calling.
Time: 11/14/25 16:07:24.676 - DEBUG *** file /home/cubrid/work/cubrid/src/connection/tcp.c, line 1470
The css_peer_alive() is calling.
Time: 11/14/25 16:07:29.681 - DEBUG *** file /home/cubrid/work/cubrid/src/connection/tcp.c, line 1470
The css_peer_alive() is calling.
Time: 11/14/25 16:07:34.686 - DEBUG *** file /home/cubrid/work/cubrid/src/connection/tcp.c, line 1470
The css_peer_alive() is calling.
Time: 11/14/25 16:07:39.691 - DEBUG *** file /home/cubrid/work/cubrid/src/connection/tcp.c, line 1470
The css_peer_alive() is calling.
Time: 11/14/25 16:07:44.697 - DEBUG *** file /home/cubrid/work/cubrid/src/connection/tcp.c, line 1470
The css_peer_alive() is calling.
Time: 11/14/25 16:07:49.697 - DEBUG *** file /home/cubrid/work/cubrid/src/connection/tcp.c, line 1470
The css_peer_alive() is calling.
Time: 11/14/25 16:07:54.702 - DEBUG *** file /home/cubrid/work/cubrid/src/connection/tcp.c, line 1470
The css_peer_alive() is calling.
Time: 11/14/25 16:07:59.707 - DEBUG *** file /home/cubrid/work/cubrid/src/connection/tcp.c, line 1470
The css_peer_alive() is calling.
Time: 11/14/25 16:08:04.713 - DEBUG *** file /home/cubrid/work/cubrid/src/connection/tcp.c, line 1470
The css_peer_alive() is calling.
Time: 11/14/25 16:08:09.718 - DEBUG *** file /home/cubrid/work/cubrid/src/connection/tcp.c, line 1470
The css_peer_alive() is calling.
Time: 11/14/25 16:08:14.723 - DEBUG *** file /home/cubrid/work/cubrid/src/connection/tcp.c, line 1470
The css_peer_alive() is calling.
Time: 11/14/25 16:08:19.728 - DEBUG *** file /home/cubrid/work/cubrid/src/connection/tcp.c, line 1470
The css_peer_alive() is calling.
Time: 11/14/25 16:08:24.733 - DEBUG *** file /home/cubrid/work/cubrid/src/connection/tcp.c, line 1470
The css_peer_alive() is calling.
Time: 11/14/25 16:08:29.738 - DEBUG *** file /home/cubrid/work/cubrid/src/connection/tcp.c, line 1470
The css_peer_alive() is calling.
Time: 11/14/25 16:08:34.743 - DEBUG *** file /home/cubrid/work/cubrid/src/connection/tcp.c, line 1470
The css_peer_alive() is calling.
Time: 11/14/25 16:08:39.748 - DEBUG *** file /home/cubrid/work/cubrid/src/connection/tcp.c, line 1470
The css_peer_alive() is calling.
Time: 11/14/25 16:08:44.753 - DEBUG *** file /home/cubrid/work/cubrid/src/connection/tcp.c, line 1470
The css_peer_alive() is calling.
Time: 11/14/25 16:08:49.758 - DEBUG *** file /home/cubrid/work/cubrid/src/connection/tcp.c, line 1470
The css_peer_alive() is calling.
Time: 11/14/25 16:08:54.758 - DEBUG *** file /home/cubrid/work/cubrid/src/connection/tcp.c, line 1470
The css_peer_alive() is calling.
Time: 11/14/25 16:08:59.763 - DEBUG *** file /home/cubrid/work/cubrid/src/connection/tcp.c, line 1470
The css_peer_alive() is calling.
Time: 11/14/25 16:09:04.768 - DEBUG *** file /home/cubrid/work/cubrid/src/connection/tcp.c, line 1470
The css_peer_alive() is calling.
Time: 11/14/25 16:09:09.773 - DEBUG *** file /home/cubrid/work/cubrid/src/connection/tcp.c, line 1470
The css_peer_alive() is calling.
Time: 11/14/25 16:09:14.777 - DEBUG *** file /home/cubrid/work/cubrid/src/connection/tcp.c, line 1470
The css_peer_alive() is calling.
Time: 11/14/25 16:09:19.782 - DEBUG *** file /home/cubrid/work/cubrid/src/connection/tcp.c, line 1470
The css_peer_alive() is calling.
Time: 11/14/25 16:09:24.787 - DEBUG *** file /home/cubrid/work/cubrid/src/connection/tcp.c, line 1470
The css_peer_alive() is calling.
Time: 11/14/25 16:09:29.792 - DEBUG *** file /home/cubrid/work/cubrid/src/connection/tcp.c, line 1470
The css_peer_alive() is calling.
Time: 11/14/25 16:09:34.797 - DEBUG *** file /home/cubrid/work/cubrid/src/connection/tcp.c, line 1470
The css_peer_alive() is calling.
Time: 11/14/25 16:09:39.802 - DEBUG *** file /home/cubrid/work/cubrid/src/connection/tcp.c, line 1470
The css_peer_alive() is calling.
Time: 11/14/25 16:09:44.808 - DEBUG *** file /home/cubrid/work/cubrid/src/connection/tcp.c, line 1470
The css_peer_alive() is calling.
Time: 11/14/25 16:09:49.813 - DEBUG *** file /home/cubrid/work/cubrid/src/connection/tcp.c, line 1470
The css_peer_alive() is calling.
Time: 11/14/25 16:09:54.818 - DEBUG *** file /home/cubrid/work/cubrid/src/connection/tcp.c, line 1470
The css_peer_alive() is calling.
Time: 11/14/25 16:09:59.823 - DEBUG *** file /home/cubrid/work/cubrid/src/connection/tcp.c, line 1470
The css_peer_alive() is calling.
Time: 11/14/25 16:10:04.828 - DEBUG *** file /home/cubrid/work/cubrid/src/connection/tcp.c, line 1470
The css_peer_alive() is calling.
Time: 11/14/25 16:10:09.833 - DEBUG *** file /home/cubrid/work/cubrid/src/connection/tcp.c, line 1470
The css_peer_alive() is calling.
Time: 11/14/25 16:10:14.838 - DEBUG *** file /home/cubrid/work/cubrid/src/connection/tcp.c, line 1470
The css_peer_alive() is calling.
Time: 11/14/25 16:10:19.843 - DEBUG *** file /home/cubrid/work/cubrid/src/connection/tcp.c, line 1470
The css_peer_alive() is calling.
Time: 11/14/25 16:10:24.848 - DEBUG *** file /home/cubrid/work/cubrid/src/connection/tcp.c, line 1470
The css_peer_alive() is calling.
Time: 11/14/25 16:10:29.854 - DEBUG *** file /home/cubrid/work/cubrid/src/connection/tcp.c, line 1470
The css_peer_alive() is calling.
Time: 11/14/25 16:10:34.859 - DEBUG *** file /home/cubrid/work/cubrid/src/connection/tcp.c, line 1470
The css_peer_alive() is calling.
Time: 11/14/25 16:10:39.860 - DEBUG *** file /home/cubrid/work/cubrid/src/connection/tcp.c, line 1470
The css_peer_alive() is calling.
Time: 11/14/25 16:10:44.863 - DEBUG *** file /home/cubrid/work/cubrid/src/connection/tcp.c, line 1470
The css_peer_alive() is calling.
Time: 11/14/25 16:10:49.868 - DEBUG *** file /home/cubrid/work/cubrid/src/connection/tcp.c, line 1470
The css_peer_alive() is calling.
Time: 11/14/25 16:10:54.872 - DEBUG *** file /home/cubrid/work/cubrid/src/connection/tcp.c, line 1470
The css_peer_alive() is calling.
Time: 11/14/25 16:10:59.876 - DEBUG *** file /home/cubrid/work/cubrid/src/connection/tcp.c, line 1470
The css_peer_alive() is calling.
Time: 11/14/25 16:11:04.877 - DEBUG *** file /home/cubrid/work/cubrid/src/connection/tcp.c, line 1470
The css_peer_alive() is calling.
Time: 11/14/25 16:11:09.882 - DEBUG *** file /home/cubrid/work/cubrid/src/connection/tcp.c, line 1470
The css_peer_alive() is calling.
Time: 11/14/25 16:11:14.888 - DEBUG *** file /home/cubrid/work/cubrid/src/connection/tcp.c, line 1470
The css_peer_alive() is calling.
Time: 11/14/25 16:11:19.892 - DEBUG *** file /home/cubrid/work/cubrid/src/connection/tcp.c, line 1470
The css_peer_alive() is calling.
Time: 11/14/25 16:11:24.895 - DEBUG *** file /home/cubrid/work/cubrid/src/connection/tcp.c, line 1470
The css_peer_alive() is calling.
Time: 11/14/25 16:11:29.900 - DEBUG *** file /home/cubrid/work/cubrid/src/connection/tcp.c, line 1470
The css_peer_alive() is calling.
Time: 11/14/25 16:11:34.902 - DEBUG *** file /home/cubrid/work/cubrid/src/connection/tcp.c, line 1470
The css_peer_alive() is calling.
Time: 11/14/25 16:11:39.904 - DEBUG *** file /home/cubrid/work/cubrid/src/connection/tcp.c, line 1470
The css_peer_alive() is calling.
Time: 11/14/25 16:11:44.909 - DEBUG *** file /home/cubrid/work/cubrid/src/connection/tcp.c, line 1470
The css_peer_alive() is calling.
Time: 11/14/25 16:11:49.910 - DEBUG *** file /home/cubrid/work/cubrid/src/connection/tcp.c, line 1470
The css_peer_alive() is calling.
Time: 11/14/25 16:11:54.915 - DEBUG *** file /home/cubrid/work/cubrid/src/connection/tcp.c, line 1470
The css_peer_alive() is calling.
Time: 11/14/25 16:11:59.921 - DEBUG *** file /home/cubrid/work/cubrid/src/connection/tcp.c, line 1470
The css_peer_alive() is calling.
Time: 11/14/25 16:12:04.926 - DEBUG *** file /home/cubrid/work/cubrid/src/connection/tcp.c, line 1470
The css_peer_alive() is calling.
Time: 11/14/25 16:12:09.928 - DEBUG *** file /home/cubrid/work/cubrid/src/connection/tcp.c, line 1470
The css_peer_alive() is calling.
Time: 11/14/25 16:12:14.932 - DEBUG *** file /home/cubrid/work/cubrid/src/connection/tcp.c, line 1470
The css_peer_alive() is calling.
Time: 11/14/25 16:12:19.937 - DEBUG *** file /home/cubrid/work/cubrid/src/connection/tcp.c, line 1470
The css_peer_alive() is calling.
Time: 11/14/25 16:12:24.943 - DEBUG *** file /home/cubrid/work/cubrid/src/connection/tcp.c, line 1470
The css_peer_alive() is calling.
Time: 11/14/25 16:12:29.948 - DEBUG *** file /home/cubrid/work/cubrid/src/connection/tcp.c, line 1470
The css_peer_alive() is calling.
Time: 11/14/25 16:12:34.953 - DEBUG *** file /home/cubrid/work/cubrid/src/connection/tcp.c, line 1470
The css_peer_alive() is calling.
Time: 11/14/25 16:12:39.955 - DEBUG *** file /home/cubrid/work/cubrid/src/connection/tcp.c, line 1470
The css_peer_alive() is calling.
Time: 11/14/25 16:12:44.960 - DEBUG *** file /home/cubrid/work/cubrid/src/connection/tcp.c, line 1470
The css_peer_alive() is calling.
Time: 11/14/25 16:12:49.965 - DEBUG *** file /home/cubrid/work/cubrid/src/connection/tcp.c, line 1470
The css_peer_alive() is calling.
Time: 11/14/25 16:12:54.970 - DEBUG *** file /home/cubrid/work/cubrid/src/connection/tcp.c, line 1470
The css_peer_alive() is calling.
Time: 11/14/25 16:12:59.975 - DEBUG *** file /home/cubrid/work/cubrid/src/connection/tcp.c, line 1470
The css_peer_alive() is calling.
Time: 11/14/25 16:13:04.980 - DEBUG *** file /home/cubrid/work/cubrid/src/connection/tcp.c, line 1470
The css_peer_alive() is calling.
Time: 11/14/25 16:13:09.986 - DEBUG *** file /home/cubrid/work/cubrid/src/connection/tcp.c, line 1470
The css_peer_alive() is calling.
Time: 11/14/25 16:13:14.991 - DEBUG *** file /home/cubrid/work/cubrid/src/connection/tcp.c, line 1470
The css_peer_alive() is calling.
Time: 11/14/25 16:13:19.994 - DEBUG *** file /home/cubrid/work/cubrid/src/connection/tcp.c, line 1470
The css_peer_alive() is calling.
Time: 11/14/25 16:13:24.999 - DEBUG *** file /home/cubrid/work/cubrid/src/connection/tcp.c, line 1470
The css_peer_alive() is calling.
Time: 11/14/25 16:13:30.004 - DEBUG *** file /home/cubrid/work/cubrid/src/connection/tcp.c, line 1470
The css_peer_alive() is calling.
Time: 11/14/25 16:13:35.009 - DEBUG *** file /home/cubrid/work/cubrid/src/connection/tcp.c, line 1470
The css_peer_alive() is calling.
Time: 11/14/25 16:13:40.009 - DEBUG *** file /home/cubrid/work/cubrid/src/connection/tcp.c, line 1470
The css_peer_alive() is calling.
Time: 11/14/25 16:13:45.015 - DEBUG *** file /home/cubrid/work/cubrid/src/connection/tcp.c, line 1470
The css_peer_alive() is calling.
Time: 11/14/25 16:13:50.020 - DEBUG *** file /home/cubrid/work/cubrid/src/connection/tcp.c, line 1470
The css_peer_alive() is calling.
Time: 11/14/25 16:13:55.025 - DEBUG *** file /home/cubrid/work/cubrid/src/connection/tcp.c, line 1470
The css_peer_alive() is calling.
Time: 11/14/25 16:14:00.030 - DEBUG *** file /home/cubrid/work/cubrid/src/connection/tcp.c, line 1470
The css_peer_alive() is calling.
Time: 11/14/25 16:14:05.035 - DEBUG *** file /home/cubrid/work/cubrid/src/connection/tcp.c, line 1470
The css_peer_alive() is calling.
Time: 11/14/25 16:14:10.040 - DEBUG *** file /home/cubrid/work/cubrid/src/connection/tcp.c, line 1470
The css_peer_alive() is calling.
Time: 11/14/25 16:14:15.045 - DEBUG *** file /home/cubrid/work/cubrid/src/connection/tcp.c, line 1470
The css_peer_alive() is calling.
Time: 11/14/25 16:14:20.050 - DEBUG *** file /home/cubrid/work/cubrid/src/connection/tcp.c, line 1470
The css_peer_alive() is calling.
Time: 11/14/25 16:14:25.056 - DEBUG *** file /home/cubrid/work/cubrid/src/connection/tcp.c, line 1470
The css_peer_alive() is calling.
Time: 11/14/25 16:14:30.061 - DEBUG *** file /home/cubrid/work/cubrid/src/connection/tcp.c, line 1470
The css_peer_alive() is calling.
Time: 11/14/25 16:14:35.066 - DEBUG *** file /home/cubrid/work/cubrid/src/connection/tcp.c, line 1470
The css_peer_alive() is calling.
Time: 11/14/25 16:14:40.071 - DEBUG *** file /home/cubrid/work/cubrid/src/connection/tcp.c, line 1470
The css_peer_alive() is calling.
Time: 11/14/25 16:14:45.076 - DEBUG *** file /home/cubrid/work/cubrid/src/connection/tcp.c, line 1470
The css_peer_alive() is calling.
Time: 11/14/25 16:14:50.081 - DEBUG *** file /home/cubrid/work/cubrid/src/connection/tcp.c, line 1470
The css_peer_alive() is calling.
Time: 11/14/25 16:14:55.086 - DEBUG *** file /home/cubrid/work/cubrid/src/connection/tcp.c, line 1470
The css_peer_alive() is calling.
Time: 11/14/25 16:15:00.091 - DEBUG *** file /home/cubrid/work/cubrid/src/connection/tcp.c, line 1470
The css_peer_alive() is calling.
Time: 11/14/25 16:15:05.096 - DEBUG *** file /home/cubrid/work/cubrid/src/connection/tcp.c, line 1470
The css_peer_alive() is calling.
Time: 11/14/25 16:15:10.102 - DEBUG *** file /home/cubrid/work/cubrid/src/connection/tcp.c, line 1470
The css_peer_alive() is calling.
Time: 11/14/25 16:15:15.103 - DEBUG *** file /home/cubrid/work/cubrid/src/connection/tcp.c, line 1470
The css_peer_alive() is calling.
Time: 11/14/25 16:15:20.104 - DEBUG *** file /home/cubrid/work/cubrid/src/connection/tcp.c, line 1470
The css_peer_alive() is calling.
Time: 11/14/25 16:15:25.109 - DEBUG *** file /home/cubrid/work/cubrid/src/connection/tcp.c, line 1470
The css_peer_alive() is calling.
Time: 11/14/25 16:15:30.114 - DEBUG *** file /home/cubrid/work/cubrid/src/connection/tcp.c, line 1470
The css_peer_alive() is calling.
Time: 11/14/25 16:15:35.116 - DEBUG *** file /home/cubrid/work/cubrid/src/connection/tcp.c, line 1470
The css_peer_alive() is calling.
Time: 11/14/25 16:15:40.121 - DEBUG *** file /home/cubrid/work/cubrid/src/connection/tcp.c, line 1470
The css_peer_alive() is calling.
Time: 11/14/25 16:15:45.126 - DEBUG *** file /home/cubrid/work/cubrid/src/connection/tcp.c, line 1470
The css_peer_alive() is calling.
Time: 11/14/25 16:15:50.131 - DEBUG *** file /home/cubrid/work/cubrid/src/connection/tcp.c, line 1470
The css_peer_alive() is calling.
Time: 11/14/25 16:15:55.136 - DEBUG *** file /home/cubrid/work/cubrid/src/connection/tcp.c, line 1470
The css_peer_alive() is calling.
Time: 11/14/25 16:16:00.137 - DEBUG *** file /home/cubrid/work/cubrid/src/connection/tcp.c, line 1470
The css_peer_alive() is calling.
Time: 11/14/25 16:16:05.141 - DEBUG *** file /home/cubrid/work/cubrid/src/connection/tcp.c, line 1470
The css_peer_alive() is calling.
Time: 11/14/25 16:16:10.142 - DEBUG *** file /home/cubrid/work/cubrid/src/connection/tcp.c, line 1470
The css_peer_alive() is calling.
Time: 11/14/25 16:16:15.144 - DEBUG *** file /home/cubrid/work/cubrid/src/connection/tcp.c, line 1470
The css_peer_alive() is calling.
Time: 11/14/25 16:16:20.145 - DEBUG *** file /home/cubrid/work/cubrid/src/connection/tcp.c, line 1470
The css_peer_alive() is calling.
Time: 11/14/25 16:16:25.148 - DEBUG *** file /home/cubrid/work/cubrid/src/connection/tcp.c, line 1470
The css_peer_alive() is calling.
Time: 11/14/25 16:16:30.148 - DEBUG *** file /home/cubrid/work/cubrid/src/connection/tcp.c, line 1470
The css_peer_alive() is calling.
Time: 11/14/25 16:16:35.150 - DEBUG *** file /home/cubrid/work/cubrid/src/connection/tcp.c, line 1470
The css_peer_alive() is calling.
Time: 11/14/25 16:16:40.155 - DEBUG *** file /home/cubrid/work/cubrid/src/connection/tcp.c, line 1470
The css_peer_alive() is calling.
Time: 11/14/25 16:16:45.156 - DEBUG *** file /home/cubrid/work/cubrid/src/connection/tcp.c, line 1470
The css_peer_alive() is calling.
Time: 11/14/25 16:16:50.161 - DEBUG *** file /home/cubrid/work/cubrid/src/connection/tcp.c, line 1470
The css_peer_alive() is calling.
Time: 11/14/25 16:16:55.166 - DEBUG *** file /home/cubrid/work/cubrid/src/connection/tcp.c, line 1470
The css_peer_alive() is calling.
Time: 11/14/25 16:17:00.168 - DEBUG *** file /home/cubrid/work/cubrid/src/connection/tcp.c, line 1470
The css_peer_alive() is calling.
Time: 11/14/25 16:17:05.168 - DEBUG *** file /home/cubrid/work/cubrid/src/connection/tcp.c, line 1470
The css_peer_alive() is calling.
Time: 11/14/25 16:17:10.171 - DEBUG *** file /home/cubrid/work/cubrid/src/connection/tcp.c, line 1470
The css_peer_alive() is calling.
Time: 11/14/25 16:17:15.176 - DEBUG *** file /home/cubrid/work/cubrid/src/connection/tcp.c, line 1470
The css_peer_alive() is calling.
Time: 11/14/25 16:17:20.182 - DEBUG *** file /home/cubrid/work/cubrid/src/connection/tcp.c, line 1470
The css_peer_alive() is calling.
Time: 11/14/25 16:17:25.187 - DEBUG *** file /home/cubrid/work/cubrid/src/connection/tcp.c, line 1470
The css_peer_alive() is calling.
Time: 11/14/25 16:17:30.192 - DEBUG *** file /home/cubrid/work/cubrid/src/connection/tcp.c, line 1470
The css_peer_alive() is calling.
Time: 11/14/25 16:17:35.197 - DEBUG *** file /home/cubrid/work/cubrid/src/connection/tcp.c, line 1470
The css_peer_alive() is calling.
Time: 11/14/25 16:17:40.202 - DEBUG *** file /home/cubrid/work/cubrid/src/connection/tcp.c, line 1470
The css_peer_alive() is calling.
Time: 11/14/25 16:17:45.207 - DEBUG *** file /home/cubrid/work/cubrid/src/connection/tcp.c, line 1470
The css_peer_alive() is calling.
Time: 11/14/25 16:17:50.212 - DEBUG *** file /home/cubrid/work/cubrid/src/connection/tcp.c, line 1470
The css_peer_alive() is calling.
Time: 11/14/25 16:17:55.217 - DEBUG *** file /home/cubrid/work/cubrid/src/connection/tcp.c, line 1470
The css_peer_alive() is calling.
Time: 11/14/25 16:18:00.222 - DEBUG *** file /home/cubrid/work/cubrid/src/connection/tcp.c, line 1470
The css_peer_alive() is calling.
Time: 11/14/25 16:18:05.227 - DEBUG *** file /home/cubrid/work/cubrid/src/connection/tcp.c, line 1470
The css_peer_alive() is calling.
Time: 11/14/25 16:18:10.228 - DEBUG *** file /home/cubrid/work/cubrid/src/connection/tcp.c, line 1470
The css_peer_alive() is calling.
Time: 11/14/25 16:18:15.233 - DEBUG *** file /home/cubrid/work/cubrid/src/connection/tcp.c, line 1470
The css_peer_alive() is calling.
Time: 11/14/25 16:18:20.238 - DEBUG *** file /home/cubrid/work/cubrid/src/connection/tcp.c, line 1470
The css_peer_alive() is calling.
Time: 11/14/25 16:18:25.243 - DEBUG *** file /home/cubrid/work/cubrid/src/connection/tcp.c, line 1470
The css_peer_alive() is calling.
Time: 11/14/25 16:18:30.248 - DEBUG *** file /home/cubrid/work/cubrid/src/connection/tcp.c, line 1470
The css_peer_alive() is calling.
Time: 11/14/25 16:18:35.253 - DEBUG *** file /home/cubrid/work/cubrid/src/connection/tcp.c, line 1470
The css_peer_alive() is calling.
Time: 11/14/25 16:18:40.257 - DEBUG *** file /home/cubrid/work/cubrid/src/connection/tcp.c, line 1470
The css_peer_alive() is calling.
Time: 11/14/25 16:18:45.263 - DEBUG *** file /home/cubrid/work/cubrid/src/connection/tcp.c, line 1470
The css_peer_alive() is calling.
Time: 11/14/25 16:18:50.267 - DEBUG *** file /home/cubrid/work/cubrid/src/connection/tcp.c, line 1470
The css_peer_alive() is calling.
Time: 11/14/25 16:18:55.269 - DEBUG *** file /home/cubrid/work/cubrid/src/connection/tcp.c, line 1470
The css_peer_alive() is calling.
Time: 11/14/25 16:19:00.274 - DEBUG *** file /home/cubrid/work/cubrid/src/connection/tcp.c, line 1470
The css_peer_alive() is calling.
Time: 11/14/25 16:19:05.276 - DEBUG *** file /home/cubrid/work/cubrid/src/connection/tcp.c, line 1470
The css_peer_alive() is calling.
Time: 11/14/25 16:19:10.277 - DEBUG *** file /home/cubrid/work/cubrid/src/connection/tcp.c, line 1470
The css_peer_alive() is calling.
Time: 11/14/25 16:19:15.277 - DEBUG *** file /home/cubrid/work/cubrid/src/connection/tcp.c, line 1470
The css_peer_alive() is calling.
Time: 11/14/25 16:19:20.281 - DEBUG *** file /home/cubrid/work/cubrid/src/connection/tcp.c, line 1470
The css_peer_alive() is calling.
Time: 11/14/25 16:19:25.282 - DEBUG *** file /home/cubrid/work/cubrid/src/connection/tcp.c, line 1470
The css_peer_alive() is calling.
Time: 11/14/25 16:19:30.287 - DEBUG *** file /home/cubrid/work/cubrid/src/connection/tcp.c, line 1470
The css_peer_alive() is calling.
Time: 11/14/25 16:19:35.292 - DEBUG *** file /home/cubrid/work/cubrid/src/connection/tcp.c, line 1470
The css_peer_alive() is calling.
Time: 11/14/25 16:19:40.298 - DEBUG *** file /home/cubrid/work/cubrid/src/connection/tcp.c, line 1470
The css_peer_alive() is calling.
Time: 11/14/25 16:19:45.303 - DEBUG *** file /home/cubrid/work/cubrid/src/connection/tcp.c, line 1470
The css_peer_alive() is calling.
Time: 11/14/25 16:19:50.305 - DEBUG *** file /home/cubrid/work/cubrid/src/connection/tcp.c, line 1470
The css_peer_alive() is calling.
Time: 11/14/25 16:19:55.308 - DEBUG *** file /home/cubrid/work/cubrid/src/connection/tcp.c, line 1470
The css_peer_alive() is calling.
Time: 11/14/25 16:20:00.312 - DEBUG *** file /home/cubrid/work/cubrid/src/connection/tcp.c, line 1470
The css_peer_alive() is calling.
Time: 11/14/25 16:20:05.315 - DEBUG *** file /home/cubrid/work/cubrid/src/connection/tcp.c, line 1470
The css_peer_alive() is calling.
Time: 11/14/25 16:20:10.318 - DEBUG *** file /home/cubrid/work/cubrid/src/connection/tcp.c, line 1470
The css_peer_alive() is calling.
Time: 11/14/25 16:20:15.319 - DEBUG *** file /home/cubrid/work/cubrid/src/connection/tcp.c, line 1470
The css_peer_alive() is calling.
Time: 11/14/25 16:20:20.325 - DEBUG *** file /home/cubrid/work/cubrid/src/connection/tcp.c, line 1470
The css_peer_alive() is calling.
Time: 11/14/25 16:20:25.325 - DEBUG *** file /home/cubrid/work/cubrid/src/connection/tcp.c, line 1470
The css_peer_alive() is calling.
Time: 11/14/25 16:20:30.327 - DEBUG *** file /home/cubrid/work/cubrid/src/connection/tcp.c, line 1470
The css_peer_alive() is calling.
Time: 11/14/25 16:20:35.332 - DEBUG *** file /home/cubrid/work/cubrid/src/connection/tcp.c, line 1470
The css_peer_alive() is calling.
Time: 11/14/25 16:20:40.336 - DEBUG *** file /home/cubrid/work/cubrid/src/connection/tcp.c, line 1470
The css_peer_alive() is calling.
Time: 11/14/25 16:20:45.341 - DEBUG *** file /home/cubrid/work/cubrid/src/connection/tcp.c, line 1470
The css_peer_alive() is calling.
Time: 11/14/25 16:20:50.346 - DEBUG *** file /home/cubrid/work/cubrid/src/connection/tcp.c, line 1470
The css_peer_alive() is calling.
Time: 11/14/25 16:20:55.350 - DEBUG *** file /home/cubrid/work/cubrid/src/connection/tcp.c, line 1470
The css_peer_alive() is calling.
Time: 11/14/25 16:21:00.355 - DEBUG *** file /home/cubrid/work/cubrid/src/connection/tcp.c, line 1470
The css_peer_alive() is calling.
Time: 11/14/25 16:21:05.356 - DEBUG *** file /home/cubrid/work/cubrid/src/connection/tcp.c, line 1470
The css_peer_alive() is calling.
Time: 11/14/25 16:21:10.359 - DEBUG *** file /home/cubrid/work/cubrid/src/connection/tcp.c, line 1470
The css_peer_alive() is calling.
Time: 11/14/25 16:21:15.360 - DEBUG *** file /home/cubrid/work/cubrid/src/connection/tcp.c, line 1470
The css_peer_alive() is calling.
Time: 11/14/25 16:21:20.364 - DEBUG *** file /home/cubrid/work/cubrid/src/connection/tcp.c, line 1470
The css_peer_alive() is calling.
Time: 11/14/25 16:21:25.369 - DEBUG *** file /home/cubrid/work/cubrid/src/connection/tcp.c, line 1470
The css_peer_alive() is calling.
Time: 11/14/25 16:21:30.373 - DEBUG *** file /home/cubrid/work/cubrid/src/connection/tcp.c, line 1470
The css_peer_alive() is calling.
Time: 11/14/25 16:21:35.375 - DEBUG *** file /home/cubrid/work/cubrid/src/connection/tcp.c, line 1470
The css_peer_alive() is calling.
Time: 11/14/25 16:21:40.380 - DEBUG *** file /home/cubrid/work/cubrid/src/connection/tcp.c, line 1470
The css_peer_alive() is calling.
Time: 11/14/25 16:21:45.385 - DEBUG *** file /home/cubrid/work/cubrid/src/connection/tcp.c, line 1470
The css_peer_alive() is calling.
Time: 11/14/25 16:21:50.390 - DEBUG *** file /home/cubrid/work/cubrid/src/connection/tcp.c, line 1470
The css_peer_alive() is calling.
Time: 11/14/25 16:21:55.395 - DEBUG *** file /home/cubrid/work/cubrid/src/connection/tcp.c, line 1470
The css_peer_alive() is calling.
Time: 11/14/25 16:22:00.400 - DEBUG *** file /home/cubrid/work/cubrid/src/connection/tcp.c, line 1470
The css_peer_alive() is calling.
Time: 11/14/25 16:22:05.405 - DEBUG *** file /home/cubrid/work/cubrid/src/connection/tcp.c, line 1470
The css_peer_alive() is calling.
Time: 11/14/25 16:22:10.410 - DEBUG *** file /home/cubrid/work/cubrid/src/connection/tcp.c, line 1470
The css_peer_alive() is calling.
Time: 11/14/25 16:22:15.414 - DEBUG *** file /home/cubrid/work/cubrid/src/connection/tcp.c, line 1470
The css_peer_alive() is calling.
Time: 11/14/25 16:22:20.419 - DEBUG *** file /home/cubrid/work/cubrid/src/connection/tcp.c, line 1470
The css_peer_alive() is calling.
Time: 11/14/25 16:22:25.424 - DEBUG *** file /home/cubrid/work/cubrid/src/connection/tcp.c, line 1470
The css_peer_alive() is calling.
Time: 11/14/25 16:22:30.429 - DEBUG *** file /home/cubrid/work/cubrid/src/connection/tcp.c, line 1470
The css_peer_alive() is calling.
Time: 11/14/25 16:22:35.435 - DEBUG *** file /home/cubrid/work/cubrid/src/connection/tcp.c, line 1470
The css_peer_alive() is calling.
Time: 11/14/25 16:22:40.440 - DEBUG *** file /home/cubrid/work/cubrid/src/connection/tcp.c, line 1470
The css_peer_alive() is calling.
Time: 11/14/25 16:22:45.445 - DEBUG *** file /home/cubrid/work/cubrid/src/connection/tcp.c, line 1470
The css_peer_alive() is calling.
Time: 11/14/25 16:22:50.450 - DEBUG *** file /home/cubrid/work/cubrid/src/connection/tcp.c, line 1470
The css_peer_alive() is calling.
Time: 11/14/25 16:22:55.455 - DEBUG *** file /home/cubrid/work/cubrid/src/connection/tcp.c, line 1470
The css_peer_alive() is calling.
Time: 11/14/25 16:23:00.460 - DEBUG *** file /home/cubrid/work/cubrid/src/connection/tcp.c, line 1470
The css_peer_alive() is calling.
Time: 11/14/25 16:23:05.464 - DEBUG *** file /home/cubrid/work/cubrid/src/connection/tcp.c, line 1470
The css_peer_alive() is calling.
Time: 11/14/25 16:23:10.469 - DEBUG *** file /home/cubrid/work/cubrid/src/connection/tcp.c, line 1470
The css_peer_alive() is calling.
Time: 11/14/25 16:23:15.474 - DEBUG *** file /home/cubrid/work/cubrid/src/connection/tcp.c, line 1470
The css_peer_alive() is calling.
Time: 11/14/25 16:23:20.479 - DEBUG *** file /home/cubrid/work/cubrid/src/connection/tcp.c, line 1470
The css_peer_alive() is calling.
Time: 11/14/25 16:23:25.484 - DEBUG *** file /home/cubrid/work/cubrid/src/connection/tcp.c, line 1470
The css_peer_alive() is calling.
Time: 11/14/25 16:23:30.489 - DEBUG *** file /home/cubrid/work/cubrid/src/connection/tcp.c, line 1470
The css_peer_alive() is calling.
Time: 11/14/25 16:23:35.494 - DEBUG *** file /home/cubrid/work/cubrid/src/connection/tcp.c, line 1470
The css_peer_alive() is calling.
Time: 11/14/25 16:23:40.498 - DEBUG *** file /home/cubrid/work/cubrid/src/connection/tcp.c, line 1470
The css_peer_alive() is calling.
Time: 11/14/25 16:23:45.502 - DEBUG *** file /home/cubrid/work/cubrid/src/connection/tcp.c, line 1470
The css_peer_alive() is calling.
Time: 11/14/25 16:23:50.507 - DEBUG *** file /home/cubrid/work/cubrid/src/connection/tcp.c, line 1470
The css_peer_alive() is calling.
Time: 11/14/25 16:23:55.512 - DEBUG *** file /home/cubrid/work/cubrid/src/connection/tcp.c, line 1470
The css_peer_alive() is calling.
Time: 11/14/25 16:24:00.517 - DEBUG *** file /home/cubrid/work/cubrid/src/connection/tcp.c, line 1470
The css_peer_alive() is calling.
Time: 11/14/25 16:24:05.523 - DEBUG *** file /home/cubrid/work/cubrid/src/connection/tcp.c, line 1470
The css_peer_alive() is calling.
Time: 11/14/25 16:24:10.527 - DEBUG *** file /home/cubrid/work/cubrid/src/connection/tcp.c, line 1470
The css_peer_alive() is calling.
Time: 11/14/25 16:24:15.530 - DEBUG *** file /home/cubrid/work/cubrid/src/connection/tcp.c, line 1470
The css_peer_alive() is calling.
Time: 11/14/25 16:24:20.536 - DEBUG *** file /home/cubrid/work/cubrid/src/connection/tcp.c, line 1470
The css_peer_alive() is calling.
Time: 11/14/25 16:24:25.541 - DEBUG *** file /home/cubrid/work/cubrid/src/connection/tcp.c, line 1470
The css_peer_alive() is calling.
Time: 11/14/25 16:24:30.546 - DEBUG *** file /home/cubrid/work/cubrid/src/connection/tcp.c, line 1470
The css_peer_alive() is calling.
Time: 11/14/25 16:24:35.549 - DEBUG *** file /home/cubrid/work/cubrid/src/connection/tcp.c, line 1470
The css_peer_alive() is calling.
Time: 11/14/25 16:24:40.554 - DEBUG *** file /home/cubrid/work/cubrid/src/connection/tcp.c, line 1470
The css_peer_alive() is calling.
Time: 11/14/25 16:24:45.559 - DEBUG *** file /home/cubrid/work/cubrid/src/connection/tcp.c, line 1470
The css_peer_alive() is calling.
Time: 11/14/25 16:24:50.561 - DEBUG *** file /home/cubrid/work/cubrid/src/connection/tcp.c, line 1470
The css_peer_alive() is calling.
Time: 11/14/25 16:24:55.565 - DEBUG *** file /home/cubrid/work/cubrid/src/connection/tcp.c, line 1470
The css_peer_alive() is calling.
Time: 11/14/25 16:25:00.570 - DEBUG *** file /home/cubrid/work/cubrid/src/connection/tcp.c, line 1470
The css_peer_alive() is calling.
Time: 11/14/25 16:25:05.576 - DEBUG *** file /home/cubrid/work/cubrid/src/connection/tcp.c, line 1470
The css_peer_alive() is calling.
Time: 11/14/25 16:25:10.580 - DEBUG *** file /home/cubrid/work/cubrid/src/connection/tcp.c, line 1470
The css_peer_alive() is calling.
Time: 11/14/25 16:25:15.585 - DEBUG *** file /home/cubrid/work/cubrid/src/connection/tcp.c, line 1470
The css_peer_alive() is calling.
Time: 11/14/25 16:25:20.590 - DEBUG *** file /home/cubrid/work/cubrid/src/connection/tcp.c, line 1470
The css_peer_alive() is calling.
Time: 11/14/25 16:25:25.596 - DEBUG *** file /home/cubrid/work/cubrid/src/connection/tcp.c, line 1470
The css_peer_alive() is calling.
Time: 11/14/25 16:25:30.601 - DEBUG *** file /home/cubrid/work/cubrid/src/connection/tcp.c, line 1470
The css_peer_alive() is calling.
Time: 11/14/25 16:25:35.606 - DEBUG *** file /home/cubrid/work/cubrid/src/connection/tcp.c, line 1470
The css_peer_alive() is calling.
Time: 11/14/25 16:25:40.611 - DEBUG *** file /home/cubrid/work/cubrid/src/connection/tcp.c, line 1470
The css_peer_alive() is calling.
Time: 11/14/25 16:25:45.616 - DEBUG *** file /home/cubrid/work/cubrid/src/connection/tcp.c, line 1470
The css_peer_alive() is calling.
Time: 11/14/25 16:25:50.621 - DEBUG *** file /home/cubrid/work/cubrid/src/connection/tcp.c, line 1470
The css_peer_alive() is calling.
Time: 11/14/25 16:25:55.626 - DEBUG *** file /home/cubrid/work/cubrid/src/connection/tcp.c, line 1470
The css_peer_alive() is calling.
Time: 11/14/25 16:26:00.631 - DEBUG *** file /home/cubrid/work/cubrid/src/connection/tcp.c, line 1470
The css_peer_alive() is calling.
Time: 11/14/25 16:26:05.636 - DEBUG *** file /home/cubrid/work/cubrid/src/connection/tcp.c, line 1470
The css_peer_alive() is calling.
Time: 11/14/25 16:26:10.641 - DEBUG *** file /home/cubrid/work/cubrid/src/connection/tcp.c, line 1470
The css_peer_alive() is calling.
Time: 11/14/25 16:26:15.644 - DEBUG *** file /home/cubrid/work/cubrid/src/connection/tcp.c, line 1470
The css_peer_alive() is calling.
Time: 11/14/25 16:26:20.645 - DEBUG *** file /home/cubrid/work/cubrid/src/connection/tcp.c, line 1470
The css_peer_alive() is calling.
Time: 11/14/25 16:26:25.646 - DEBUG *** file /home/cubrid/work/cubrid/src/connection/tcp.c, line 1470
The css_peer_alive() is calling.
Time: 11/14/25 16:26:30.651 - DEBUG *** file /home/cubrid/work/cubrid/src/connection/tcp.c, line 1470
The css_peer_alive() is calling.
Time: 11/14/25 16:26:35.656 - DEBUG *** file /home/cubrid/work/cubrid/src/connection/tcp.c, line 1470
The css_peer_alive() is calling.
Time: 11/14/25 16:26:40.661 - DEBUG *** file /home/cubrid/work/cubrid/src/connection/tcp.c, line 1470
The css_peer_alive() is calling.
Time: 11/14/25 16:26:45.666 - DEBUG *** file /home/cubrid/work/cubrid/src/connection/tcp.c, line 1470
The css_peer_alive() is calling.
Time: 11/14/25 16:26:50.669 - DEBUG *** file /home/cubrid/work/cubrid/src/connection/tcp.c, line 1470
The css_peer_alive() is calling.
Time: 11/14/25 16:26:55.674 - DEBUG *** file /home/cubrid/work/cubrid/src/connection/tcp.c, line 1470
The css_peer_alive() is calling.
Time: 11/14/25 16:27:00.679 - DEBUG *** file /home/cubrid/work/cubrid/src/connection/tcp.c, line 1470
The css_peer_alive() is calling.
Time: 11/14/25 16:27:05.684 - DEBUG *** file /home/cubrid/work/cubrid/src/connection/tcp.c, line 1470
The css_peer_alive() is calling.
Time: 11/14/25 16:27:10.689 - DEBUG *** file /home/cubrid/work/cubrid/src/connection/tcp.c, line 1470
The css_peer_alive() is calling.
Time: 11/14/25 16:27:15.694 - DEBUG *** file /home/cubrid/work/cubrid/src/connection/tcp.c, line 1470
The css_peer_alive() is calling.
Time: 11/14/25 16:27:20.695 - DEBUG *** file /home/cubrid/work/cubrid/src/connection/tcp.c, line 1470
The css_peer_alive() is calling.
Time: 11/14/25 16:27:25.698 - DEBUG *** file /home/cubrid/work/cubrid/src/connection/tcp.c, line 1470
The css_peer_alive() is calling.
Time: 11/14/25 16:27:30.702 - DEBUG *** file /home/cubrid/work/cubrid/src/connection/tcp.c, line 1470
The css_peer_alive() is calling.
Time: 11/14/25 16:27:35.707 - DEBUG *** file /home/cubrid/work/cubrid/src/connection/tcp.c, line 1470
The css_peer_alive() is calling.
Time: 11/14/25 16:27:40.712 - DEBUG *** file /home/cubrid/work/cubrid/src/connection/tcp.c, line 1470
The css_peer_alive() is calling.
Time: 11/14/25 16:27:45.718 - DEBUG *** file /home/cubrid/work/cubrid/src/connection/tcp.c, line 1470
The css_peer_alive() is calling.
Time: 11/14/25 16:27:50.723 - DEBUG *** file /home/cubrid/work/cubrid/src/connection/tcp.c, line 1470
The css_peer_alive() is calling.
Time: 11/14/25 16:27:55.728 - DEBUG *** file /home/cubrid/work/cubrid/src/connection/tcp.c, line 1470
The css_peer_alive() is calling.
Time: 11/14/25 16:28:00.733 - DEBUG *** file /home/cubrid/work/cubrid/src/connection/tcp.c, line 1470
The css_peer_alive() is calling.
Time: 11/14/25 16:28:05.738 - DEBUG *** file /home/cubrid/work/cubrid/src/connection/tcp.c, line 1470
The css_peer_alive() is calling.
Time: 11/14/25 16:28:10.742 - DEBUG *** file /home/cubrid/work/cubrid/src/connection/tcp.c, line 1470
The css_peer_alive() is calling.
Time: 11/14/25 16:28:15.747 - DEBUG *** file /home/cubrid/work/cubrid/src/connection/tcp.c, line 1470
The css_peer_alive() is calling.
Time: 11/14/25 16:28:20.747 - DEBUG *** file /home/cubrid/work/cubrid/src/connection/tcp.c, line 1470
The css_peer_alive() is calling.
Time: 11/14/25 16:28:25.749 - DEBUG *** file /home/cubrid/work/cubrid/src/connection/tcp.c, line 1470
The css_peer_alive() is calling.
Time: 11/14/25 16:28:30.754 - DEBUG *** file /home/cubrid/work/cubrid/src/connection/tcp.c, line 1470
The css_peer_alive() is calling.
Time: 11/14/25 16:28:35.759 - DEBUG *** file /home/cubrid/work/cubrid/src/connection/tcp.c, line 1470
The css_peer_alive() is calling.
Time: 11/14/25 16:28:40.764 - DEBUG *** file /home/cubrid/work/cubrid/src/connection/tcp.c, line 1470
The css_peer_alive() is calling.
Time: 11/14/25 16:28:45.769 - DEBUG *** file /home/cubrid/work/cubrid/src/connection/tcp.c, line 1470
The css_peer_alive() is calling.
Time: 11/14/25 16:28:50.772 - DEBUG *** file /home/cubrid/work/cubrid/src/connection/tcp.c, line 1470
The css_peer_alive() is calling.
Time: 11/14/25 16:28:55.772 - DEBUG *** file /home/cubrid/work/cubrid/src/connection/tcp.c, line 1470
The css_peer_alive() is calling.
Time: 11/14/25 16:29:00.777 - DEBUG *** file /home/cubrid/work/cubrid/src/connection/tcp.c, line 1470
The css_peer_alive() is calling.
Time: 11/14/25 16:29:05.778 - DEBUG *** file /home/cubrid/work/cubrid/src/connection/tcp.c, line 1470
The css_peer_alive() is calling.
Time: 11/14/25 16:29:10.783 - DEBUG *** file /home/cubrid/work/cubrid/src/connection/tcp.c, line 1470
The css_peer_alive() is calling.
Time: 11/14/25 16:29:15.788 - DEBUG *** file /home/cubrid/work/cubrid/src/connection/tcp.c, line 1470
The css_peer_alive() is calling.
Time: 11/14/25 16:29:20.793 - DEBUG *** file /home/cubrid/work/cubrid/src/connection/tcp.c, line 1470
The css_peer_alive() is calling.
Time: 11/14/25 16:29:25.798 - DEBUG *** file /home/cubrid/work/cubrid/src/connection/tcp.c, line 1470
The css_peer_alive() is calling.
Time: 11/14/25 16:29:30.803 - DEBUG *** file /home/cubrid/work/cubrid/src/connection/tcp.c, line 1470
The css_peer_alive() is calling.
Time: 11/14/25 16:29:35.808 - DEBUG *** file /home/cubrid/work/cubrid/src/connection/tcp.c, line 1470
The css_peer_alive() is calling.
Time: 11/14/25 16:29:40.813 - DEBUG *** file /home/cubrid/work/cubrid/src/connection/tcp.c, line 1470
The css_peer_alive() is calling.
Time: 11/14/25 16:29:45.819 - DEBUG *** file /home/cubrid/work/cubrid/src/connection/tcp.c, line 1470
The css_peer_alive() is calling.
Time: 11/14/25 16:29:50.824 - DEBUG *** file /home/cubrid/work/cubrid/src/connection/tcp.c, line 1470
The css_peer_alive() is calling.
Time: 11/14/25 16:29:55.827 - DEBUG *** file /home/cubrid/work/cubrid/src/connection/tcp.c, line 1470
The css_peer_alive() is calling.
Time: 11/14/25 16:30:00.832 - DEBUG *** file /home/cubrid/work/cubrid/src/connection/tcp.c, line 1470
The css_peer_alive() is calling.
Time: 11/14/25 16:30:05.837 - DEBUG *** file /home/cubrid/work/cubrid/src/connection/tcp.c, line 1470
The css_peer_alive() is calling.
Time: 11/14/25 16:30:10.843 - DEBUG *** file /home/cubrid/work/cubrid/src/connection/tcp.c, line 1470
The css_peer_alive() is calling.
Time: 11/14/25 16:30:15.848 - DEBUG *** file /home/cubrid/work/cubrid/src/connection/tcp.c, line 1470
The css_peer_alive() is calling.
Time: 11/14/25 16:30:20.853 - DEBUG *** file /home/cubrid/work/cubrid/src/connection/tcp.c, line 1470
The css_peer_alive() is calling.
Time: 11/14/25 16:30:25.858 - DEBUG *** file /home/cubrid/work/cubrid/src/connection/tcp.c, line 1470
The css_peer_alive() is calling.
Time: 11/14/25 16:30:30.863 - DEBUG *** file /home/cubrid/work/cubrid/src/connection/tcp.c, line 1470
The css_peer_alive() is calling.
Time: 11/14/25 16:30:35.868 - DEBUG *** file /home/cubrid/work/cubrid/src/connection/tcp.c, line 1470
The css_peer_alive() is calling.
Time: 11/14/25 16:30:40.874 - DEBUG *** file /home/cubrid/work/cubrid/src/connection/tcp.c, line 1470
The css_peer_alive() is calling.
Time: 11/14/25 16:30:45.879 - DEBUG *** file /home/cubrid/work/cubrid/src/connection/tcp.c, line 1470
The css_peer_alive() is calling.
Time: 11/14/25 16:30:50.884 - DEBUG *** file /home/cubrid/work/cubrid/src/connection/tcp.c, line 1470
The css_peer_alive() is calling.
Time: 11/14/25 16:30:55.884 - DEBUG *** file /home/cubrid/work/cubrid/src/connection/tcp.c, line 1470
The css_peer_alive() is calling.
Time: 11/14/25 16:31:00.887 - DEBUG *** file /home/cubrid/work/cubrid/src/connection/tcp.c, line 1470
The css_peer_alive() is calling.
Time: 11/14/25 16:31:05.892 - DEBUG *** file /home/cubrid/work/cubrid/src/connection/tcp.c, line 1470
The css_peer_alive() is calling.
Time: 11/14/25 16:31:10.894 - DEBUG *** file /home/cubrid/work/cubrid/src/connection/tcp.c, line 1470
The css_peer_alive() is calling.
Time: 11/14/25 16:31:15.899 - DEBUG *** file /home/cubrid/work/cubrid/src/connection/tcp.c, line 1470
The css_peer_alive() is calling.
Time: 11/14/25 16:31:20.904 - DEBUG *** file /home/cubrid/work/cubrid/src/connection/tcp.c, line 1470
The css_peer_alive() is calling.
Time: 11/14/25 16:31:25.909 - DEBUG *** file /home/cubrid/work/cubrid/src/connection/tcp.c, line 1470
The css_peer_alive() is calling.
Time: 11/14/25 16:31:30.914 - DEBUG *** file /home/cubrid/work/cubrid/src/connection/tcp.c, line 1470
The css_peer_alive() is calling.
Time: 11/14/25 16:31:35.917 - DEBUG *** file /home/cubrid/work/cubrid/src/connection/tcp.c, line 1470
The css_peer_alive() is calling.
Time: 11/14/25 16:31:40.919 - DEBUG *** file /home/cubrid/work/cubrid/src/connection/tcp.c, line 1470
The css_peer_alive() is calling.
Time: 11/14/25 16:31:45.920 - DEBUG *** file /home/cubrid/work/cubrid/src/connection/tcp.c, line 1470
The css_peer_alive() is calling.
Time: 11/14/25 16:31:50.921 - DEBUG *** file /home/cubrid/work/cubrid/src/connection/tcp.c, line 1470
The css_peer_alive() is calling.
Time: 11/14/25 16:31:55.924 - DEBUG *** file /home/cubrid/work/cubrid/src/connection/tcp.c, line 1470
The css_peer_alive() is calling.
Time: 11/14/25 16:32:00.929 - DEBUG *** file /home/cubrid/work/cubrid/src/connection/tcp.c, line 1470
The css_peer_alive() is calling.
Time: 11/14/25 16:32:05.933 - DEBUG *** file /home/cubrid/work/cubrid/src/connection/tcp.c, line 1470
The css_peer_alive() is calling.
Time: 11/14/25 16:32:10.935 - DEBUG *** file /home/cubrid/work/cubrid/src/connection/tcp.c, line 1470
The css_peer_alive() is calling.
Time: 11/14/25 16:32:15.939 - DEBUG *** file /home/cubrid/work/cubrid/src/connection/tcp.c, line 1470
The css_peer_alive() is calling.
Time: 11/14/25 16:32:20.944 - DEBUG *** file /home/cubrid/work/cubrid/src/connection/tcp.c, line 1470
The css_peer_alive() is calling.
Time: 11/14/25 16:32:25.950 - DEBUG *** file /home/cubrid/work/cubrid/src/connection/tcp.c, line 1470
The css_peer_alive() is calling.
Time: 11/14/25 16:32:30.955 - DEBUG *** file /home/cubrid/work/cubrid/src/connection/tcp.c, line 1470
The css_peer_alive() is calling.
Time: 11/14/25 16:32:35.960 - DEBUG *** file /home/cubrid/work/cubrid/src/connection/tcp.c, line 1470
The css_peer_alive() is calling.
Time: 11/14/25 16:32:40.965 - DEBUG *** file /home/cubrid/work/cubrid/src/connection/tcp.c, line 1470
The css_peer_alive() is calling.
Time: 11/14/25 16:32:45.970 - DEBUG *** file /home/cubrid/work/cubrid/src/connection/tcp.c, line 1470
The css_peer_alive() is calling.
Time: 11/14/25 16:32:50.975 - DEBUG *** file /home/cubrid/work/cubrid/src/connection/tcp.c, line 1470
The css_peer_alive() is calling.
Time: 11/14/25 16:32:55.979 - DEBUG *** file /home/cubrid/work/cubrid/src/connection/tcp.c, line 1470
The css_peer_alive() is calling.
Time: 11/14/25 16:33:00.982 - DEBUG *** file /home/cubrid/work/cubrid/src/connection/tcp.c, line 1470
The css_peer_alive() is calling.
Time: 11/14/25 16:33:05.984 - DEBUG *** file /home/cubrid/work/cubrid/src/connection/tcp.c, line 1470
The css_peer_alive() is calling.
Time: 11/14/25 16:33:10.986 - DEBUG *** file /home/cubrid/work/cubrid/src/connection/tcp.c, line 1470
The css_peer_alive() is calling.
Time: 11/14/25 16:33:15.989 - DEBUG *** file /home/cubrid/work/cubrid/src/connection/tcp.c, line 1470
The css_peer_alive() is calling.
Time: 11/14/25 16:33:20.992 - DEBUG *** file /home/cubrid/work/cubrid/src/connection/tcp.c, line 1470
The css_peer_alive() is calling.
Time: 11/14/25 16:33:25.995 - DEBUG *** file /home/cubrid/work/cubrid/src/connection/tcp.c, line 1470
The css_peer_alive() is calling.
Time: 11/14/25 16:33:30.001 - DEBUG *** file /home/cubrid/work/cubrid/src/connection/tcp.c, line 1470
The css_peer_alive() is calling.
Time: 11/14/25 16:33:36.006 - DEBUG *** file /home/cubrid/work/cubrid/src/connection/tcp.c, line 1470
The css_peer_alive() is calling.
Time: 11/14/25 16:33:41.011 - DEBUG *** file /home/cubrid/work/cubrid/src/connection/tcp.c, line 1470
The css_peer_alive() is calling.
Time: 11/14/25 16:33:46.016 - DEBUG *** file /home/cubrid/work/cubrid/src/connection/tcp.c, line 1470
The css_peer_alive() is calling.
Time: 11/14/25 16:33:51.020 - DEBUG *** file /home/cubrid/work/cubrid/src/connection/tcp.c, line 1470
The css_peer_alive() is calling.
Time: 11/14/25 16:33:56.025 - DEBUG *** file /home/cubrid/work/cubrid/src/connection/tcp.c, line 1470
The css_peer_alive() is calling.
Time: 11/14/25 16:34:01.030 - DEBUG *** file /home/cubrid/work/cubrid/src/connection/tcp.c, line 1470
The css_peer_alive() is calling.
Time: 11/14/25 16:34:06.035 - DEBUG *** file /home/cubrid/work/cubrid/src/connection/tcp.c, line 1470
The css_peer_alive() is calling.
Time: 11/14/25 16:34:11.038 - DEBUG *** file /home/cubrid/work/cubrid/src/connection/tcp.c, line 1470
The css_peer_alive() is calling.
Time: 11/14/25 16:34:16.039 - DEBUG *** file /home/cubrid/work/cubrid/src/connection/tcp.c, line 1470
The css_peer_alive() is calling.
Time: 11/14/25 16:34:21.044 - DEBUG *** file /home/cubrid/work/cubrid/src/connection/tcp.c, line 1470
The css_peer_alive() is calling.
Time: 11/14/25 16:34:26.049 - DEBUG *** file /home/cubrid/work/cubrid/src/connection/tcp.c, line 1470
The css_peer_alive() is calling.
Time: 11/14/25 16:34:31.054 - DEBUG *** file /home/cubrid/work/cubrid/src/connection/tcp.c, line 1470
The css_peer_alive() is calling.
Time: 11/14/25 16:34:36.059 - DEBUG *** file /home/cubrid/work/cubrid/src/connection/tcp.c, line 1470
The css_peer_alive() is calling.
Time: 11/14/25 16:34:41.063 - DEBUG *** file /home/cubrid/work/cubrid/src/connection/tcp.c, line 1470
The css_peer_alive() is calling.
Time: 11/14/25 16:34:46.067 - DEBUG *** file /home/cubrid/work/cubrid/src/connection/tcp.c, line 1470
The css_peer_alive() is calling.
Time: 11/14/25 16:34:51.069 - DEBUG *** file /home/cubrid/work/cubrid/src/connection/tcp.c, line 1470
The css_peer_alive() is calling.
Time: 11/14/25 16:34:56.075 - DEBUG *** file /home/cubrid/work/cubrid/src/connection/tcp.c, line 1470
The css_peer_alive() is calling.
Time: 11/14/25 16:35:01.080 - DEBUG *** file /home/cubrid/work/cubrid/src/connection/tcp.c, line 1470
The css_peer_alive() is calling.
Time: 11/14/25 16:35:06.080 - DEBUG *** file /home/cubrid/work/cubrid/src/connection/tcp.c, line 1470
The css_peer_alive() is calling.
Time: 11/14/25 16:35:11.084 - DEBUG *** file /home/cubrid/work/cubrid/src/connection/tcp.c, line 1470
The css_peer_alive() is calling.
Time: 11/14/25 16:35:16.090 - DEBUG *** file /home/cubrid/work/cubrid/src/connection/tcp.c, line 1470
The css_peer_alive() is calling.
Time: 11/14/25 16:35:21.095 - DEBUG *** file /home/cubrid/work/cubrid/src/connection/tcp.c, line 1470
The css_peer_alive() is calling.
Time: 11/14/25 16:35:26.095 - DEBUG *** file /home/cubrid/work/cubrid/src/connection/tcp.c, line 1470
The css_peer_alive() is calling.
Time: 11/14/25 16:35:31.101 - DEBUG *** file /home/cubrid/work/cubrid/src/connection/tcp.c, line 1470
The css_peer_alive() is calling.
Time: 11/14/25 16:35:36.104 - DEBUG *** file /home/cubrid/work/cubrid/src/connection/tcp.c, line 1470
The css_peer_alive() is calling.
Time: 11/14/25 16:35:41.108 - DEBUG *** file /home/cubrid/work/cubrid/src/connection/tcp.c, line 1470
The css_peer_alive() is calling.
Time: 11/14/25 16:35:46.113 - DEBUG *** file /home/cubrid/work/cubrid/src/connection/tcp.c, line 1470
The css_peer_alive() is calling.
Time: 11/14/25 16:35:51.113 - DEBUG *** file /home/cubrid/work/cubrid/src/connection/tcp.c, line 1470
The css_peer_alive() is calling.
Time: 11/14/25 16:35:56.118 - DEBUG *** file /home/cubrid/work/cubrid/src/connection/tcp.c, line 1470
The css_peer_alive() is calling.
Time: 11/14/25 16:36:01.122 - DEBUG *** file /home/cubrid/work/cubrid/src/connection/tcp.c, line 1470
The css_peer_alive() is calling.
Time: 11/14/25 16:36:06.127 - DEBUG *** file /home/cubrid/work/cubrid/src/connection/tcp.c, line 1470
The css_peer_alive() is calling.
Time: 11/14/25 16:36:11.133 - DEBUG *** file /home/cubrid/work/cubrid/src/connection/tcp.c, line 1470
The css_peer_alive() is calling.
Time: 11/14/25 16:36:16.138 - DEBUG *** file /home/cubrid/work/cubrid/src/connection/tcp.c, line 1470
The css_peer_alive() is calling.
Time: 11/14/25 16:36:21.142 - DEBUG *** file /home/cubrid/work/cubrid/src/connection/tcp.c, line 1470
The css_peer_alive() is calling.
Time: 11/14/25 16:36:26.147 - DEBUG *** file /home/cubrid/work/cubrid/src/connection/tcp.c, line 1470
The css_peer_alive() is calling.
Time: 11/14/25 16:36:31.148 - DEBUG *** file /home/cubrid/work/cubrid/src/connection/tcp.c, line 1470
The css_peer_alive() is calling.
Time: 11/14/25 16:36:36.153 - DEBUG *** file /home/cubrid/work/cubrid/src/connection/tcp.c, line 1470
The css_peer_alive() is calling.
Time: 11/14/25 16:36:41.158 - DEBUG *** file /home/cubrid/work/cubrid/src/connection/tcp.c, line 1470
The css_peer_alive() is calling.
Time: 11/14/25 16:36:46.160 - DEBUG *** file /home/cubrid/work/cubrid/src/connection/tcp.c, line 1470
The css_peer_alive() is calling.
Time: 11/14/25 16:36:51.161 - DEBUG *** file /home/cubrid/work/cubrid/src/connection/tcp.c, line 1470
The css_peer_alive() is calling.
Time: 11/14/25 16:36:56.166 - DEBUG *** file /home/cubrid/work/cubrid/src/connection/tcp.c, line 1470
The css_peer_alive() is calling.
Time: 11/14/25 16:37:01.171 - DEBUG *** file /home/cubrid/work/cubrid/src/connection/tcp.c, line 1470
The css_peer_alive() is calling.
Time: 11/14/25 16:37:06.176 - DEBUG *** file /home/cubrid/work/cubrid/src/connection/tcp.c, line 1470
The css_peer_alive() is calling.
Time: 11/14/25 16:37:11.177 - DEBUG *** file /home/cubrid/work/cubrid/src/connection/tcp.c, line 1470
The css_peer_alive() is calling.
Time: 11/14/25 16:37:16.180 - DEBUG *** file /home/cubrid/work/cubrid/src/connection/tcp.c, line 1470
The css_peer_alive() is calling.
Time: 11/14/25 16:37:21.185 - DEBUG *** file /home/cubrid/work/cubrid/src/connection/tcp.c, line 1470
The css_peer_alive() is calling.
Time: 11/14/25 16:37:26.190 - DEBUG *** file /home/cubrid/work/cubrid/src/connection/tcp.c, line 1470
The css_peer_alive() is calling.
Time: 11/14/25 16:37:31.190 - DEBUG *** file /home/cubrid/work/cubrid/src/connection/tcp.c, line 1470
The css_peer_alive() is calling.
Time: 11/14/25 16:37:36.192 - DEBUG *** file /home/cubrid/work/cubrid/src/connection/tcp.c, line 1470
The css_peer_alive() is calling.
Time: 11/14/25 16:37:41.192 - DEBUG *** file /home/cubrid/work/cubrid/src/connection/tcp.c, line 1470
The css_peer_alive() is calling.
Time: 11/14/25 16:37:46.195 - DEBUG *** file /home/cubrid/work/cubrid/src/connection/tcp.c, line 1470
The css_peer_alive() is calling.
Time: 11/14/25 16:37:51.197 - DEBUG *** file /home/cubrid/work/cubrid/src/connection/tcp.c, line 1470
The css_peer_alive() is calling.
Time: 11/14/25 16:37:56.198 - DEBUG *** file /home/cubrid/work/cubrid/src/connection/tcp.c, line 1470
The css_peer_alive() is calling.
Time: 11/14/25 16:38:01.203 - DEBUG *** file /home/cubrid/work/cubrid/src/connection/tcp.c, line 1470
The css_peer_alive() is calling.
Time: 11/14/25 16:38:06.208 - DEBUG *** file /home/cubrid/work/cubrid/src/connection/tcp.c, line 1470
The css_peer_alive() is calling.
Time: 11/14/25 16:38:11.214 - DEBUG *** file /home/cubrid/work/cubrid/src/connection/tcp.c, line 1470
The css_peer_alive() is calling.
Time: 11/14/25 16:38:16.217 - DEBUG *** file /home/cubrid/work/cubrid/src/connection/tcp.c, line 1470
The css_peer_alive() is calling.
Time: 11/14/25 16:38:21.219 - DEBUG *** file /home/cubrid/work/cubrid/src/connection/tcp.c, line 1470
The css_peer_alive() is calling.
Time: 11/14/25 16:38:26.224 - DEBUG *** file /home/cubrid/work/cubrid/src/connection/tcp.c, line 1470
The css_peer_alive() is calling.
Time: 11/14/25 16:38:31.225 - DEBUG *** file /home/cubrid/work/cubrid/src/connection/tcp.c, line 1470
The css_peer_alive() is calling.
Time: 11/14/25 16:38:36.229 - DEBUG *** file /home/cubrid/work/cubrid/src/connection/tcp.c, line 1470
The css_peer_alive() is calling.
Time: 11/14/25 16:38:41.230 - DEBUG *** file /home/cubrid/work/cubrid/src/connection/tcp.c, line 1470
The css_peer_alive() is calling.
Time: 11/14/25 16:38:46.230 - DEBUG *** file /home/cubrid/work/cubrid/src/connection/tcp.c, line 1470
The css_peer_alive() is calling.
Time: 11/14/25 16:38:51.235 - DEBUG *** file /home/cubrid/work/cubrid/src/connection/tcp.c, line 1470
The css_peer_alive() is calling.
Time: 11/14/25 16:38:56.236 - DEBUG *** file /home/cubrid/work/cubrid/src/connection/tcp.c, line 1470
The css_peer_alive() is calling.
Time: 11/14/25 16:39:01.241 - DEBUG *** file /home/cubrid/work/cubrid/src/connection/tcp.c, line 1470
The css_peer_alive() is calling.
Time: 11/14/25 16:39:06.245 - DEBUG *** file /home/cubrid/work/cubrid/src/connection/tcp.c, line 1470
The css_peer_alive() is calling.
Time: 11/14/25 16:39:11.247 - DEBUG *** file /home/cubrid/work/cubrid/src/connection/tcp.c, line 1470
The css_peer_alive() is calling.
Time: 11/14/25 16:39:16.252 - DEBUG *** file /home/cubrid/work/cubrid/src/connection/tcp.c, line 1470
The css_peer_alive() is calling.
Time: 11/14/25 16:39:21.254 - DEBUG *** file /home/cubrid/work/cubrid/src/connection/tcp.c, line 1470
The css_peer_alive() is calling.
Time: 11/14/25 16:39:26.256 - DEBUG *** file /home/cubrid/work/cubrid/src/connection/tcp.c, line 1470
The css_peer_alive() is calling.
Time: 11/14/25 16:39:31.261 - DEBUG *** file /home/cubrid/work/cubrid/src/connection/tcp.c, line 1470
The css_peer_alive() is calling.
Time: 11/14/25 16:39:36.266 - DEBUG *** file /home/cubrid/work/cubrid/src/connection/tcp.c, line 1470
The css_peer_alive() is calling.
Time: 11/14/25 16:39:41.267 - DEBUG *** file /home/cubrid/work/cubrid/src/connection/tcp.c, line 1470
The css_peer_alive() is calling.
Time: 11/14/25 16:39:46.271 - DEBUG *** file /home/cubrid/work/cubrid/src/connection/tcp.c, line 1470
The css_peer_alive() is calling.
Time: 11/14/25 16:39:51.272 - DEBUG *** file /home/cubrid/work/cubrid/src/connection/tcp.c, line 1470
The css_peer_alive() is calling.
Time: 11/14/25 16:39:56.274 - DEBUG *** file /home/cubrid/work/cubrid/src/connection/tcp.c, line 1470
The css_peer_alive() is calling.
Time: 11/14/25 16:40:01.278 - DEBUG *** file /home/cubrid/work/cubrid/src/connection/tcp.c, line 1470
The css_peer_alive() is calling.
Time: 11/14/25 16:40:06.283 - DEBUG *** file /home/cubrid/work/cubrid/src/connection/tcp.c, line 1470
The css_peer_alive() is calling.
Time: 11/14/25 16:40:11.283 - DEBUG *** file /home/cubrid/work/cubrid/src/connection/tcp.c, line 1470
The css_peer_alive() is calling.
Time: 11/14/25 16:40:16.283 - DEBUG *** file /home/cubrid/work/cubrid/src/connection/tcp.c, line 1470
The css_peer_alive() is calling.
Time: 11/14/25 16:40:21.284 - DEBUG *** file /home/cubrid/work/cubrid/src/connection/tcp.c, line 1470
The css_peer_alive() is calling.
Time: 11/14/25 16:40:26.289 - DEBUG *** file /home/cubrid/work/cubrid/src/connection/tcp.c, line 1470
The css_peer_alive() is calling.
Time: 11/14/25 16:40:31.294 - DEBUG *** file /home/cubrid/work/cubrid/src/connection/tcp.c, line 1470
The css_peer_alive() is calling.
Time: 11/14/25 16:40:36.296 - DEBUG *** file /home/cubrid/work/cubrid/src/connection/tcp.c, line 1470
The css_peer_alive() is calling.
Time: 11/14/25 16:40:41.301 - DEBUG *** file /home/cubrid/work/cubrid/src/connection/tcp.c, line 1470
The css_peer_alive() is calling.
Time: 11/14/25 16:40:46.305 - DEBUG *** file /home/cubrid/work/cubrid/src/connection/tcp.c, line 1470
The css_peer_alive() is calling.
Time: 11/14/25 16:40:51.307 - DEBUG *** file /home/cubrid/work/cubrid/src/connection/tcp.c, line 1470
The css_peer_alive() is calling.
Time: 11/14/25 16:40:56.313 - DEBUG *** file /home/cubrid/work/cubrid/src/connection/tcp.c, line 1470
The css_peer_alive() is calling.
Time: 11/14/25 16:41:01.317 - DEBUG *** file /home/cubrid/work/cubrid/src/connection/tcp.c, line 1470
The css_peer_alive() is calling.
Time: 11/14/25 16:41:06.317 - DEBUG *** file /home/cubrid/work/cubrid/src/connection/tcp.c, line 1470
The css_peer_alive() is calling.
Time: 11/14/25 16:41:11.322 - DEBUG *** file /home/cubrid/work/cubrid/src/connection/tcp.c, line 1470
The css_peer_alive() is calling.
Time: 11/14/25 16:41:16.326 - DEBUG *** file /home/cubrid/work/cubrid/src/connection/tcp.c, line 1470
The css_peer_alive() is calling.
Time: 11/14/25 16:41:21.332 - DEBUG *** file /home/cubrid/work/cubrid/src/connection/tcp.c, line 1470
The css_peer_alive() is calling.
Time: 11/14/25 16:41:26.337 - DEBUG *** file /home/cubrid/work/cubrid/src/connection/tcp.c, line 1470
The css_peer_alive() is calling.
Time: 11/14/25 16:41:31.342 - DEBUG *** file /home/cubrid/work/cubrid/src/connection/tcp.c, line 1470
The css_peer_alive() is calling.
Time: 11/14/25 16:41:36.345 - DEBUG *** file /home/cubrid/work/cubrid/src/connection/tcp.c, line 1470
The css_peer_alive() is calling.
Time: 11/14/25 16:41:41.349 - DEBUG *** file /home/cubrid/work/cubrid/src/connection/tcp.c, line 1470
The css_peer_alive() is calling.
Time: 11/14/25 16:41:46.354 - DEBUG *** file /home/cubrid/work/cubrid/src/connection/tcp.c, line 1470
The css_peer_alive() is calling.
Time: 11/14/25 16:41:51.356 - DEBUG *** file /home/cubrid/work/cubrid/src/connection/tcp.c, line 1470
The css_peer_alive() is calling.
Time: 11/14/25 16:41:56.361 - DEBUG *** file /home/cubrid/work/cubrid/src/connection/tcp.c, line 1470
The css_peer_alive() is calling.
Time: 11/14/25 16:42:01.366 - DEBUG *** file /home/cubrid/work/cubrid/src/connection/tcp.c, line 1470
The css_peer_alive() is calling.
Time: 11/14/25 16:42:06.371 - DEBUG *** file /home/cubrid/work/cubrid/src/connection/tcp.c, line 1470
The css_peer_alive() is calling.
Time: 11/14/25 16:42:11.374 - DEBUG *** file /home/cubrid/work/cubrid/src/connection/tcp.c, line 1470
The css_peer_alive() is calling.
Time: 11/14/25 16:42:16.379 - DEBUG *** file /home/cubrid/work/cubrid/src/connection/tcp.c, line 1470
The css_peer_alive() is calling.
Time: 11/14/25 16:42:21.384 - DEBUG *** file /home/cubrid/work/cubrid/src/connection/tcp.c, line 1470
The css_peer_alive() is calling.
Time: 11/14/25 16:42:26.389 - DEBUG *** file /home/cubrid/work/cubrid/src/connection/tcp.c, line 1470
The css_peer_alive() is calling.
Time: 11/14/25 16:42:31.391 - DEBUG *** file /home/cubrid/work/cubrid/src/connection/tcp.c, line 1470
The css_peer_alive() is calling.
Time: 11/14/25 16:42:36.396 - DEBUG *** file /home/cubrid/work/cubrid/src/connection/tcp.c, line 1470
The css_peer_alive() is calling.
Time: 11/14/25 16:42:41.396 - DEBUG *** file /home/cubrid/work/cubrid/src/connection/tcp.c, line 1470
The css_peer_alive() is calling.
Time: 11/14/25 16:42:46.401 - DEBUG *** file /home/cubrid/work/cubrid/src/connection/tcp.c, line 1470
The css_peer_alive() is calling.
Time: 11/14/25 16:42:51.406 - DEBUG *** file /home/cubrid/work/cubrid/src/connection/tcp.c, line 1470
The css_peer_alive() is calling.
Time: 11/14/25 16:42:56.409 - DEBUG *** file /home/cubrid/work/cubrid/src/connection/tcp.c, line 1470
The css_peer_alive() is calling.
Time: 11/14/25 16:43:01.414 - DEBUG *** file /home/cubrid/work/cubrid/src/connection/tcp.c, line 1470
The css_peer_alive() is calling.
Time: 11/14/25 16:43:06.419 - DEBUG *** file /home/cubrid/work/cubrid/src/connection/tcp.c, line 1470
The css_peer_alive() is calling.
Time: 11/14/25 16:43:11.424 - DEBUG *** file /home/cubrid/work/cubrid/src/connection/tcp.c, line 1470
The css_peer_alive() is calling.
Time: 11/14/25 16:43:16.429 - DEBUG *** file /home/cubrid/work/cubrid/src/connection/tcp.c, line 1470
The css_peer_alive() is calling.
Time: 11/14/25 16:43:21.434 - DEBUG *** file /home/cubrid/work/cubrid/src/connection/tcp.c, line 1470
The css_peer_alive() is calling.
Time: 11/14/25 16:43:26.439 - DEBUG *** file /home/cubrid/work/cubrid/src/connection/tcp.c, line 1470
The css_peer_alive() is calling.
Time: 11/14/25 16:43:31.445 - DEBUG *** file /home/cubrid/work/cubrid/src/connection/tcp.c, line 1470
The css_peer_alive() is calling.
Time: 11/14/25 16:43:36.446 - DEBUG *** file /home/cubrid/work/cubrid/src/connection/tcp.c, line 1470
The css_peer_alive() is calling.
Time: 11/14/25 16:43:41.451 - DEBUG *** file /home/cubrid/work/cubrid/src/connection/tcp.c, line 1470
The css_peer_alive() is calling.
Time: 11/14/25 16:43:46.455 - DEBUG *** file /home/cubrid/work/cubrid/src/connection/tcp.c, line 1470
The css_peer_alive() is calling.
Time: 11/14/25 16:43:51.460 - DEBUG *** file /home/cubrid/work/cubrid/src/connection/tcp.c, line 1470
The css_peer_alive() is calling.
Time: 11/14/25 16:43:56.462 - DEBUG *** file /home/cubrid/work/cubrid/src/connection/tcp.c, line 1470
The css_peer_alive() is calling.
Time: 11/14/25 16:44:01.467 - DEBUG *** file /home/cubrid/work/cubrid/src/connection/tcp.c, line 1470
The css_peer_alive() is calling.
Time: 11/14/25 16:44:06.472 - DEBUG *** file /home/cubrid/work/cubrid/src/connection/tcp.c, line 1470
The css_peer_alive() is calling.
Time: 11/14/25 16:44:11.477 - DEBUG *** file /home/cubrid/work/cubrid/src/connection/tcp.c, line 1470
The css_peer_alive() is calling.
Time: 11/14/25 16:44:16.479 - DEBUG *** file /home/cubrid/work/cubrid/src/connection/tcp.c, line 1470
The css_peer_alive() is calling.
Time: 11/14/25 16:44:21.484 - DEBUG *** file /home/cubrid/work/cubrid/src/connection/tcp.c, line 1470
The css_peer_alive() is calling.
Time: 11/14/25 16:44:26.489 - DEBUG *** file /home/cubrid/work/cubrid/src/connection/tcp.c, line 1470
The css_peer_alive() is calling.
Time: 11/14/25 16:44:31.494 - DEBUG *** file /home/cubrid/work/cubrid/src/connection/tcp.c, line 1470
The css_peer_alive() is calling.
Time: 11/14/25 16:44:36.499 - DEBUG *** file /home/cubrid/work/cubrid/src/connection/tcp.c, line 1470
The css_peer_alive() is calling.
Time: 11/14/25 16:44:41.500 - DEBUG *** file /home/cubrid/work/cubrid/src/connection/tcp.c, line 1470
The css_peer_alive() is calling.
Time: 11/14/25 16:44:46.505 - DEBUG *** file /home/cubrid/work/cubrid/src/connection/tcp.c, line 1470
The css_peer_alive() is calling.
Time: 11/14/25 16:44:51.510 - DEBUG *** file /home/cubrid/work/cubrid/src/connection/tcp.c, line 1470
The css_peer_alive() is calling.
Time: 11/14/25 16:44:56.515 - DEBUG *** file /home/cubrid/work/cubrid/src/connection/tcp.c, line 1470
The css_peer_alive() is calling.
Time: 11/14/25 16:45:01.520 - DEBUG *** file /home/cubrid/work/cubrid/src/connection/tcp.c, line 1470
The css_peer_alive() is calling.
Time: 11/14/25 16:45:06.525 - DEBUG *** file /home/cubrid/work/cubrid/src/connection/tcp.c, line 1470
The css_peer_alive() is calling.
Time: 11/14/25 16:45:11.530 - DEBUG *** file /home/cubrid/work/cubrid/src/connection/tcp.c, line 1470
The css_peer_alive() is calling.
Time: 11/14/25 16:45:16.535 - DEBUG *** file /home/cubrid/work/cubrid/src/connection/tcp.c, line 1470
The css_peer_alive() is calling.
Time: 11/14/25 16:45:21.540 - DEBUG *** file /home/cubrid/work/cubrid/src/connection/tcp.c, line 1470
The css_peer_alive() is calling.
Time: 11/14/25 16:45:26.546 - DEBUG *** file /home/cubrid/work/cubrid/src/connection/tcp.c, line 1470
The css_peer_alive() is calling.
Time: 11/14/25 16:45:31.551 - DEBUG *** file /home/cubrid/work/cubrid/src/connection/tcp.c, line 1470
The css_peer_alive() is calling.
Time: 11/14/25 16:45:36.556 - DEBUG *** file /home/cubrid/work/cubrid/src/connection/tcp.c, line 1470
The css_peer_alive() is calling.
Time: 11/14/25 16:45:41.561 - DEBUG *** file /home/cubrid/work/cubrid/src/connection/tcp.c, line 1470
The css_peer_alive() is calling.
Time: 11/14/25 16:45:46.562 - DEBUG *** file /home/cubrid/work/cubrid/src/connection/tcp.c, line 1470
The css_peer_alive() is calling.
Time: 11/14/25 16:45:51.567 - DEBUG *** file /home/cubrid/work/cubrid/src/connection/tcp.c, line 1470
The css_peer_alive() is calling.
Time: 11/14/25 16:45:56.569 - DEBUG *** file /home/cubrid/work/cubrid/src/connection/tcp.c, line 1470
The css_peer_alive() is calling.
Time: 11/14/25 16:46:01.574 - DEBUG *** file /home/cubrid/work/cubrid/src/connection/tcp.c, line 1470
The css_peer_alive() is calling.
Time: 11/14/25 16:46:06.579 - DEBUG *** file /home/cubrid/work/cubrid/src/connection/tcp.c, line 1470
The css_peer_alive() is calling.
Time: 11/14/25 16:46:11.583 - DEBUG *** file /home/cubrid/work/cubrid/src/connection/tcp.c, line 1470
The css_peer_alive() is calling.
Time: 11/14/25 16:46:16.588 - DEBUG *** file /home/cubrid/work/cubrid/src/connection/tcp.c, line 1470
The css_peer_alive() is calling.
Time: 11/14/25 16:46:21.594 - DEBUG *** file /home/cubrid/work/cubrid/src/connection/tcp.c, line 1470
The css_peer_alive() is calling.
Time: 11/14/25 16:46:26.599 - DEBUG *** file /home/cubrid/work/cubrid/src/connection/tcp.c, line 1470
The css_peer_alive() is calling.
Time: 11/14/25 16:46:31.601 - DEBUG *** file /home/cubrid/work/cubrid/src/connection/tcp.c, line 1470
The css_peer_alive() is calling.
Time: 11/14/25 16:46:36.606 - DEBUG *** file /home/cubrid/work/cubrid/src/connection/tcp.c, line 1470
The css_peer_alive() is calling.
Time: 11/14/25 16:46:41.612 - DEBUG *** file /home/cubrid/work/cubrid/src/connection/tcp.c, line 1470
The css_peer_alive() is calling.
Time: 11/14/25 16:46:46.616 - DEBUG *** file /home/cubrid/work/cubrid/src/connection/tcp.c, line 1470
The css_peer_alive() is calling.
Time: 11/14/25 16:46:51.621 - DEBUG *** file /home/cubrid/work/cubrid/src/connection/tcp.c, line 1470
The css_peer_alive() is calling.
Time: 11/14/25 16:46:56.626 - DEBUG *** file /home/cubrid/work/cubrid/src/connection/tcp.c, line 1470
The css_peer_alive() is calling.
Time: 11/14/25 16:47:01.629 - DEBUG *** file /home/cubrid/work/cubrid/src/connection/tcp.c, line 1470
The css_peer_alive() is calling.
Time: 11/14/25 16:47:06.631 - DEBUG *** file /home/cubrid/work/cubrid/src/connection/tcp.c, line 1470
The css_peer_alive() is calling.
Time: 11/14/25 16:47:11.631 - DEBUG *** file /home/cubrid/work/cubrid/src/connection/tcp.c, line 1470
The css_peer_alive() is calling.
Time: 11/14/25 16:47:16.636 - DEBUG *** file /home/cubrid/work/cubrid/src/connection/tcp.c, line 1470
The css_peer_alive() is calling.
Time: 11/14/25 16:47:21.641 - DEBUG *** file /home/cubrid/work/cubrid/src/connection/tcp.c, line 1470
The css_peer_alive() is calling.
Time: 11/14/25 16:47:26.647 - DEBUG *** file /home/cubrid/work/cubrid/src/connection/tcp.c, line 1470
The css_peer_alive() is calling.
Time: 11/14/25 16:47:31.652 - DEBUG *** file /home/cubrid/work/cubrid/src/connection/tcp.c, line 1470
The css_peer_alive() is calling.
Time: 11/14/25 16:47:36.653 - DEBUG *** file /home/cubrid/work/cubrid/src/connection/tcp.c, line 1470
The css_peer_alive() is calling.
Time: 11/14/25 16:47:41.655 - DEBUG *** file /home/cubrid/work/cubrid/src/connection/tcp.c, line 1470
The css_peer_alive() is calling.
Time: 11/14/25 16:47:46.660 - DEBUG *** file /home/cubrid/work/cubrid/src/connection/tcp.c, line 1470
The css_peer_alive() is calling.
Time: 11/14/25 16:47:51.665 - DEBUG *** file /home/cubrid/work/cubrid/src/connection/tcp.c, line 1470
The css_peer_alive() is calling.
Time: 11/14/25 16:47:56.666 - DEBUG *** file /home/cubrid/work/cubrid/src/connection/tcp.c, line 1470
The css_peer_alive() is calling.
Time: 11/14/25 16:48:01.668 - DEBUG *** file /home/cubrid/work/cubrid/src/connection/tcp.c, line 1470
The css_peer_alive() is calling.
Time: 11/14/25 16:48:06.669 - DEBUG *** file /home/cubrid/work/cubrid/src/connection/tcp.c, line 1470
The css_peer_alive() is calling.
Time: 11/14/25 16:48:11.672 - DEBUG *** file /home/cubrid/work/cubrid/src/connection/tcp.c, line 1470
The css_peer_alive() is calling.
Time: 11/14/25 16:48:16.675 - DEBUG *** file /home/cubrid/work/cubrid/src/connection/tcp.c, line 1470
The css_peer_alive() is calling.
Time: 11/14/25 16:48:21.680 - DEBUG *** file /home/cubrid/work/cubrid/src/connection/tcp.c, line 1470
The css_peer_alive() is calling.
Time: 11/14/25 16:48:26.684 - DEBUG *** file /home/cubrid/work/cubrid/src/connection/tcp.c, line 1470
The css_peer_alive() is calling.
Time: 11/14/25 16:48:31.685 - DEBUG *** file /home/cubrid/work/cubrid/src/connection/tcp.c, line 1470
The css_peer_alive() is calling.
Time: 11/14/25 16:48:36.687 - DEBUG *** file /home/cubrid/work/cubrid/src/connection/tcp.c, line 1470
The css_peer_alive() is calling.
Time: 11/14/25 16:48:41.688 - DEBUG *** file /home/cubrid/work/cubrid/src/connection/tcp.c, line 1470
The css_peer_alive() is calling.
Time: 11/14/25 16:48:46.692 - DEBUG *** file /home/cubrid/work/cubrid/src/connection/tcp.c, line 1470
The css_peer_alive() is calling.
Time: 11/14/25 16:48:51.695 - DEBUG *** file /home/cubrid/work/cubrid/src/connection/tcp.c, line 1470
The css_peer_alive() is calling.
Time: 11/14/25 16:48:56.697 - DEBUG *** file /home/cubrid/work/cubrid/src/connection/tcp.c, line 1470
The css_peer_alive() is calling.
Time: 11/14/25 16:49:01.702 - DEBUG *** file /home/cubrid/work/cubrid/src/connection/tcp.c, line 1470
The css_peer_alive() is calling.
Time: 11/14/25 16:49:06.708 - DEBUG *** file /home/cubrid/work/cubrid/src/connection/tcp.c, line 1470
The css_peer_alive() is calling.
Time: 11/14/25 16:49:11.709 - DEBUG *** file /home/cubrid/work/cubrid/src/connection/tcp.c, line 1470
The css_peer_alive() is calling.
Time: 11/14/25 16:49:16.714 - DEBUG *** file /home/cubrid/work/cubrid/src/connection/tcp.c, line 1470
The css_peer_alive() is calling.
Time: 11/14/25 16:49:21.715 - DEBUG *** file /home/cubrid/work/cubrid/src/connection/tcp.c, line 1470
The css_peer_alive() is calling.
Time: 11/14/25 16:49:26.720 - DEBUG *** file /home/cubrid/work/cubrid/src/connection/tcp.c, line 1470
The css_peer_alive() is calling.
Time: 11/14/25 16:49:31.722 - DEBUG *** file /home/cubrid/work/cubrid/src/connection/tcp.c, line 1470
The css_peer_alive() is calling.
Time: 11/14/25 16:49:36.724 - DEBUG *** file /home/cubrid/work/cubrid/src/connection/tcp.c, line 1470
The css_peer_alive() is calling.
Time: 11/14/25 16:49:41.729 - DEBUG *** file /home/cubrid/work/cubrid/src/connection/tcp.c, line 1470
The css_peer_alive() is calling.
Time: 11/14/25 16:49:46.732 - DEBUG *** file /home/cubrid/work/cubrid/src/connection/tcp.c, line 1470
The css_peer_alive() is calling.
Time: 11/14/25 16:49:51.737 - DEBUG *** file /home/cubrid/work/cubrid/src/connection/tcp.c, line 1470
The css_peer_alive() is calling.
Time: 11/14/25 16:49:56.739 - DEBUG *** file /home/cubrid/work/cubrid/src/connection/tcp.c, line 1470
The css_peer_alive() is calling.
Time: 11/14/25 16:50:01.743 - DEBUG *** file /home/cubrid/work/cubrid/src/connection/tcp.c, line 1470
The css_peer_alive() is calling.
Time: 11/14/25 16:50:06.747 - DEBUG *** file /home/cubrid/work/cubrid/src/connection/tcp.c, line 1470
The css_peer_alive() is calling.
Time: 11/14/25 16:50:11.747 - DEBUG *** file /home/cubrid/work/cubrid/src/connection/tcp.c, line 1470
The css_peer_alive() is calling.
Time: 11/14/25 16:50:16.750 - DEBUG *** file /home/cubrid/work/cubrid/src/connection/tcp.c, line 1470
The css_peer_alive() is calling.
Time: 11/14/25 16:50:21.750 - DEBUG *** file /home/cubrid/work/cubrid/src/connection/tcp.c, line 1470
The css_peer_alive() is calling.
Time: 11/14/25 16:50:26.755 - DEBUG *** file /home/cubrid/work/cubrid/src/connection/tcp.c, line 1470
The css_peer_alive() is calling.
Time: 11/14/25 16:50:31.760 - DEBUG *** file /home/cubrid/work/cubrid/src/connection/tcp.c, line 1470
The css_peer_alive() is calling.
Time: 11/14/25 16:50:36.764 - DEBUG *** file /home/cubrid/work/cubrid/src/connection/tcp.c, line 1470
The css_peer_alive() is calling.
Time: 11/14/25 16:50:41.769 - DEBUG *** file /home/cubrid/work/cubrid/src/connection/tcp.c, line 1470
The css_peer_alive() is calling.
Time: 11/14/25 16:50:46.772 - DEBUG *** file /home/cubrid/work/cubrid/src/connection/tcp.c, line 1470
The css_peer_alive() is calling.
Time: 11/14/25 16:50:51.777 - DEBUG *** file /home/cubrid/work/cubrid/src/connection/tcp.c, line 1470
The css_peer_alive() is calling.
Time: 11/14/25 16:50:56.781 - DEBUG *** file /home/cubrid/work/cubrid/src/connection/tcp.c, line 1470
The css_peer_alive() is calling.
Time: 11/14/25 16:51:01.783 - DEBUG *** file /home/cubrid/work/cubrid/src/connection/tcp.c, line 1470
The css_peer_alive() is calling.
Time: 11/14/25 16:51:06.783 - DEBUG *** file /home/cubrid/work/cubrid/src/connection/tcp.c, line 1470
The css_peer_alive() is calling.
Time: 11/14/25 16:51:11.784 - DEBUG *** file /home/cubrid/work/cubrid/src/connection/tcp.c, line 1470
The css_peer_alive() is calling.
Time: 11/14/25 16:51:16.789 - DEBUG *** file /home/cubrid/work/cubrid/src/connection/tcp.c, line 1470
The css_peer_alive() is calling.
Time: 11/14/25 16:51:21.794 - DEBUG *** file /home/cubrid/work/cubrid/src/connection/tcp.c, line 1470
The css_peer_alive() is calling.
Time: 11/14/25 16:51:26.795 - DEBUG *** file /home/cubrid/work/cubrid/src/connection/tcp.c, line 1470
The css_peer_alive() is calling.
Time: 11/14/25 16:51:31.800 - DEBUG *** file /home/cubrid/work/cubrid/src/connection/tcp.c, line 1470
The css_peer_alive() is calling.
Time: 11/14/25 16:51:36.805 - DEBUG *** file /home/cubrid/work/cubrid/src/connection/tcp.c, line 1470
The css_peer_alive() is calling.
Time: 11/14/25 16:51:41.810 - DEBUG *** file /home/cubrid/work/cubrid/src/connection/tcp.c, line 1470
The css_peer_alive() is calling.
Time: 11/14/25 16:51:46.814 - DEBUG *** file /home/cubrid/work/cubrid/src/connection/tcp.c, line 1470
The css_peer_alive() is calling.
Time: 11/14/25 16:51:51.815 - DEBUG *** file /home/cubrid/work/cubrid/src/connection/tcp.c, line 1470
The css_peer_alive() is calling.
Time: 11/14/25 16:51:56.820 - DEBUG *** file /home/cubrid/work/cubrid/src/connection/tcp.c, line 1470
The css_peer_alive() is calling.
Time: 11/14/25 16:52:01.821 - DEBUG *** file /home/cubrid/work/cubrid/src/connection/tcp.c, line 1470
The css_peer_alive() is calling.
Time: 11/14/25 16:52:06.822 - DEBUG *** file /home/cubrid/work/cubrid/src/connection/tcp.c, line 1470
The css_peer_alive() is calling.
Time: 11/14/25 16:52:11.823 - DEBUG *** file /home/cubrid/work/cubrid/src/connection/tcp.c, line 1470
The css_peer_alive() is calling.
Time: 11/14/25 16:52:16.826 - DEBUG *** file /home/cubrid/work/cubrid/src/connection/tcp.c, line 1470
The css_peer_alive() is calling.
Time: 11/14/25 16:52:21.831 - DEBUG *** file /home/cubrid/work/cubrid/src/connection/tcp.c, line 1470
The css_peer_alive() is calling.
Time: 11/14/25 16:52:26.835 - DEBUG *** file /home/cubrid/work/cubrid/src/connection/tcp.c, line 1470
The css_peer_alive() is calling.
Time: 11/14/25 16:52:31.840 - DEBUG *** file /home/cubrid/work/cubrid/src/connection/tcp.c, line 1470
The css_peer_alive() is calling.
Time: 11/14/25 16:52:36.846 - DEBUG *** file /home/cubrid/work/cubrid/src/connection/tcp.c, line 1470
The css_peer_alive() is calling.
Time: 11/14/25 16:52:41.849 - DEBUG *** file /home/cubrid/work/cubrid/src/connection/tcp.c, line 1470
The css_peer_alive() is calling.
Time: 11/14/25 16:52:46.854 - DEBUG *** file /home/cubrid/work/cubrid/src/connection/tcp.c, line 1470
The css_peer_alive() is calling.
Time: 11/14/25 16:52:51.859 - DEBUG *** file /home/cubrid/work/cubrid/src/connection/tcp.c, line 1470
The css_peer_alive() is calling.
Time: 11/14/25 16:52:56.864 - DEBUG *** file /home/cubrid/work/cubrid/src/connection/tcp.c, line 1470
The css_peer_alive() is calling.
Time: 11/14/25 16:53:01.869 - DEBUG *** file /home/cubrid/work/cubrid/src/connection/tcp.c, line 1470
The css_peer_alive() is calling.
Time: 11/14/25 16:53:06.874 - DEBUG *** file /home/cubrid/work/cubrid/src/connection/tcp.c, line 1470
The css_peer_alive() is calling.
Time: 11/14/25 16:53:11.880 - DEBUG *** file /home/cubrid/work/cubrid/src/connection/tcp.c, line 1470
The css_peer_alive() is calling.
Time: 11/14/25 16:53:16.884 - DEBUG *** file /home/cubrid/work/cubrid/src/connection/tcp.c, line 1470
The css_peer_alive() is calling.
Time: 11/14/25 16:53:21.889 - DEBUG *** file /home/cubrid/work/cubrid/src/connection/tcp.c, line 1470
The css_peer_alive() is calling.
Time: 11/14/25 16:53:26.889 - DEBUG *** file /home/cubrid/work/cubrid/src/connection/tcp.c, line 1470
The css_peer_alive() is calling.
Time: 11/14/25 16:53:31.894 - DEBUG *** file /home/cubrid/work/cubrid/src/connection/tcp.c, line 1470
The css_peer_alive() is calling.
Time: 11/14/25 16:53:36.900 - DEBUG *** file /home/cubrid/work/cubrid/src/connection/tcp.c, line 1470
The css_peer_alive() is calling.
Time: 11/14/25 16:53:41.901 - DEBUG *** file /home/cubrid/work/cubrid/src/connection/tcp.c, line 1470
The css_peer_alive() is calling.
Time: 11/14/25 16:53:46.906 - DEBUG *** file /home/cubrid/work/cubrid/src/connection/tcp.c, line 1470
The css_peer_alive() is calling.
Time: 11/14/25 16:53:51.911 - DEBUG *** file /home/cubrid/work/cubrid/src/connection/tcp.c, line 1470
The css_peer_alive() is calling.
Time: 11/14/25 16:53:56.916 - DEBUG *** file /home/cubrid/work/cubrid/src/connection/tcp.c, line 1470
The css_peer_alive() is calling.
Time: 11/14/25 16:54:01.917 - DEBUG *** file /home/cubrid/work/cubrid/src/connection/tcp.c, line 1470
The css_peer_alive() is calling.
Time: 11/14/25 16:54:06.922 - DEBUG *** file /home/cubrid/work/cubrid/src/connection/tcp.c, line 1470
The css_peer_alive() is calling.
Time: 11/14/25 16:54:11.928 - DEBUG *** file /home/cubrid/work/cubrid/src/connection/tcp.c, line 1470
The css_peer_alive() is calling.
Time: 11/14/25 16:54:16.933 - DEBUG *** file /home/cubrid/work/cubrid/src/connection/tcp.c, line 1470
The css_peer_alive() is calling.
Time: 11/14/25 16:54:21.938 - DEBUG *** file /home/cubrid/work/cubrid/src/connection/tcp.c, line 1470
The css_peer_alive() is calling.
Time: 11/14/25 16:54:26.943 - DEBUG *** file /home/cubrid/work/cubrid/src/connection/tcp.c, line 1470
The css_peer_alive() is calling.
Time: 11/14/25 16:54:31.946 - DEBUG *** file /home/cubrid/work/cubrid/src/connection/tcp.c, line 1470
The css_peer_alive() is calling.
Time: 11/14/25 16:54:36.948 - DEBUG *** file /home/cubrid/work/cubrid/src/connection/tcp.c, line 1470
The css_peer_alive() is calling.
Time: 11/14/25 16:54:41.950 - DEBUG *** file /home/cubrid/work/cubrid/src/connection/tcp.c, line 1470
The css_peer_alive() is calling.
Time: 11/14/25 16:54:46.950 - DEBUG *** file /home/cubrid/work/cubrid/src/connection/tcp.c, line 1470
The css_peer_alive() is calling.
Time: 11/14/25 16:54:51.952 - DEBUG *** file /home/cubrid/work/cubrid/src/connection/tcp.c, line 1470
The css_peer_alive() is calling.
Time: 11/14/25 16:54:56.956 - DEBUG *** file /home/cubrid/work/cubrid/src/connection/tcp.c, line 1470
The css_peer_alive() is calling.
Time: 11/14/25 16:55:01.961 - DEBUG *** file /home/cubrid/work/cubrid/src/connection/tcp.c, line 1470
The css_peer_alive() is calling.
Time: 11/14/25 16:55:06.966 - DEBUG *** file /home/cubrid/work/cubrid/src/connection/tcp.c, line 1470
The css_peer_alive() is calling.
Time: 11/14/25 16:55:11.968 - DEBUG *** file /home/cubrid/work/cubrid/src/connection/tcp.c, line 1470
The css_peer_alive() is calling.
Time: 11/14/25 16:55:16.970 - DEBUG *** file /home/cubrid/work/cubrid/src/connection/tcp.c, line 1470
The css_peer_alive() is calling.
Time: 11/14/25 16:55:21.975 - DEBUG *** file /home/cubrid/work/cubrid/src/connection/tcp.c, line 1470
The css_peer_alive() is calling.
Time: 11/14/25 16:55:26.979 - DEBUG *** file /home/cubrid/work/cubrid/src/connection/tcp.c, line 1470
The css_peer_alive() is calling.
Time: 11/14/25 16:55:31.984 - DEBUG *** file /home/cubrid/work/cubrid/src/connection/tcp.c, line 1470
The css_peer_alive() is calling.
Time: 11/14/25 16:55:36.985 - DEBUG *** file /home/cubrid/work/cubrid/src/connection/tcp.c, line 1470
The css_peer_alive() is calling.
Time: 11/14/25 16:55:41.990 - DEBUG *** file /home/cubrid/work/cubrid/src/connection/tcp.c, line 1470
The css_peer_alive() is calling.
Time: 11/14/25 16:55:46.992 - DEBUG *** file /home/cubrid/work/cubrid/src/connection/tcp.c, line 1470
The css_peer_alive() is calling.
Time: 11/14/25 16:55:51.996 - DEBUG *** file /home/cubrid/work/cubrid/src/connection/tcp.c, line 1470
The css_peer_alive() is calling.
Time: 11/14/25 16:55:56.001 - DEBUG *** file /home/cubrid/work/cubrid/src/connection/tcp.c, line 1470
The css_peer_alive() is calling.
Time: 11/14/25 16:56:02.004 - DEBUG *** file /home/cubrid/work/cubrid/src/connection/tcp.c, line 1470
The css_peer_alive() is calling.
Time: 11/14/25 16:56:07.009 - DEBUG *** file /home/cubrid/work/cubrid/src/connection/tcp.c, line 1470
The css_peer_alive() is calling.
Time: 11/14/25 16:56:12.013 - DEBUG *** file /home/cubrid/work/cubrid/src/connection/tcp.c, line 1470
The css_peer_alive() is calling.
Time: 11/14/25 16:56:17.018 - DEBUG *** file /home/cubrid/work/cubrid/src/connection/tcp.c, line 1470
The css_peer_alive() is calling.
Time: 11/14/25 16:56:22.020 - DEBUG *** file /home/cubrid/work/cubrid/src/connection/tcp.c, line 1470
The css_peer_alive() is calling.
Time: 11/14/25 16:56:27.024 - DEBUG *** file /home/cubrid/work/cubrid/src/connection/tcp.c, line 1470
The css_peer_alive() is calling.
Time: 11/14/25 16:56:32.024 - DEBUG *** file /home/cubrid/work/cubrid/src/connection/tcp.c, line 1470
The css_peer_alive() is calling.
Time: 11/14/25 16:56:37.029 - DEBUG *** file /home/cubrid/work/cubrid/src/connection/tcp.c, line 1470
The css_peer_alive() is calling.
Time: 11/14/25 16:56:42.033 - DEBUG *** file /home/cubrid/work/cubrid/src/connection/tcp.c, line 1470
The css_peer_alive() is calling.
Time: 11/14/25 16:56:47.037 - DEBUG *** file /home/cubrid/work/cubrid/src/connection/tcp.c, line 1470
The css_peer_alive() is calling.
Time: 11/14/25 16:56:52.041 - DEBUG *** file /home/cubrid/work/cubrid/src/connection/tcp.c, line 1470
The css_peer_alive() is calling.
Time: 11/14/25 16:56:57.043 - DEBUG *** file /home/cubrid/work/cubrid/src/connection/tcp.c, line 1470
The css_peer_alive() is calling.
Time: 11/14/25 16:57:02.048 - DEBUG *** file /home/cubrid/work/cubrid/src/connection/tcp.c, line 1470
The css_peer_alive() is calling.
Time: 11/14/25 16:57:07.048 - DEBUG *** file /home/cubrid/work/cubrid/src/connection/tcp.c, line 1470
The css_peer_alive() is calling.
Time: 11/14/25 16:57:12.049 - DEBUG *** file /home/cubrid/work/cubrid/src/connection/tcp.c, line 1470
The css_peer_alive() is calling.
Time: 11/14/25 16:57:17.052 - DEBUG *** file /home/cubrid/work/cubrid/src/connection/tcp.c, line 1470
The css_peer_alive() is calling.
Time: 11/14/25 16:57:22.057 - DEBUG *** file /home/cubrid/work/cubrid/src/connection/tcp.c, line 1470
The css_peer_alive() is calling.
Time: 11/14/25 16:57:27.059 - DEBUG *** file /home/cubrid/work/cubrid/src/connection/tcp.c, line 1470
The css_peer_alive() is calling.
Time: 11/14/25 16:57:32.064 - DEBUG *** file /home/cubrid/work/cubrid/src/connection/tcp.c, line 1470
The css_peer_alive() is calling.
Time: 11/14/25 16:57:37.069 - DEBUG *** file /home/cubrid/work/cubrid/src/connection/tcp.c, line 1470
The css_peer_alive() is calling.
Time: 11/14/25 16:57:42.071 - DEBUG *** file /home/cubrid/work/cubrid/src/connection/tcp.c, line 1470
The css_peer_alive() is calling.
Time: 11/14/25 16:57:47.076 - DEBUG *** file /home/cubrid/work/cubrid/src/connection/tcp.c, line 1470
The css_peer_alive() is calling.
Time: 11/14/25 16:57:52.080 - DEBUG *** file /home/cubrid/work/cubrid/src/connection/tcp.c, line 1470
The css_peer_alive() is calling.
Time: 11/14/25 16:57:57.085 - DEBUG *** file /home/cubrid/work/cubrid/src/connection/tcp.c, line 1470
The css_peer_alive() is calling.
Time: 11/14/25 16:58:02.090 - DEBUG *** file /home/cubrid/work/cubrid/src/connection/tcp.c, line 1470
The css_peer_alive() is calling.
Time: 11/14/25 16:58:07.095 - DEBUG *** file /home/cubrid/work/cubrid/src/connection/tcp.c, line 1470
The css_peer_alive() is calling.
Time: 11/14/25 16:58:12.098 - DEBUG *** file /home/cubrid/work/cubrid/src/connection/tcp.c, line 1470
The css_peer_alive() is calling.
Time: 11/14/25 16:58:17.101 - DEBUG *** file /home/cubrid/work/cubrid/src/connection/tcp.c, line 1470
The css_peer_alive() is calling.
Time: 11/14/25 16:58:22.106 - DEBUG *** file /home/cubrid/work/cubrid/src/connection/tcp.c, line 1470
The css_peer_alive() is calling.
Time: 11/14/25 16:58:27.111 - DEBUG *** file /home/cubrid/work/cubrid/src/connection/tcp.c, line 1470
The css_peer_alive() is calling.
Time: 11/14/25 16:58:32.113 - DEBUG *** file /home/cubrid/work/cubrid/src/connection/tcp.c, line 1470
The css_peer_alive() is calling.
Time: 11/14/25 16:58:37.118 - DEBUG *** file /home/cubrid/work/cubrid/src/connection/tcp.c, line 1470
The css_peer_alive() is calling.
Time: 11/14/25 16:58:42.119 - DEBUG *** file /home/cubrid/work/cubrid/src/connection/tcp.c, line 1470
The css_peer_alive() is calling.
Time: 11/14/25 16:58:47.124 - DEBUG *** file /home/cubrid/work/cubrid/src/connection/tcp.c, line 1470
The css_peer_alive() is calling.
Time: 11/14/25 16:58:52.126 - DEBUG *** file /home/cubrid/work/cubrid/src/connection/tcp.c, line 1470
The css_peer_alive() is calling.
Time: 11/14/25 16:58:57.130 - DEBUG *** file /home/cubrid/work/cubrid/src/connection/tcp.c, line 1470
The css_peer_alive() is calling.
Time: 11/14/25 16:59:02.131 - DEBUG *** file /home/cubrid/work/cubrid/src/connection/tcp.c, line 1470
The css_peer_alive() is calling.
Time: 11/14/25 16:59:07.134 - DEBUG *** file /home/cubrid/work/cubrid/src/connection/tcp.c, line 1470
The css_peer_alive() is calling.
Time: 11/14/25 16:59:12.139 - DEBUG *** file /home/cubrid/work/cubrid/src/connection/tcp.c, line 1470
The css_peer_alive() is calling.
Time: 11/14/25 16:59:17.141 - DEBUG *** file /home/cubrid/work/cubrid/src/connection/tcp.c, line 1470
The css_peer_alive() is calling.
Time: 11/14/25 16:59:22.144 - DEBUG *** file /home/cubrid/work/cubrid/src/connection/tcp.c, line 1470
The css_peer_alive() is calling.
Time: 11/14/25 16:59:27.149 - DEBUG *** file /home/cubrid/work/cubrid/src/connection/tcp.c, line 1470
The css_peer_alive() is calling.
Time: 11/14/25 16:59:32.154 - DEBUG *** file /home/cubrid/work/cubrid/src/connection/tcp.c, line 1470
The css_peer_alive() is calling.
Time: 11/14/25 16:59:37.155 - DEBUG *** file /home/cubrid/work/cubrid/src/connection/tcp.c, line 1470
The css_peer_alive() is calling.
Time: 11/14/25 16:59:42.157 - DEBUG *** file /home/cubrid/work/cubrid/src/connection/tcp.c, line 1470
The css_peer_alive() is calling.
Time: 11/14/25 16:59:47.161 - DEBUG *** file /home/cubrid/work/cubrid/src/connection/tcp.c, line 1470
The css_peer_alive() is calling.
Time: 11/14/25 16:59:52.163 - DEBUG *** file /home/cubrid/work/cubrid/src/connection/tcp.c, line 1470
The css_peer_alive() is calling.
Time: 11/14/25 16:59:57.165 - DEBUG *** file /home/cubrid/work/cubrid/src/connection/tcp.c, line 1470
The css_peer_alive() is calling.
Time: 11/14/25 17:00:02.170 - DEBUG *** file /home/cubrid/work/cubrid/src/connection/tcp.c, line 1470
The css_peer_alive() is calling.
Time: 11/14/25 17:00:07.171 - DEBUG *** file /home/cubrid/work/cubrid/src/connection/tcp.c, line 1470
The css_peer_alive() is calling.
Time: 11/14/25 17:00:12.176 - DEBUG *** file /home/cubrid/work/cubrid/src/connection/tcp.c, line 1470
The css_peer_alive() is calling.
Time: 11/14/25 17:00:17.181 - DEBUG *** file /home/cubrid/work/cubrid/src/connection/tcp.c, line 1470
The css_peer_alive() is calling.
Time: 11/14/25 17:00:22.184 - DEBUG *** file /home/cubrid/work/cubrid/src/connection/tcp.c, line 1470
The css_peer_alive() is calling.
Time: 11/14/25 17:00:27.189 - DEBUG *** file /home/cubrid/work/cubrid/src/connection/tcp.c, line 1470
The css_peer_alive() is calling.
Time: 11/14/25 17:00:32.195 - DEBUG *** file /home/cubrid/work/cubrid/src/connection/tcp.c, line 1470
The css_peer_alive() is calling.
Time: 11/14/25 17:00:37.200 - DEBUG *** file /home/cubrid/work/cubrid/src/connection/tcp.c, line 1470
The css_peer_alive() is calling.
Time: 11/14/25 17:00:42.205 - DEBUG *** file /home/cubrid/work/cubrid/src/connection/tcp.c, line 1470
The css_peer_alive() is calling.
Time: 11/14/25 17:00:47.208 - DEBUG *** file /home/cubrid/work/cubrid/src/connection/tcp.c, line 1470
The css_peer_alive() is calling.
Time: 11/14/25 17:00:52.214 - DEBUG *** file /home/cubrid/work/cubrid/src/connection/tcp.c, line 1470
The css_peer_alive() is calling.
Time: 11/14/25 17:00:57.219 - DEBUG *** file /home/cubrid/work/cubrid/src/connection/tcp.c, line 1470
The css_peer_alive() is calling.
Time: 11/14/25 17:01:02.224 - DEBUG *** file /home/cubrid/work/cubrid/src/connection/tcp.c, line 1470
The css_peer_alive() is calling.
Time: 11/14/25 17:01:07.228 - DEBUG *** file /home/cubrid/work/cubrid/src/connection/tcp.c, line 1470
The css_peer_alive() is calling.
Time: 11/14/25 17:01:12.233 - DEBUG *** file /home/cubrid/work/cubrid/src/connection/tcp.c, line 1470
The css_peer_alive() is calling.
Time: 11/14/25 17:01:17.238 - DEBUG *** file /home/cubrid/work/cubrid/src/connection/tcp.c, line 1470
The css_peer_alive() is calling.
Time: 11/14/25 17:01:22.244 - DEBUG *** file /home/cubrid/work/cubrid/src/connection/tcp.c, line 1470
The css_peer_alive() is calling.
Time: 11/14/25 17:01:27.249 - DEBUG *** file /home/cubrid/work/cubrid/src/connection/tcp.c, line 1470
The css_peer_alive() is calling.
Time: 11/14/25 17:01:32.250 - DEBUG *** file /home/cubrid/work/cubrid/src/connection/tcp.c, line 1470
The css_peer_alive() is calling.
Time: 11/14/25 17:01:37.255 - DEBUG *** file /home/cubrid/work/cubrid/src/connection/tcp.c, line 1470
The css_peer_alive() is calling.
Time: 11/14/25 17:01:42.257 - DEBUG *** file /home/cubrid/work/cubrid/src/connection/tcp.c, line 1470
The css_peer_alive() is calling.
Time: 11/14/25 17:01:47.260 - DEBUG *** file /home/cubrid/work/cubrid/src/connection/tcp.c, line 1470
The css_peer_alive() is calling.
Time: 11/14/25 17:01:52.265 - DEBUG *** file /home/cubrid/work/cubrid/src/connection/tcp.c, line 1470
The css_peer_alive() is calling.
Time: 11/14/25 17:01:57.270 - DEBUG *** file /home/cubrid/work/cubrid/src/connection/tcp.c, line 1470
The css_peer_alive() is calling.
Time: 11/14/25 17:02:02.275 - DEBUG *** file /home/cubrid/work/cubrid/src/connection/tcp.c, line 1470
The css_peer_alive() is calling.
Time: 11/14/25 17:02:07.280 - DEBUG *** file /home/cubrid/work/cubrid/src/connection/tcp.c, line 1470
The css_peer_alive() is calling.
Time: 11/14/25 17:02:12.285 - DEBUG *** file /home/cubrid/work/cubrid/src/connection/tcp.c, line 1470
The css_peer_alive() is calling.
Time: 11/14/25 17:02:17.290 - DEBUG *** file /home/cubrid/work/cubrid/src/connection/tcp.c, line 1470
The css_peer_alive() is calling.
Time: 11/14/25 17:02:22.292 - DEBUG *** file /home/cubrid/work/cubrid/src/connection/tcp.c, line 1470
The css_peer_alive() is calling.
Time: 11/14/25 17:02:27.297 - DEBUG *** file /home/cubrid/work/cubrid/src/connection/tcp.c, line 1470
The css_peer_alive() is calling.
Time: 11/14/25 17:02:32.298 - DEBUG *** file /home/cubrid/work/cubrid/src/connection/tcp.c, line 1470
The css_peer_alive() is calling.
Time: 11/14/25 17:02:37.301 - DEBUG *** file /home/cubrid/work/cubrid/src/connection/tcp.c, line 1470
The css_peer_alive() is calling.
Time: 11/14/25 17:02:42.305 - DEBUG *** file /home/cubrid/work/cubrid/src/connection/tcp.c, line 1470
The css_peer_alive() is calling.
Time: 11/14/25 17:02:47.310 - DEBUG *** file /home/cubrid/work/cubrid/src/connection/tcp.c, line 1470
The css_peer_alive() is calling.
Time: 11/14/25 17:02:52.314 - DEBUG *** file /home/cubrid/work/cubrid/src/connection/tcp.c, line 1470
The css_peer_alive() is calling.
Time: 11/14/25 17:02:57.319 - DEBUG *** file /home/cubrid/work/cubrid/src/connection/tcp.c, line 1470
The css_peer_alive() is calling.
Time: 11/14/25 17:03:02.324 - DEBUG *** file /home/cubrid/work/cubrid/src/connection/tcp.c, line 1470
The css_peer_alive() is calling.
Time: 11/14/25 17:03:07.329 - DEBUG *** file /home/cubrid/work/cubrid/src/connection/tcp.c, line 1470
The css_peer_alive() is calling.
Time: 11/14/25 17:03:12.331 - DEBUG *** file /home/cubrid/work/cubrid/src/connection/tcp.c, line 1470
The css_peer_alive() is calling.
Time: 11/14/25 17:03:17.336 - DEBUG *** file /home/cubrid/work/cubrid/src/connection/tcp.c, line 1470
The css_peer_alive() is calling.
Time: 11/14/25 17:03:22.340 - DEBUG *** file /home/cubrid/work/cubrid/src/connection/tcp.c, line 1470
The css_peer_alive() is calling.
Time: 11/14/25 17:03:27.345 - DEBUG *** file /home/cubrid/work/cubrid/src/connection/tcp.c, line 1470
The css_peer_alive() is calling.
Time: 11/14/25 17:03:32.346 - DEBUG *** file /home/cubrid/work/cubrid/src/connection/tcp.c, line 1470
The css_peer_alive() is calling.
Time: 11/14/25 17:03:37.348 - DEBUG *** file /home/cubrid/work/cubrid/src/connection/tcp.c, line 1470
The css_peer_alive() is calling.
Time: 11/14/25 17:03:42.349 - DEBUG *** file /home/cubrid/work/cubrid/src/connection/tcp.c, line 1470
The css_peer_alive() is calling.
Time: 11/14/25 17:03:47.350 - DEBUG *** file /home/cubrid/work/cubrid/src/connection/tcp.c, line 1470
The css_peer_alive() is calling.
Time: 11/14/25 17:03:52.351 - DEBUG *** file /home/cubrid/work/cubrid/src/connection/tcp.c, line 1470
The css_peer_alive() is calling.
Time: 11/14/25 17:03:57.352 - DEBUG *** file /home/cubrid/work/cubrid/src/connection/tcp.c, line 1470
The css_peer_alive() is calling.
Time: 11/14/25 17:04:02.353 - DEBUG *** file /home/cubrid/work/cubrid/src/connection/tcp.c, line 1470
The css_peer_alive() is calling.
Time: 11/14/25 17:04:07.358 - DEBUG *** file /home/cubrid/work/cubrid/src/connection/tcp.c, line 1470
The css_peer_alive() is calling.
Time: 11/14/25 17:04:12.358 - DEBUG *** file /home/cubrid/work/cubrid/src/connection/tcp.c, line 1470
The css_peer_alive() is calling.
Time: 11/14/25 17:04:17.360 - DEBUG *** file /home/cubrid/work/cubrid/src/connection/tcp.c, line 1470
The css_peer_alive() is calling.
Time: 11/14/25 17:04:22.362 - DEBUG *** file /home/cubrid/work/cubrid/src/connection/tcp.c, line 1470
The css_peer_alive() is calling.
Time: 11/14/25 17:04:27.363 - DEBUG *** file /home/cubrid/work/cubrid/src/connection/tcp.c, line 1470
The css_peer_alive() is calling.
Time: 11/14/25 17:04:32.367 - DEBUG *** file /home/cubrid/work/cubrid/src/connection/tcp.c, line 1470
The css_peer_alive() is calling.
Time: 11/14/25 17:04:37.372 - DEBUG *** file /home/cubrid/work/cubrid/src/connection/tcp.c, line 1470
The css_peer_alive() is calling.
Time: 11/14/25 17:04:42.376 - DEBUG *** file /home/cubrid/work/cubrid/src/connection/tcp.c, line 1470
The css_peer_alive() is calling.
Time: 11/14/25 17:04:47.378 - DEBUG *** file /home/cubrid/work/cubrid/src/connection/tcp.c, line 1470
The css_peer_alive() is calling.
Time: 11/14/25 17:04:52.381 - DEBUG *** file /home/cubrid/work/cubrid/src/connection/tcp.c, line 1470
The css_peer_alive() is calling.
Time: 11/14/25 17:04:57.386 - DEBUG *** file /home/cubrid/work/cubrid/src/connection/tcp.c, line 1470
The css_peer_alive() is calling.
Time: 11/14/25 17:05:02.390 - DEBUG *** file /home/cubrid/work/cubrid/src/connection/tcp.c, line 1470
The css_peer_alive() is calling.
Time: 11/14/25 17:05:07.393 - DEBUG *** file /home/cubrid/work/cubrid/src/connection/tcp.c, line 1470
The css_peer_alive() is calling.
Time: 11/14/25 17:05:12.397 - DEBUG *** file /home/cubrid/work/cubrid/src/connection/tcp.c, line 1470
The css_peer_alive() is calling.
Time: 11/14/25 17:05:17.403 - DEBUG *** file /home/cubrid/work/cubrid/src/connection/tcp.c, line 1470
The css_peer_alive() is calling.
Time: 11/14/25 17:05:22.404 - DEBUG *** file /home/cubrid/work/cubrid/src/connection/tcp.c, line 1470
The css_peer_alive() is calling.
Time: 11/14/25 17:05:27.406 - DEBUG *** file /home/cubrid/work/cubrid/src/connection/tcp.c, line 1470
The css_peer_alive() is calling.
Time: 11/14/25 17:05:32.411 - DEBUG *** file /home/cubrid/work/cubrid/src/connection/tcp.c, line 1470
The css_peer_alive() is calling.
Time: 11/14/25 17:05:37.416 - DEBUG *** file /home/cubrid/work/cubrid/src/connection/tcp.c, line 1470
The css_peer_alive() is calling.
Time: 11/14/25 17:05:42.421 - DEBUG *** file /home/cubrid/work/cubrid/src/connection/tcp.c, line 1470
The css_peer_alive() is calling.
Time: 11/14/25 17:05:47.426 - DEBUG *** file /home/cubrid/work/cubrid/src/connection/tcp.c, line 1470
The css_peer_alive() is calling.
Time: 11/14/25 17:05:52.430 - DEBUG *** file /home/cubrid/work/cubrid/src/connection/tcp.c, line 1470
The css_peer_alive() is calling.
Time: 11/14/25 17:05:57.433 - DEBUG *** file /home/cubrid/work/cubrid/src/connection/tcp.c, line 1470
The css_peer_alive() is calling.
Time: 11/14/25 17:06:02.438 - DEBUG *** file /home/cubrid/work/cubrid/src/connection/tcp.c, line 1470
The css_peer_alive() is calling.
Time: 11/14/25 17:06:07.440 - DEBUG *** file /home/cubrid/work/cubrid/src/connection/tcp.c, line 1470
The css_peer_alive() is calling.
Time: 11/14/25 17:06:12.442 - DEBUG *** file /home/cubrid/work/cubrid/src/connection/tcp.c, line 1470
The css_peer_alive() is calling.
Time: 11/14/25 17:06:17.443 - DEBUG *** file /home/cubrid/work/cubrid/src/connection/tcp.c, line 1470
The css_peer_alive() is calling.
Time: 11/14/25 17:06:22.449 - DEBUG *** file /home/cubrid/work/cubrid/src/connection/tcp.c, line 1470
The css_peer_alive() is calling.
Time: 11/14/25 17:06:27.449 - DEBUG *** file /home/cubrid/work/cubrid/src/connection/tcp.c, line 1470
The css_peer_alive() is calling.
Time: 11/14/25 17:06:32.454 - DEBUG *** file /home/cubrid/work/cubrid/src/connection/tcp.c, line 1470
The css_peer_alive() is calling.
Time: 11/14/25 17:06:37.457 - DEBUG *** file /home/cubrid/work/cubrid/src/connection/tcp.c, line 1470
The css_peer_alive() is calling.
Time: 11/14/25 17:06:42.462 - DEBUG *** file /home/cubrid/work/cubrid/src/connection/tcp.c, line 1470
The css_peer_alive() is calling.
Time: 11/14/25 17:06:47.464 - DEBUG *** file /home/cubrid/work/cubrid/src/connection/tcp.c, line 1470
The css_peer_alive() is calling.
Time: 11/14/25 17:06:52.469 - DEBUG *** file /home/cubrid/work/cubrid/src/connection/tcp.c, line 1470
The css_peer_alive() is calling.
Time: 11/14/25 17:06:57.471 - DEBUG *** file /home/cubrid/work/cubrid/src/connection/tcp.c, line 1470
The css_peer_alive() is calling.
Time: 11/14/25 17:07:02.473 - DEBUG *** file /home/cubrid/work/cubrid/src/connection/tcp.c, line 1470
The css_peer_alive() is calling.
Time: 11/14/25 17:07:07.478 - DEBUG *** file /home/cubrid/work/cubrid/src/connection/tcp.c, line 1470
The css_peer_alive() is calling.
Time: 11/14/25 17:07:12.480 - DEBUG *** file /home/cubrid/work/cubrid/src/connection/tcp.c, line 1470
The css_peer_alive() is calling.
Time: 11/14/25 17:07:17.485 - DEBUG *** file /home/cubrid/work/cubrid/src/connection/tcp.c, line 1470
The css_peer_alive() is calling.
Time: 11/14/25 17:07:22.490 - DEBUG *** file /home/cubrid/work/cubrid/src/connection/tcp.c, line 1470
The css_peer_alive() is calling.
Time: 11/14/25 17:07:27.496 - DEBUG *** file /home/cubrid/work/cubrid/src/connection/tcp.c, line 1470
The css_peer_alive() is calling.
Time: 11/14/25 17:07:32.501 - DEBUG *** file /home/cubrid/work/cubrid/src/connection/tcp.c, line 1470
The css_peer_alive() is calling.
Time: 11/14/25 17:07:37.506 - DEBUG *** file /home/cubrid/work/cubrid/src/connection/tcp.c, line 1470
The css_peer_alive() is calling.
Time: 11/14/25 17:07:42.507 - DEBUG *** file /home/cubrid/work/cubrid/src/connection/tcp.c, line 1470
The css_peer_alive() is calling.
Time: 11/14/25 17:07:47.509 - DEBUG *** file /home/cubrid/work/cubrid/src/connection/tcp.c, line 1470
The css_peer_alive() is calling.
Time: 11/14/25 17:07:52.510 - DEBUG *** file /home/cubrid/work/cubrid/src/connection/tcp.c, line 1470
The css_peer_alive() is calling.
Time: 11/14/25 17:07:57.511 - DEBUG *** file /home/cubrid/work/cubrid/src/connection/tcp.c, line 1470
The css_peer_alive() is calling.
Time: 11/14/25 17:08:02.511 - DEBUG *** file /home/cubrid/work/cubrid/src/connection/tcp.c, line 1470
The css_peer_alive() is calling.
Time: 11/14/25 17:08:07.515 - DEBUG *** file /home/cubrid/work/cubrid/src/connection/tcp.c, line 1470
The css_peer_alive() is calling.
Time: 11/14/25 17:08:12.519 - DEBUG *** file /home/cubrid/work/cubrid/src/connection/tcp.c, line 1470
The css_peer_alive() is calling.
Time: 11/14/25 17:08:17.522 - DEBUG *** file /home/cubrid/work/cubrid/src/connection/tcp.c, line 1470
The css_peer_alive() is calling.
Time: 11/14/25 17:08:22.524 - DEBUG *** file /home/cubrid/work/cubrid/src/connection/tcp.c, line 1470
The css_peer_alive() is calling.
Time: 11/14/25 17:08:27.529 - DEBUG *** file /home/cubrid/work/cubrid/src/connection/tcp.c, line 1470
The css_peer_alive() is calling.
Time: 11/14/25 17:08:32.535 - DEBUG *** file /home/cubrid/work/cubrid/src/connection/tcp.c, line 1470
The css_peer_alive() is calling.
Time: 11/14/25 17:08:37.539 - DEBUG *** file /home/cubrid/work/cubrid/src/connection/tcp.c, line 1470
The css_peer_alive() is calling.
Time: 11/14/25 17:08:42.544 - DEBUG *** file /home/cubrid/work/cubrid/src/connection/tcp.c, line 1470
The css_peer_alive() is calling.
Time: 11/14/25 17:08:47.546 - DEBUG *** file /home/cubrid/work/cubrid/src/connection/tcp.c, line 1470
The css_peer_alive() is calling.
Time: 11/14/25 17:08:52.551 - DEBUG *** file /home/cubrid/work/cubrid/src/connection/tcp.c, line 1470
The css_peer_alive() is calling.
Time: 11/14/25 17:08:57.556 - DEBUG *** file /home/cubrid/work/cubrid/src/connection/tcp.c, line 1470
The css_peer_alive() is calling.
Time: 11/14/25 17:09:02.561 - DEBUG *** file /home/cubrid/work/cubrid/src/connection/tcp.c, line 1470
The css_peer_alive() is calling.
Time: 11/14/25 17:09:07.566 - DEBUG *** file /home/cubrid/work/cubrid/src/connection/tcp.c, line 1470
The css_peer_alive() is calling.
Time: 11/14/25 17:09:12.572 - DEBUG *** file /home/cubrid/work/cubrid/src/connection/tcp.c, line 1470
The css_peer_alive() is calling.
Time: 11/14/25 17:09:17.577 - DEBUG *** file /home/cubrid/work/cubrid/src/connection/tcp.c, line 1470
The css_peer_alive() is calling.
Time: 11/14/25 17:09:22.582 - DEBUG *** file /home/cubrid/work/cubrid/src/connection/tcp.c, line 1470
The css_peer_alive() is calling.
Time: 11/14/25 17:09:27.587 - DEBUG *** file /home/cubrid/work/cubrid/src/connection/tcp.c, line 1470
The css_peer_alive() is calling.
Time: 11/14/25 17:09:32.592 - DEBUG *** file /home/cubrid/work/cubrid/src/connection/tcp.c, line 1470
The css_peer_alive() is calling.
Time: 11/14/25 17:09:37.593 - DEBUG *** file /home/cubrid/work/cubrid/src/connection/tcp.c, line 1470
The css_peer_alive() is calling.
Time: 11/14/25 17:09:42.593 - DEBUG *** file /home/cubrid/work/cubrid/src/connection/tcp.c, line 1470
The css_peer_alive() is calling.
Time: 11/14/25 17:09:47.594 - DEBUG *** file /home/cubrid/work/cubrid/src/connection/tcp.c, line 1470
The css_peer_alive() is calling.
Time: 11/14/25 17:09:52.600 - DEBUG *** file /home/cubrid/work/cubrid/src/connection/tcp.c, line 1470
The css_peer_alive() is calling.
Time: 11/14/25 17:09:57.602 - DEBUG *** file /home/cubrid/work/cubrid/src/connection/tcp.c, line 1470
The css_peer_alive() is calling.
Time: 11/14/25 17:10:02.607 - DEBUG *** file /home/cubrid/work/cubrid/src/connection/tcp.c, line 1470
The css_peer_alive() is calling.
Time: 11/14/25 17:10:07.612 - DEBUG *** file /home/cubrid/work/cubrid/src/connection/tcp.c, line 1470
The css_peer_alive() is calling.
Time: 11/14/25 17:10:12.617 - DEBUG *** file /home/cubrid/work/cubrid/src/connection/tcp.c, line 1470
The css_peer_alive() is calling.
Time: 11/14/25 17:10:17.622 - DEBUG *** file /home/cubrid/work/cubrid/src/connection/tcp.c, line 1470
The css_peer_alive() is calling.
Time: 11/14/25 17:10:22.628 - DEBUG *** file /home/cubrid/work/cubrid/src/connection/tcp.c, line 1470
The css_peer_alive() is calling.
Time: 11/14/25 17:10:27.632 - DEBUG *** file /home/cubrid/work/cubrid/src/connection/tcp.c, line 1470
The css_peer_alive() is calling.
Time: 11/14/25 17:10:32.632 - DEBUG *** file /home/cubrid/work/cubrid/src/connection/tcp.c, line 1470
The css_peer_alive() is calling.
Time: 11/14/25 17:10:37.638 - DEBUG *** file /home/cubrid/work/cubrid/src/connection/tcp.c, line 1470
The css_peer_alive() is calling.
Time: 11/14/25 17:10:42.643 - DEBUG *** file /home/cubrid/work/cubrid/src/connection/tcp.c, line 1470
The css_peer_alive() is calling.
Time: 11/14/25 17:10:47.648 - DEBUG *** file /home/cubrid/work/cubrid/src/connection/tcp.c, line 1470
The css_peer_alive() is calling.
Time: 11/14/25 17:10:52.653 - DEBUG *** file /home/cubrid/work/cubrid/src/connection/tcp.c, line 1470
The css_peer_alive() is calling.
Time: 11/14/25 17:10:57.655 - DEBUG *** file /home/cubrid/work/cubrid/src/connection/tcp.c, line 1470
The css_peer_alive() is calling.
Time: 11/14/25 17:11:02.657 - DEBUG *** file /home/cubrid/work/cubrid/src/connection/tcp.c, line 1470
The css_peer_alive() is calling.
Time: 11/14/25 17:11:07.662 - DEBUG *** file /home/cubrid/work/cubrid/src/connection/tcp.c, line 1470
The css_peer_alive() is calling.
Time: 11/14/25 17:11:12.667 - DEBUG *** file /home/cubrid/work/cubrid/src/connection/tcp.c, line 1470
The css_peer_alive() is calling.
Time: 11/14/25 17:11:17.672 - DEBUG *** file /home/cubrid/work/cubrid/src/connection/tcp.c, line 1470
The css_peer_alive() is calling.
Time: 11/14/25 17:11:22.673 - DEBUG *** file /home/cubrid/work/cubrid/src/connection/tcp.c, line 1470
The css_peer_alive() is calling.
Time: 11/14/25 17:11:27.678 - DEBUG *** file /home/cubrid/work/cubrid/src/connection/tcp.c, line 1470
The css_peer_alive() is calling.
Time: 11/14/25 17:11:32.683 - DEBUG *** file /home/cubrid/work/cubrid/src/connection/tcp.c, line 1470
The css_peer_alive() is calling.
Time: 11/14/25 17:11:37.688 - DEBUG *** file /home/cubrid/work/cubrid/src/connection/tcp.c, line 1470
The css_peer_alive() is calling.
Time: 11/14/25 17:11:42.694 - DEBUG *** file /home/cubrid/work/cubrid/src/connection/tcp.c, line 1470
The css_peer_alive() is calling.
Time: 11/14/25 17:11:47.699 - DEBUG *** file /home/cubrid/work/cubrid/src/connection/tcp.c, line 1470
The css_peer_alive() is calling.
Time: 11/14/25 17:11:52.704 - DEBUG *** file /home/cubrid/work/cubrid/src/connection/tcp.c, line 1470
The css_peer_alive() is calling.
Time: 11/14/25 17:11:57.706 - DEBUG *** file /home/cubrid/work/cubrid/src/connection/tcp.c, line 1470
The css_peer_alive() is calling.
Time: 11/14/25 17:12:02.711 - DEBUG *** file /home/cubrid/work/cubrid/src/connection/tcp.c, line 1470
The css_peer_alive() is calling.
Time: 11/14/25 17:12:07.716 - DEBUG *** file /home/cubrid/work/cubrid/src/connection/tcp.c, line 1470
The css_peer_alive() is calling.
Time: 11/14/25 17:12:12.721 - DEBUG *** file /home/cubrid/work/cubrid/src/connection/tcp.c, line 1470
The css_peer_alive() is calling.
Time: 11/14/25 17:12:17.726 - DEBUG *** file /home/cubrid/work/cubrid/src/connection/tcp.c, line 1470
The css_peer_alive() is calling.
Time: 11/14/25 17:12:22.731 - DEBUG *** file /home/cubrid/work/cubrid/src/connection/tcp.c, line 1470
The css_peer_alive() is calling.
Time: 11/14/25 17:12:27.737 - DEBUG *** file /home/cubrid/work/cubrid/src/connection/tcp.c, line 1470
The css_peer_alive() is calling.
Time: 11/14/25 17:12:32.742 - DEBUG *** file /home/cubrid/work/cubrid/src/connection/tcp.c, line 1470
The css_peer_alive() is calling.
Time: 11/14/25 17:12:37.745 - DEBUG *** file /home/cubrid/work/cubrid/src/connection/tcp.c, line 1470
The css_peer_alive() is calling.
Time: 11/14/25 17:12:42.750 - DEBUG *** file /home/cubrid/work/cubrid/src/connection/tcp.c, line 1470
The css_peer_alive() is calling.
Time: 11/14/25 17:12:47.755 - DEBUG *** file /home/cubrid/work/cubrid/src/connection/tcp.c, line 1470
The css_peer_alive() is calling.
Time: 11/14/25 17:12:52.759 - DEBUG *** file /home/cubrid/work/cubrid/src/connection/tcp.c, line 1470
The css_peer_alive() is calling.
Time: 11/14/25 17:12:57.764 - DEBUG *** file /home/cubrid/work/cubrid/src/connection/tcp.c, line 1470
The css_peer_alive() is calling.
Time: 11/14/25 17:13:02.769 - DEBUG *** file /home/cubrid/work/cubrid/src/connection/tcp.c, line 1470
The css_peer_alive() is calling.
Time: 11/14/25 17:13:07.774 - DEBUG *** file /home/cubrid/work/cubrid/src/connection/tcp.c, line 1470
The css_peer_alive() is calling.
Time: 11/14/25 17:13:12.779 - DEBUG *** file /home/cubrid/work/cubrid/src/connection/tcp.c, line 1470
The css_peer_alive() is calling.
Time: 11/14/25 17:13:17.785 - DEBUG *** file /home/cubrid/work/cubrid/src/connection/tcp.c, line 1470
The css_peer_alive() is calling.
Time: 11/14/25 17:13:22.790 - DEBUG *** file /home/cubrid/work/cubrid/src/connection/tcp.c, line 1470
The css_peer_alive() is calling.
Time: 11/14/25 17:13:27.795 - DEBUG *** file /home/cubrid/work/cubrid/src/connection/tcp.c, line 1470
The css_peer_alive() is calling.
Time: 11/14/25 17:13:32.800 - DEBUG *** file /home/cubrid/work/cubrid/src/connection/tcp.c, line 1470
The css_peer_alive() is calling.
Time: 11/14/25 17:13:37.805 - DEBUG *** file /home/cubrid/work/cubrid/src/connection/tcp.c, line 1470
The css_peer_alive() is calling.
Time: 11/14/25 17:13:42.811 - DEBUG *** file /home/cubrid/work/cubrid/src/connection/tcp.c, line 1470
The css_peer_alive() is calling.
Time: 11/14/25 17:13:47.816 - DEBUG *** file /home/cubrid/work/cubrid/src/connection/tcp.c, line 1470
The css_peer_alive() is calling.
Time: 11/14/25 17:13:52.821 - DEBUG *** file /home/cubrid/work/cubrid/src/connection/tcp.c, line 1470
The css_peer_alive() is calling.
Time: 11/14/25 17:13:57.826 - DEBUG *** file /home/cubrid/work/cubrid/src/connection/tcp.c, line 1470
The css_peer_alive() is calling.
Time: 11/14/25 17:14:02.831 - DEBUG *** file /home/cubrid/work/cubrid/src/connection/tcp.c, line 1470
The css_peer_alive() is calling.
Time: 11/14/25 17:14:07.831 - DEBUG *** file /home/cubrid/work/cubrid/src/connection/tcp.c, line 1470
The css_peer_alive() is calling.
Time: 11/14/25 17:14:12.836 - DEBUG *** file /home/cubrid/work/cubrid/src/connection/tcp.c, line 1470
The css_peer_alive() is calling.
Time: 11/14/25 17:14:17.841 - DEBUG *** file /home/cubrid/work/cubrid/src/connection/tcp.c, line 1470
The css_peer_alive() is calling.
Time: 11/14/25 17:14:22.847 - DEBUG *** file /home/cubrid/work/cubrid/src/connection/tcp.c, line 1470
The css_peer_alive() is calling.
Time: 11/14/25 17:14:27.852 - DEBUG *** file /home/cubrid/work/cubrid/src/connection/tcp.c, line 1470
The css_peer_alive() is calling.
Time: 11/14/25 17:14:32.853 - DEBUG *** file /home/cubrid/work/cubrid/src/connection/tcp.c, line 1470
The css_peer_alive() is calling.
Time: 11/14/25 17:14:37.853 - DEBUG *** file /home/cubrid/work/cubrid/src/connection/tcp.c, line 1470
The css_peer_alive() is calling.
Time: 11/14/25 17:14:42.855 - DEBUG *** file /home/cubrid/work/cubrid/src/connection/tcp.c, line 1470
The css_peer_alive() is calling.
Time: 11/14/25 17:14:47.857 - DEBUG *** file /home/cubrid/work/cubrid/src/connection/tcp.c, line 1470
The css_peer_alive() is calling.
Time: 11/14/25 17:14:52.858 - DEBUG *** file /home/cubrid/work/cubrid/src/connection/tcp.c, line 1470
The css_peer_alive() is calling.
Time: 11/14/25 17:14:57.864 - DEBUG *** file /home/cubrid/work/cubrid/src/connection/tcp.c, line 1470
The css_peer_alive() is calling.
Time: 11/14/25 17:15:02.869 - DEBUG *** file /home/cubrid/work/cubrid/src/connection/tcp.c, line 1470
The css_peer_alive() is calling.
Time: 11/14/25 17:15:07.874 - DEBUG *** file /home/cubrid/work/cubrid/src/connection/tcp.c, line 1470
The css_peer_alive() is calling.
Time: 11/14/25 17:15:12.879 - DEBUG *** file /home/cubrid/work/cubrid/src/connection/tcp.c, line 1470
The css_peer_alive() is calling.
Time: 11/14/25 17:15:17.880 - DEBUG *** file /home/cubrid/work/cubrid/src/connection/tcp.c, line 1470
The css_peer_alive() is calling.
Time: 11/14/25 17:15:22.885 - DEBUG *** file /home/cubrid/work/cubrid/src/connection/tcp.c, line 1470
The css_peer_alive() is calling.
Time: 11/14/25 17:15:27.891 - DEBUG *** file /home/cubrid/work/cubrid/src/connection/tcp.c, line 1470
The css_peer_alive() is calling.
Time: 11/14/25 17:15:32.896 - DEBUG *** file /home/cubrid/work/cubrid/src/connection/tcp.c, line 1470
The css_peer_alive() is calling.
Time: 11/14/25 17:15:37.901 - DEBUG *** file /home/cubrid/work/cubrid/src/connection/tcp.c, line 1470
The css_peer_alive() is calling.
Time: 11/14/25 17:15:42.903 - DEBUG *** file /home/cubrid/work/cubrid/src/connection/tcp.c, line 1470
The css_peer_alive() is calling.
Time: 11/14/25 17:15:47.908 - DEBUG *** file /home/cubrid/work/cubrid/src/connection/tcp.c, line 1470
The css_peer_alive() is calling.
Time: 11/14/25 17:15:52.913 - DEBUG *** file /home/cubrid/work/cubrid/src/connection/tcp.c, line 1470
The css_peer_alive() is calling.
Time: 11/14/25 17:15:57.914 - DEBUG *** file /home/cubrid/work/cubrid/src/connection/tcp.c, line 1470
The css_peer_alive() is calling.
Time: 11/14/25 17:16:02.919 - DEBUG *** file /home/cubrid/work/cubrid/src/connection/tcp.c, line 1470
The css_peer_alive() is calling.
Time: 11/14/25 17:16:07.921 - DEBUG *** file /home/cubrid/work/cubrid/src/connection/tcp.c, line 1470
The css_peer_alive() is calling.
Time: 11/14/25 17:16:12.923 - DEBUG *** file /home/cubrid/work/cubrid/src/connection/tcp.c, line 1470
The css_peer_alive() is calling.
Time: 11/14/25 17:16:17.926 - DEBUG *** file /home/cubrid/work/cubrid/src/connection/tcp.c, line 1470
The css_peer_alive() is calling.
Time: 11/14/25 17:16:22.931 - DEBUG *** file /home/cubrid/work/cubrid/src/connection/tcp.c, line 1470
The css_peer_alive() is calling.
Time: 11/14/25 17:16:27.936 - DEBUG *** file /home/cubrid/work/cubrid/src/connection/tcp.c, line 1470
The css_peer_alive() is calling.
Time: 11/14/25 17:16:32.938 - DEBUG *** file /home/cubrid/work/cubrid/src/connection/tcp.c, line 1470
The css_peer_alive() is calling.
Time: 11/14/25 17:16:37.944 - DEBUG *** file /home/cubrid/work/cubrid/src/connection/tcp.c, line 1470
The css_peer_alive() is calling.
Time: 11/14/25 17:16:42.949 - DEBUG *** file /home/cubrid/work/cubrid/src/connection/tcp.c, line 1470
The css_peer_alive() is calling.
Time: 11/14/25 17:16:47.954 - DEBUG *** file /home/cubrid/work/cubrid/src/connection/tcp.c, line 1470
The css_peer_alive() is calling.
Time: 11/14/25 17:16:52.958 - DEBUG *** file /home/cubrid/work/cubrid/src/connection/tcp.c, line 1470
The css_peer_alive() is calling.
Time: 11/14/25 17:16:57.961 - DEBUG *** file /home/cubrid/work/cubrid/src/connection/tcp.c, line 1470
The css_peer_alive() is calling.
Time: 11/14/25 17:17:02.966 - DEBUG *** file /home/cubrid/work/cubrid/src/connection/tcp.c, line 1470
The css_peer_alive() is calling.
Time: 11/14/25 17:17:07.971 - DEBUG *** file /home/cubrid/work/cubrid/src/connection/tcp.c, line 1470
The css_peer_alive() is calling.
Time: 11/14/25 17:17:12.976 - DEBUG *** file /home/cubrid/work/cubrid/src/connection/tcp.c, line 1470
The css_peer_alive() is calling.
Time: 11/14/25 17:17:17.980 - DEBUG *** file /home/cubrid/work/cubrid/src/connection/tcp.c, line 1470
The css_peer_alive() is calling.
Time: 11/14/25 17:17:22.985 - DEBUG *** file /home/cubrid/work/cubrid/src/connection/tcp.c, line 1470
The css_peer_alive() is calling.
Time: 11/14/25 17:17:27.989 - DEBUG *** file /home/cubrid/work/cubrid/src/connection/tcp.c, line 1470
The css_peer_alive() is calling.
Time: 11/14/25 17:17:32.994 - DEBUG *** file /home/cubrid/work/cubrid/src/connection/tcp.c, line 1470
The css_peer_alive() is calling.
Time: 11/14/25 17:17:37.999 - DEBUG *** file /home/cubrid/work/cubrid/src/connection/tcp.c, line 1470
The css_peer_alive() is calling.
Time: 11/14/25 17:17:42.000 - DEBUG *** file /home/cubrid/work/cubrid/src/connection/tcp.c, line 1470
The css_peer_alive() is calling.
Time: 11/14/25 17:17:48.005 - DEBUG *** file /home/cubrid/work/cubrid/src/connection/tcp.c, line 1470
The css_peer_alive() is calling.
Time: 11/14/25 17:17:53.010 - DEBUG *** file /home/cubrid/work/cubrid/src/connection/tcp.c, line 1470
The css_peer_alive() is calling.
Time: 11/14/25 17:17:58.015 - DEBUG *** file /home/cubrid/work/cubrid/src/connection/tcp.c, line 1470
The css_peer_alive() is calling.
Time: 11/14/25 17:18:03.020 - DEBUG *** file /home/cubrid/work/cubrid/src/connection/tcp.c, line 1470
The css_peer_alive() is calling.
Time: 11/14/25 17:18:08.026 - DEBUG *** file /home/cubrid/work/cubrid/src/connection/tcp.c, line 1470
The css_peer_alive() is calling.
Time: 11/14/25 17:18:13.031 - DEBUG *** file /home/cubrid/work/cubrid/src/connection/tcp.c, line 1470
The css_peer_alive() is calling.
Time: 11/14/25 17:18:18.036 - DEBUG *** file /home/cubrid/work/cubrid/src/connection/tcp.c, line 1470
The css_peer_alive() is calling.
Time: 11/14/25 17:18:23.041 - DEBUG *** file /home/cubrid/work/cubrid/src/connection/tcp.c, line 1470
The css_peer_alive() is calling.
Time: 11/14/25 17:18:28.042 - DEBUG *** file /home/cubrid/work/cubrid/src/connection/tcp.c, line 1470
The css_peer_alive() is calling.
Time: 11/14/25 17:18:33.043 - DEBUG *** file /home/cubrid/work/cubrid/src/connection/tcp.c, line 1470
The css_peer_alive() is calling.
Time: 11/14/25 17:18:38.044 - DEBUG *** file /home/cubrid/work/cubrid/src/connection/tcp.c, line 1470
The css_peer_alive() is calling.
Time: 11/14/25 17:18:43.045 - DEBUG *** file /home/cubrid/work/cubrid/src/connection/tcp.c, line 1470
The css_peer_alive() is calling.
Time: 11/14/25 17:18:48.049 - DEBUG *** file /home/cubrid/work/cubrid/src/connection/tcp.c, line 1470
The css_peer_alive() is calling.
Time: 11/14/25 17:18:53.052 - DEBUG *** file /home/cubrid/work/cubrid/src/connection/tcp.c, line 1470
The css_peer_alive() is calling.
Time: 11/14/25 17:18:58.056 - DEBUG *** file /home/cubrid/work/cubrid/src/connection/tcp.c, line 1470
The css_peer_alive() is calling.
Time: 11/14/25 17:19:03.062 - DEBUG *** file /home/cubrid/work/cubrid/src/connection/tcp.c, line 1470
The css_peer_alive() is calling.
Time: 11/14/25 17:19:08.067 - DEBUG *** file /home/cubrid/work/cubrid/src/connection/tcp.c, line 1470
The css_peer_alive() is calling.
Time: 11/14/25 17:19:13.070 - DEBUG *** file /home/cubrid/work/cubrid/src/connection/tcp.c, line 1470
The css_peer_alive() is calling.
Time: 11/14/25 17:19:18.075 - DEBUG *** file /home/cubrid/work/cubrid/src/connection/tcp.c, line 1470
The css_peer_alive() is calling.
Time: 11/14/25 17:19:23.081 - DEBUG *** file /home/cubrid/work/cubrid/src/connection/tcp.c, line 1470
The css_peer_alive() is calling.
Time: 11/14/25 17:19:28.083 - DEBUG *** file /home/cubrid/work/cubrid/src/connection/tcp.c, line 1470
The css_peer_alive() is calling.
Time: 11/14/25 17:19:33.086 - DEBUG *** file /home/cubrid/work/cubrid/src/connection/tcp.c, line 1470
The css_peer_alive() is calling.
Time: 11/14/25 17:19:38.091 - DEBUG *** file /home/cubrid/work/cubrid/src/connection/tcp.c, line 1470
The css_peer_alive() is calling.
Time: 11/14/25 17:19:43.091 - DEBUG *** file /home/cubrid/work/cubrid/src/connection/tcp.c, line 1470
The css_peer_alive() is calling.
Time: 11/14/25 17:19:48.096 - DEBUG *** file /home/cubrid/work/cubrid/src/connection/tcp.c, line 1470
The css_peer_alive() is calling.
Time: 11/14/25 17:19:53.102 - DEBUG *** file /home/cubrid/work/cubrid/src/connection/tcp.c, line 1470
The css_peer_alive() is calling.
Time: 11/14/25 17:19:58.107 - DEBUG *** file /home/cubrid/work/cubrid/src/connection/tcp.c, line 1470
The css_peer_alive() is calling.
Time: 11/14/25 17:20:03.112 - DEBUG *** file /home/cubrid/work/cubrid/src/connection/tcp.c, line 1470
The css_peer_alive() is calling.
Time: 11/14/25 17:20:08.116 - DEBUG *** file /home/cubrid/work/cubrid/src/connection/tcp.c, line 1470
The css_peer_alive() is calling.
Time: 11/14/25 17:20:13.121 - DEBUG *** file /home/cubrid/work/cubrid/src/connection/tcp.c, line 1470
The css_peer_alive() is calling.
Time: 11/14/25 17:20:18.122 - DEBUG *** file /home/cubrid/work/cubrid/src/connection/tcp.c, line 1470
The css_peer_alive() is calling.
Time: 11/14/25 17:20:23.123 - DEBUG *** file /home/cubrid/work/cubrid/src/connection/tcp.c, line 1470
The css_peer_alive() is calling.
Time: 11/14/25 17:20:28.128 - DEBUG *** file /home/cubrid/work/cubrid/src/connection/tcp.c, line 1470
The css_peer_alive() is calling.
Time: 11/14/25 17:20:33.133 - DEBUG *** file /home/cubrid/work/cubrid/src/connection/tcp.c, line 1470
The css_peer_alive() is calling.
Time: 11/14/25 17:20:38.134 - DEBUG *** file /home/cubrid/work/cubrid/src/connection/tcp.c, line 1470
The css_peer_alive() is calling.
Time: 11/14/25 17:20:43.139 - DEBUG *** file /home/cubrid/work/cubrid/src/connection/tcp.c, line 1470
The css_peer_alive() is calling.
Time: 11/14/25 17:20:48.144 - DEBUG *** file /home/cubrid/work/cubrid/src/connection/tcp.c, line 1470
The css_peer_alive() is calling.
Time: 11/14/25 17:20:53.149 - DEBUG *** file /home/cubrid/work/cubrid/src/connection/tcp.c, line 1470
The css_peer_alive() is calling.
Time: 11/14/25 17:20:58.154 - DEBUG *** file /home/cubrid/work/cubrid/src/connection/tcp.c, line 1470
The css_peer_alive() is calling.
Time: 11/14/25 17:21:03.159 - DEBUG *** file /home/cubrid/work/cubrid/src/connection/tcp.c, line 1470
The css_peer_alive() is calling.
Time: 11/14/25 17:21:08.161 - DEBUG *** file /home/cubrid/work/cubrid/src/connection/tcp.c, line 1470
The css_peer_alive() is calling.
Time: 11/14/25 17:21:13.166 - DEBUG *** file /home/cubrid/work/cubrid/src/connection/tcp.c, line 1470
The css_peer_alive() is calling.
Time: 11/14/25 17:21:18.171 - DEBUG *** file /home/cubrid/work/cubrid/src/connection/tcp.c, line 1470
The css_peer_alive() is calling.
Time: 11/14/25 17:21:23.173 - DEBUG *** file /home/cubrid/work/cubrid/src/connection/tcp.c, line 1470
The css_peer_alive() is calling.
Time: 11/14/25 17:21:28.178 - DEBUG *** file /home/cubrid/work/cubrid/src/connection/tcp.c, line 1470
The css_peer_alive() is calling.
Time: 11/14/25 17:21:33.179 - DEBUG *** file /home/cubrid/work/cubrid/src/connection/tcp.c, line 1470
The css_peer_alive() is calling.
Time: 11/14/25 17:21:38.184 - DEBUG *** file /home/cubrid/work/cubrid/src/connection/tcp.c, line 1470
The css_peer_alive() is calling.
Time: 11/14/25 17:21:43.189 - DEBUG *** file /home/cubrid/work/cubrid/src/connection/tcp.c, line 1470
The css_peer_alive() is calling.
Time: 11/14/25 17:21:48.191 - DEBUG *** file /home/cubrid/work/cubrid/src/connection/tcp.c, line 1470
The css_peer_alive() is calling.
Time: 11/14/25 17:21:53.196 - DEBUG *** file /home/cubrid/work/cubrid/src/connection/tcp.c, line 1470
The css_peer_alive() is calling.
Time: 11/14/25 17:21:58.200 - DEBUG *** file /home/cubrid/work/cubrid/src/connection/tcp.c, line 1470
The css_peer_alive() is calling.
Time: 11/14/25 17:22:03.205 - DEBUG *** file /home/cubrid/work/cubrid/src/connection/tcp.c, line 1470
The css_peer_alive() is calling.
Time: 11/14/25 17:22:08.208 - DEBUG *** file /home/cubrid/work/cubrid/src/connection/tcp.c, line 1470
The css_peer_alive() is calling.
Time: 11/14/25 17:22:13.213 - DEBUG *** file /home/cubrid/work/cubrid/src/connection/tcp.c, line 1470
The css_peer_alive() is calling.
Time: 11/14/25 17:22:18.217 - DEBUG *** file /home/cubrid/work/cubrid/src/connection/tcp.c, line 1470
The css_peer_alive() is calling.
Time: 11/14/25 17:22:23.222 - DEBUG *** file /home/cubrid/work/cubrid/src/connection/tcp.c, line 1470
The css_peer_alive() is calling.
Time: 11/14/25 17:22:28.224 - DEBUG *** file /home/cubrid/work/cubrid/src/connection/tcp.c, line 1470
The css_peer_alive() is calling.
Time: 11/14/25 17:22:33.229 - DEBUG *** file /home/cubrid/work/cubrid/src/connection/tcp.c, line 1470
The css_peer_alive() is calling.
Time: 11/14/25 17:22:38.232 - DEBUG *** file /home/cubrid/work/cubrid/src/connection/tcp.c, line 1470
The css_peer_alive() is calling.
Time: 11/14/25 17:22:43.236 - DEBUG *** file /home/cubrid/work/cubrid/src/connection/tcp.c, line 1470
The css_peer_alive() is calling.
Time: 11/14/25 17:22:48.241 - DEBUG *** file /home/cubrid/work/cubrid/src/connection/tcp.c, line 1470
The css_peer_alive() is calling.
Time: 11/14/25 17:22:53.247 - DEBUG *** file /home/cubrid/work/cubrid/src/connection/tcp.c, line 1470
The css_peer_alive() is calling.
Time: 11/14/25 17:22:58.251 - DEBUG *** file /home/cubrid/work/cubrid/src/connection/tcp.c, line 1470
The css_peer_alive() is calling.
Time: 11/14/25 17:23:03.256 - DEBUG *** file /home/cubrid/work/cubrid/src/connection/tcp.c, line 1470
The css_peer_alive() is calling.
Time: 11/14/25 17:23:08.262 - DEBUG *** file /home/cubrid/work/cubrid/src/connection/tcp.c, line 1470
The css_peer_alive() is calling.
Time: 11/14/25 17:23:13.267 - DEBUG *** file /home/cubrid/work/cubrid/src/connection/tcp.c, line 1470
The css_peer_alive() is calling.
Time: 11/14/25 17:23:18.272 - DEBUG *** file /home/cubrid/work/cubrid/src/connection/tcp.c, line 1470
The css_peer_alive() is calling.
Time: 11/14/25 17:23:23.273 - DEBUG *** file /home/cubrid/work/cubrid/src/connection/tcp.c, line 1470
The css_peer_alive() is calling.
Time: 11/14/25 17:23:28.274 - DEBUG *** file /home/cubrid/work/cubrid/src/connection/tcp.c, line 1470
The css_peer_alive() is calling.
Time: 11/14/25 17:23:33.276 - DEBUG *** file /home/cubrid/work/cubrid/src/connection/tcp.c, line 1470
The css_peer_alive() is calling.
Time: 11/14/25 17:23:38.277 - DEBUG *** file /home/cubrid/work/cubrid/src/connection/tcp.c, line 1470
The css_peer_alive() is calling.
Time: 11/14/25 17:23:43.278 - DEBUG *** file /home/cubrid/work/cubrid/src/connection/tcp.c, line 1470
The css_peer_alive() is calling.
Time: 11/14/25 17:23:48.282 - DEBUG *** file /home/cubrid/work/cubrid/src/connection/tcp.c, line 1470
The css_peer_alive() is calling.
Time: 11/14/25 17:23:53.287 - DEBUG *** file /home/cubrid/work/cubrid/src/connection/tcp.c, line 1470
The css_peer_alive() is calling.
Time: 11/14/25 17:23:58.292 - DEBUG *** file /home/cubrid/work/cubrid/src/connection/tcp.c, line 1470
The css_peer_alive() is calling.
Time: 11/14/25 17:24:03.296 - DEBUG *** file /home/cubrid/work/cubrid/src/connection/tcp.c, line 1470
The css_peer_alive() is calling.
Time: 11/14/25 17:24:08.301 - DEBUG *** file /home/cubrid/work/cubrid/src/connection/tcp.c, line 1470
The css_peer_alive() is calling.
Time: 11/14/25 17:24:13.305 - DEBUG *** file /home/cubrid/work/cubrid/src/connection/tcp.c, line 1470
The css_peer_alive() is calling.
Time: 11/14/25 17:24:18.310 - DEBUG *** file /home/cubrid/work/cubrid/src/connection/tcp.c, line 1470
The css_peer_alive() is calling.
Time: 11/14/25 17:24:23.316 - DEBUG *** file /home/cubrid/work/cubrid/src/connection/tcp.c, line 1470
The css_peer_alive() is calling.
Time: 11/14/25 17:24:28.321 - DEBUG *** file /home/cubrid/work/cubrid/src/connection/tcp.c, line 1470
The css_peer_alive() is calling.
Time: 11/14/25 17:24:33.321 - DEBUG *** file /home/cubrid/work/cubrid/src/connection/tcp.c, line 1470
The css_peer_alive() is calling.
Time: 11/14/25 17:24:38.326 - DEBUG *** file /home/cubrid/work/cubrid/src/connection/tcp.c, line 1470
The css_peer_alive() is calling.
Time: 11/14/25 17:24:43.331 - DEBUG *** file /home/cubrid/work/cubrid/src/connection/tcp.c, line 1470
The css_peer_alive() is calling.
Time: 11/14/25 17:24:48.337 - DEBUG *** file /home/cubrid/work/cubrid/src/connection/tcp.c, line 1470
The css_peer_alive() is calling.
Time: 11/14/25 17:24:53.342 - DEBUG *** file /home/cubrid/work/cubrid/src/connection/tcp.c, line 1470
The css_peer_alive() is calling.
Time: 11/14/25 17:24:58.347 - DEBUG *** file /home/cubrid/work/cubrid/src/connection/tcp.c, line 1470
The css_peer_alive() is calling.
Time: 11/14/25 17:25:03.352 - DEBUG *** file /home/cubrid/work/cubrid/src/connection/tcp.c, line 1470
The css_peer_alive() is calling.
Time: 11/14/25 17:25:08.357 - DEBUG *** file /home/cubrid/work/cubrid/src/connection/tcp.c, line 1470
The css_peer_alive() is calling.
Time: 11/14/25 17:25:13.363 - DEBUG *** file /home/cubrid/work/cubrid/src/connection/tcp.c, line 1470
The css_peer_alive() is calling.
Time: 11/14/25 17:25:18.368 - DEBUG *** file /home/cubrid/work/cubrid/src/connection/tcp.c, line 1470
The css_peer_alive() is calling.
Time: 11/14/25 17:25:23.371 - DEBUG *** file /home/cubrid/work/cubrid/src/connection/tcp.c, line 1470
The css_peer_alive() is calling.
Time: 11/14/25 17:25:28.372 - DEBUG *** file /home/cubrid/work/cubrid/src/connection/tcp.c, line 1470
The css_peer_alive() is calling.
Time: 11/14/25 17:25:33.372 - DEBUG *** file /home/cubrid/work/cubrid/src/connection/tcp.c, line 1470
The css_peer_alive() is calling.
Time: 11/14/25 17:25:38.374 - DEBUG *** file /home/cubrid/work/cubrid/src/connection/tcp.c, line 1470
The css_peer_alive() is calling.
Time: 11/14/25 17:25:43.375 - DEBUG *** file /home/cubrid/work/cubrid/src/connection/tcp.c, line 1470
The css_peer_alive() is calling.
Time: 11/14/25 17:25:48.380 - DEBUG *** file /home/cubrid/work/cubrid/src/connection/tcp.c, line 1470
The css_peer_alive() is calling.
Time: 11/14/25 17:25:53.384 - DEBUG *** file /home/cubrid/work/cubrid/src/connection/tcp.c, line 1470
The css_peer_alive() is calling.
Time: 11/14/25 17:25:58.385 - DEBUG *** file /home/cubrid/work/cubrid/src/connection/tcp.c, line 1470
The css_peer_alive() is calling.
Time: 11/14/25 17:26:03.390 - DEBUG *** file /home/cubrid/work/cubrid/src/connection/tcp.c, line 1470
The css_peer_alive() is calling.
Time: 11/14/25 17:26:08.396 - DEBUG *** file /home/cubrid/work/cubrid/src/connection/tcp.c, line 1470
The css_peer_alive() is calling.
Time: 11/14/25 17:26:13.398 - DEBUG *** file /home/cubrid/work/cubrid/src/connection/tcp.c, line 1470
The css_peer_alive() is calling.
Time: 11/14/25 17:26:18.403 - DEBUG *** file /home/cubrid/work/cubrid/src/connection/tcp.c, line 1470
The css_peer_alive() is calling.
Time: 11/14/25 17:26:23.404 - DEBUG *** file /home/cubrid/work/cubrid/src/connection/tcp.c, line 1470
The css_peer_alive() is calling.
Time: 11/14/25 17:26:28.409 - DEBUG *** file /home/cubrid/work/cubrid/src/connection/tcp.c, line 1470
The css_peer_alive() is calling.
Time: 11/14/25 17:26:33.411 - DEBUG *** file /home/cubrid/work/cubrid/src/connection/tcp.c, line 1470
The css_peer_alive() is calling.
Time: 11/14/25 17:26:38.412 - DEBUG *** file /home/cubrid/work/cubrid/src/connection/tcp.c, line 1470
The css_peer_alive() is calling.
Time: 11/14/25 17:26:43.416 - DEBUG *** file /home/cubrid/work/cubrid/src/connection/tcp.c, line 1470
The css_peer_alive() is calling.
Time: 11/14/25 17:26:48.422 - DEBUG *** file /home/cubrid/work/cubrid/src/connection/tcp.c, line 1470
The css_peer_alive() is calling.
Time: 11/14/25 17:26:53.427 - DEBUG *** file /home/cubrid/work/cubrid/src/connection/tcp.c, line 1470
The css_peer_alive() is calling.
Time: 11/14/25 17:26:58.427 - DEBUG *** file /home/cubrid/work/cubrid/src/connection/tcp.c, line 1470
The css_peer_alive() is calling.
Time: 11/14/25 17:27:03.432 - DEBUG *** file /home/cubrid/work/cubrid/src/connection/tcp.c, line 1470
The css_peer_alive() is calling.
Time: 11/14/25 17:27:08.434 - DEBUG *** file /home/cubrid/work/cubrid/src/connection/tcp.c, line 1470
The css_peer_alive() is calling.
Time: 11/14/25 17:27:13.438 - DEBUG *** file /home/cubrid/work/cubrid/src/connection/tcp.c, line 1470
The css_peer_alive() is calling.
Time: 11/14/25 17:27:18.440 - DEBUG *** file /home/cubrid/work/cubrid/src/connection/tcp.c, line 1470
The css_peer_alive() is calling.
Time: 11/14/25 17:27:23.443 - DEBUG *** file /home/cubrid/work/cubrid/src/connection/tcp.c, line 1470
The css_peer_alive() is calling.
Time: 11/14/25 17:27:28.444 - DEBUG *** file /home/cubrid/work/cubrid/src/connection/tcp.c, line 1470
The css_peer_alive() is calling.
Time: 11/14/25 17:27:33.446 - DEBUG *** file /home/cubrid/work/cubrid/src/connection/tcp.c, line 1470
The css_peer_alive() is calling.
Time: 11/14/25 17:27:38.447 - DEBUG *** file /home/cubrid/work/cubrid/src/connection/tcp.c, line 1470
The css_peer_alive() is calling.
Time: 11/14/25 17:27:43.447 - DEBUG *** file /home/cubrid/work/cubrid/src/connection/tcp.c, line 1470
The css_peer_alive() is calling.
Time: 11/14/25 17:27:48.452 - DEBUG *** file /home/cubrid/work/cubrid/src/connection/tcp.c, line 1470
The css_peer_alive() is calling.
Time: 11/14/25 17:27:53.457 - DEBUG *** file /home/cubrid/work/cubrid/src/connection/tcp.c, line 1470
The css_peer_alive() is calling.
Time: 11/14/25 17:27:58.462 - DEBUG *** file /home/cubrid/work/cubrid/src/connection/tcp.c, line 1470
The css_peer_alive() is calling.
Time: 11/14/25 17:28:03.462 - DEBUG *** file /home/cubrid/work/cubrid/src/connection/tcp.c, line 1470
The css_peer_alive() is calling.
Time: 11/14/25 17:28:08.468 - DEBUG *** file /home/cubrid/work/cubrid/src/connection/tcp.c, line 1470
The css_peer_alive() is calling.
Time: 11/14/25 17:28:13.473 - DEBUG *** file /home/cubrid/work/cubrid/src/connection/tcp.c, line 1470
The css_peer_alive() is calling.
Time: 11/14/25 17:28:18.477 - DEBUG *** file /home/cubrid/work/cubrid/src/connection/tcp.c, line 1470
The css_peer_alive() is calling.
Time: 11/14/25 17:28:23.482 - DEBUG *** file /home/cubrid/work/cubrid/src/connection/tcp.c, line 1470
The css_peer_alive() is calling.
Time: 11/14/25 17:28:28.484 - DEBUG *** file /home/cubrid/work/cubrid/src/connection/tcp.c, line 1470
The css_peer_alive() is calling.
Time: 11/14/25 17:28:33.490 - DEBUG *** file /home/cubrid/work/cubrid/src/connection/tcp.c, line 1470
The css_peer_alive() is calling.
Time: 11/14/25 17:28:38.494 - DEBUG *** file /home/cubrid/work/cubrid/src/connection/tcp.c, line 1470
The css_peer_alive() is calling.
Time: 11/14/25 17:28:43.499 - DEBUG *** file /home/cubrid/work/cubrid/src/connection/tcp.c, line 1470
The css_peer_alive() is calling.
Time: 11/14/25 17:28:48.504 - DEBUG *** file /home/cubrid/work/cubrid/src/connection/tcp.c, line 1470
The css_peer_alive() is calling.
Time: 11/14/25 17:28:53.506 - DEBUG *** file /home/cubrid/work/cubrid/src/connection/tcp.c, line 1470
The css_peer_alive() is calling.
Time: 11/14/25 17:28:58.511 - DEBUG *** file /home/cubrid/work/cubrid/src/connection/tcp.c, line 1470
The css_peer_alive() is calling.
Time: 11/14/25 17:29:03.515 - DEBUG *** file /home/cubrid/work/cubrid/src/connection/tcp.c, line 1470
The css_peer_alive() is calling.
Time: 11/14/25 17:29:08.520 - DEBUG *** file /home/cubrid/work/cubrid/src/connection/tcp.c, line 1470
The css_peer_alive() is calling.
Time: 11/14/25 17:29:13.524 - DEBUG *** file /home/cubrid/work/cubrid/src/connection/tcp.c, line 1470
The css_peer_alive() is calling.
Time: 11/14/25 17:29:18.530 - DEBUG *** file /home/cubrid/work/cubrid/src/connection/tcp.c, line 1470
The css_peer_alive() is calling.
Time: 11/14/25 17:29:23.535 - DEBUG *** file /home/cubrid/work/cubrid/src/connection/tcp.c, line 1470
The css_peer_alive() is calling.
Time: 11/14/25 17:29:28.540 - DEBUG *** file /home/cubrid/work/cubrid/src/connection/tcp.c, line 1470
The css_peer_alive() is calling.
Time: 11/14/25 17:29:33.545 - DEBUG *** file /home/cubrid/work/cubrid/src/connection/tcp.c, line 1470
The css_peer_alive() is calling.
Time: 11/14/25 17:29:38.549 - DEBUG *** file /home/cubrid/work/cubrid/src/connection/tcp.c, line 1470
The css_peer_alive() is calling.
Time: 11/14/25 17:29:43.554 - DEBUG *** file /home/cubrid/work/cubrid/src/connection/tcp.c, line 1470
The css_peer_alive() is calling.
Time: 11/14/25 17:29:48.559 - DEBUG *** file /home/cubrid/work/cubrid/src/connection/tcp.c, line 1470
The css_peer_alive() is calling.
Time: 11/14/25 17:29:53.565 - DEBUG *** file /home/cubrid/work/cubrid/src/connection/tcp.c, line 1470
The css_peer_alive() is calling.
Time: 11/14/25 17:29:58.570 - DEBUG *** file /home/cubrid/work/cubrid/src/connection/tcp.c, line 1470
The css_peer_alive() is calling.
Time: 11/14/25 17:30:03.575 - DEBUG *** file /home/cubrid/work/cubrid/src/connection/tcp.c, line 1470
The css_peer_alive() is calling.
Time: 11/14/25 17:30:08.580 - DEBUG *** file /home/cubrid/work/cubrid/src/connection/tcp.c, line 1470
The css_peer_alive() is calling.
Time: 11/14/25 17:30:13.585 - DEBUG *** file /home/cubrid/work/cubrid/src/connection/tcp.c, line 1470
The css_peer_alive() is calling.
Time: 11/14/25 17:30:18.590 - DEBUG *** file /home/cubrid/work/cubrid/src/connection/tcp.c, line 1470
The css_peer_alive() is calling.
Time: 11/14/25 17:30:23.591 - DEBUG *** file /home/cubrid/work/cubrid/src/connection/tcp.c, line 1470
The css_peer_alive() is calling.
Time: 11/14/25 17:30:28.594 - DEBUG *** file /home/cubrid/work/cubrid/src/connection/tcp.c, line 1470
The css_peer_alive() is calling.
Time: 11/14/25 17:30:33.599 - DEBUG *** file /home/cubrid/work/cubrid/src/connection/tcp.c, line 1470
The css_peer_alive() is calling.
Time: 11/14/25 17:30:38.600 - DEBUG *** file /home/cubrid/work/cubrid/src/connection/tcp.c, line 1470
The css_peer_alive() is calling.
Time: 11/14/25 17:30:43.605 - DEBUG *** file /home/cubrid/work/cubrid/src/connection/tcp.c, line 1470
The css_peer_alive() is calling.
Time: 11/14/25 17:30:48.610 - DEBUG *** file /home/cubrid/work/cubrid/src/connection/tcp.c, line 1470
The css_peer_alive() is calling.
Time: 11/14/25 17:30:53.615 - DEBUG *** file /home/cubrid/work/cubrid/src/connection/tcp.c, line 1470
The css_peer_alive() is calling.
Time: 11/14/25 17:30:58.620 - DEBUG *** file /home/cubrid/work/cubrid/src/connection/tcp.c, line 1470
The css_peer_alive() is calling.
Time: 11/14/25 17:31:03.625 - DEBUG *** file /home/cubrid/work/cubrid/src/connection/tcp.c, line 1470
The css_peer_alive() is calling.
Time: 11/14/25 17:31:08.630 - DEBUG *** file /home/cubrid/work/cubrid/src/connection/tcp.c, line 1470
The css_peer_alive() is calling.
Time: 11/14/25 17:31:13.635 - DEBUG *** file /home/cubrid/work/cubrid/src/connection/tcp.c, line 1470
The css_peer_alive() is calling.
Time: 11/14/25 17:31:18.641 - DEBUG *** file /home/cubrid/work/cubrid/src/connection/tcp.c, line 1470
The css_peer_alive() is calling.
Time: 11/14/25 17:31:23.645 - DEBUG *** file /home/cubrid/work/cubrid/src/connection/tcp.c, line 1470
The css_peer_alive() is calling.
Time: 11/14/25 17:31:28.648 - DEBUG *** file /home/cubrid/work/cubrid/src/connection/tcp.c, line 1470
The css_peer_alive() is calling.
Time: 11/14/25 17:31:33.654 - DEBUG *** file /home/cubrid/work/cubrid/src/connection/tcp.c, line 1470
The css_peer_alive() is calling.
Time: 11/14/25 17:31:38.658 - DEBUG *** file /home/cubrid/work/cubrid/src/connection/tcp.c, line 1470
The css_peer_alive() is calling.
Time: 11/14/25 17:31:43.663 - DEBUG *** file /home/cubrid/work/cubrid/src/connection/tcp.c, line 1470
The css_peer_alive() is calling.
Time: 11/14/25 17:31:48.668 - DEBUG *** file /home/cubrid/work/cubrid/src/connection/tcp.c, line 1470
The css_peer_alive() is calling.
Time: 11/14/25 17:31:53.672 - DEBUG *** file /home/cubrid/work/cubrid/src/connection/tcp.c, line 1470
The css_peer_alive() is calling.
Time: 11/14/25 17:31:58.677 - DEBUG *** file /home/cubrid/work/cubrid/src/connection/tcp.c, line 1470
The css_peer_alive() is calling.
Time: 11/14/25 17:32:03.683 - DEBUG *** file /home/cubrid/work/cubrid/src/connection/tcp.c, line 1470
The css_peer_alive() is calling.
Time: 11/14/25 17:32:08.688 - DEBUG *** file /home/cubrid/work/cubrid/src/connection/tcp.c, line 1470
The css_peer_alive() is calling.
Time: 11/14/25 17:32:13.691 - DEBUG *** file /home/cubrid/work/cubrid/src/connection/tcp.c, line 1470
The css_peer_alive() is calling.
Time: 11/14/25 17:32:18.697 - DEBUG *** file /home/cubrid/work/cubrid/src/connection/tcp.c, line 1470
The css_peer_alive() is calling.
Time: 11/14/25 17:32:23.702 - DEBUG *** file /home/cubrid/work/cubrid/src/connection/tcp.c, line 1470
The css_peer_alive() is calling.
Time: 11/14/25 17:32:28.707 - DEBUG *** file /home/cubrid/work/cubrid/src/connection/tcp.c, line 1470
The css_peer_alive() is calling.
Time: 11/14/25 17:32:33.712 - DEBUG *** file /home/cubrid/work/cubrid/src/connection/tcp.c, line 1470
The css_peer_alive() is calling.
Time: 11/14/25 17:32:38.713 - DEBUG *** file /home/cubrid/work/cubrid/src/connection/tcp.c, line 1470
The css_peer_alive() is calling.
Time: 11/14/25 17:32:43.718 - DEBUG *** file /home/cubrid/work/cubrid/src/connection/tcp.c, line 1470
The css_peer_alive() is calling.
Time: 11/14/25 17:32:48.720 - DEBUG *** file /home/cubrid/work/cubrid/src/connection/tcp.c, line 1470
The css_peer_alive() is calling.
Time: 11/14/25 17:32:53.722 - DEBUG *** file /home/cubrid/work/cubrid/src/connection/tcp.c, line 1470
The css_peer_alive() is calling.
Time: 11/14/25 17:32:58.727 - DEBUG *** file /home/cubrid/work/cubrid/src/connection/tcp.c, line 1470
The css_peer_alive() is calling.
Time: 11/14/25 17:33:03.732 - DEBUG *** file /home/cubrid/work/cubrid/src/connection/tcp.c, line 1470
The css_peer_alive() is calling.
Time: 11/14/25 17:33:08.737 - DEBUG *** file /home/cubrid/work/cubrid/src/connection/tcp.c, line 1470
The css_peer_alive() is calling.
Time: 11/14/25 17:33:13.743 - DEBUG *** file /home/cubrid/work/cubrid/src/connection/tcp.c, line 1470
The css_peer_alive() is calling.
Time: 11/14/25 17:33:18.744 - DEBUG *** file /home/cubrid/work/cubrid/src/connection/tcp.c, line 1470
The css_peer_alive() is calling.
Time: 11/14/25 17:33:23.749 - DEBUG *** file /home/cubrid/work/cubrid/src/connection/tcp.c, line 1470
The css_peer_alive() is calling.
Time: 11/14/25 17:33:28.755 - DEBUG *** file /home/cubrid/work/cubrid/src/connection/tcp.c, line 1470
The css_peer_alive() is calling.
Time: 11/14/25 17:33:33.760 - DEBUG *** file /home/cubrid/work/cubrid/src/connection/tcp.c, line 1470
The css_peer_alive() is calling.
Time: 11/14/25 17:33:38.765 - DEBUG *** file /home/cubrid/work/cubrid/src/connection/tcp.c, line 1470
The css_peer_alive() is calling.
Time: 11/14/25 17:33:43.770 - DEBUG *** file /home/cubrid/work/cubrid/src/connection/tcp.c, line 1470
The css_peer_alive() is calling.
Time: 11/14/25 17:33:48.772 - DEBUG *** file /home/cubrid/work/cubrid/src/connection/tcp.c, line 1470
The css_peer_alive() is calling.
Time: 11/14/25 17:33:53.777 - DEBUG *** file /home/cubrid/work/cubrid/src/connection/tcp.c, line 1470
The css_peer_alive() is calling.
Time: 11/14/25 17:33:58.782 - DEBUG *** file /home/cubrid/work/cubrid/src/connection/tcp.c, line 1470
The css_peer_alive() is calling.
Time: 11/14/25 17:34:03.788 - DEBUG *** file /home/cubrid/work/cubrid/src/connection/tcp.c, line 1470
The css_peer_alive() is calling.
Time: 11/14/25 17:34:08.793 - DEBUG *** file /home/cubrid/work/cubrid/src/connection/tcp.c, line 1470
The css_peer_alive() is calling.
Time: 11/14/25 17:34:13.798 - DEBUG *** file /home/cubrid/work/cubrid/src/connection/tcp.c, line 1470
The css_peer_alive() is calling.
Time: 11/14/25 17:34:18.802 - DEBUG *** file /home/cubrid/work/cubrid/src/connection/tcp.c, line 1470
The css_peer_alive() is calling.
Time: 11/14/25 17:34:23.807 - DEBUG *** file /home/cubrid/work/cubrid/src/connection/tcp.c, line 1470
The css_peer_alive() is calling.
Time: 11/14/25 17:34:28.808 - DEBUG *** file /home/cubrid/work/cubrid/src/connection/tcp.c, line 1470
The css_peer_alive() is calling.
Time: 11/14/25 17:34:33.814 - DEBUG *** file /home/cubrid/work/cubrid/src/connection/tcp.c, line 1470
The css_peer_alive() is calling.
Time: 11/14/25 17:34:38.815 - DEBUG *** file /home/cubrid/work/cubrid/src/connection/tcp.c, line 1470
The css_peer_alive() is calling.
Time: 11/14/25 17:34:43.821 - DEBUG *** file /home/cubrid/work/cubrid/src/connection/tcp.c, line 1470
The css_peer_alive() is calling.
Time: 11/14/25 17:34:48.826 - DEBUG *** file /home/cubrid/work/cubrid/src/connection/tcp.c, line 1470
The css_peer_alive() is calling.
Time: 11/14/25 17:34:53.831 - DEBUG *** file /home/cubrid/work/cubrid/src/connection/tcp.c, line 1470
The css_peer_alive() is calling.
Time: 11/14/25 17:34:58.836 - DEBUG *** file /home/cubrid/work/cubrid/src/connection/tcp.c, line 1470
The css_peer_alive() is calling.
Time: 11/14/25 17:35:03.838 - DEBUG *** file /home/cubrid/work/cubrid/src/connection/tcp.c, line 1470
The css_peer_alive() is calling.
Time: 11/14/25 17:35:08.843 - DEBUG *** file /home/cubrid/work/cubrid/src/connection/tcp.c, line 1470
The css_peer_alive() is calling.
Time: 11/14/25 17:35:13.848 - DEBUG *** file /home/cubrid/work/cubrid/src/connection/tcp.c, line 1470
The css_peer_alive() is calling.
Time: 11/14/25 17:35:18.853 - DEBUG *** file /home/cubrid/work/cubrid/src/connection/tcp.c, line 1470
The css_peer_alive() is calling.
Time: 11/14/25 17:35:23.858 - DEBUG *** file /home/cubrid/work/cubrid/src/connection/tcp.c, line 1470
The css_peer_alive() is calling.
Time: 11/14/25 17:35:28.863 - DEBUG *** file /home/cubrid/work/cubrid/src/connection/tcp.c, line 1470
The css_peer_alive() is calling.
Time: 11/14/25 17:35:33.868 - DEBUG *** file /home/cubrid/work/cubrid/src/connection/tcp.c, line 1470
The css_peer_alive() is calling.
Time: 11/14/25 17:35:38.870 - DEBUG *** file /home/cubrid/work/cubrid/src/connection/tcp.c, line 1470
The css_peer_alive() is calling.
Time: 11/14/25 17:35:43.873 - DEBUG *** file /home/cubrid/work/cubrid/src/connection/tcp.c, line 1470
The css_peer_alive() is calling.
Time: 11/14/25 17:35:48.878 - DEBUG *** file /home/cubrid/work/cubrid/src/connection/tcp.c, line 1470
The css_peer_alive() is calling.
Time: 11/14/25 17:35:53.880 - DEBUG *** file /home/cubrid/work/cubrid/src/connection/tcp.c, line 1470
The css_peer_alive() is calling.
Time: 11/14/25 17:35:58.883 - DEBUG *** file /home/cubrid/work/cubrid/src/connection/tcp.c, line 1470
The css_peer_alive() is calling.
Time: 11/14/25 17:36:03.886 - DEBUG *** file /home/cubrid/work/cubrid/src/connection/tcp.c, line 1470
The css_peer_alive() is calling.
Time: 11/14/25 17:36:08.891 - DEBUG *** file /home/cubrid/work/cubrid/src/connection/tcp.c, line 1470
The css_peer_alive() is calling.
Time: 11/14/25 17:36:13.891 - DEBUG *** file /home/cubrid/work/cubrid/src/connection/tcp.c, line 1470
The css_peer_alive() is calling.
Time: 11/14/25 17:36:18.897 - DEBUG *** file /home/cubrid/work/cubrid/src/connection/tcp.c, line 1470
The css_peer_alive() is calling.
Time: 11/14/25 17:36:23.902 - DEBUG *** file /home/cubrid/work/cubrid/src/connection/tcp.c, line 1470
The css_peer_alive() is calling.
Time: 11/14/25 17:36:28.903 - DEBUG *** file /home/cubrid/work/cubrid/src/connection/tcp.c, line 1470
The css_peer_alive() is calling.
Time: 11/14/25 17:36:33.903 - DEBUG *** file /home/cubrid/work/cubrid/src/connection/tcp.c, line 1470
The css_peer_alive() is calling.
Time: 11/14/25 17:36:38.907 - DEBUG *** file /home/cubrid/work/cubrid/src/connection/tcp.c, line 1470
The css_peer_alive() is calling.
Time: 11/14/25 17:36:43.907 - DEBUG *** file /home/cubrid/work/cubrid/src/connection/tcp.c, line 1470
The css_peer_alive() is calling.
Time: 11/14/25 17:36:48.912 - DEBUG *** file /home/cubrid/work/cubrid/src/connection/tcp.c, line 1470
The css_peer_alive() is calling.
Time: 11/14/25 17:36:53.917 - DEBUG *** file /home/cubrid/work/cubrid/src/connection/tcp.c, line 1470
The css_peer_alive() is calling.
Time: 11/14/25 17:36:58.918 - DEBUG *** file /home/cubrid/work/cubrid/src/connection/tcp.c, line 1470
The css_peer_alive() is calling.
Time: 11/14/25 17:37:03.925 - DEBUG *** file /home/cubrid/work/cubrid/src/connection/tcp.c, line 1470
The css_peer_alive() is calling.
Time: 11/14/25 17:37:08.926 - DEBUG *** file /home/cubrid/work/cubrid/src/connection/tcp.c, line 1470
The css_peer_alive() is calling.
Time: 11/14/25 17:37:13.930 - DEBUG *** file /home/cubrid/work/cubrid/src/connection/tcp.c, line 1470
The css_peer_alive() is calling.
Time: 11/14/25 17:37:18.933 - DEBUG *** file /home/cubrid/work/cubrid/src/connection/tcp.c, line 1470
The css_peer_alive() is calling.
Time: 11/14/25 17:37:23.933 - DEBUG *** file /home/cubrid/work/cubrid/src/connection/tcp.c, line 1470
The css_peer_alive() is calling.
Time: 11/14/25 17:37:28.937 - DEBUG *** file /home/cubrid/work/cubrid/src/connection/tcp.c, line 1470
The css_peer_alive() is calling.
Time: 11/14/25 17:37:33.940 - DEBUG *** file /home/cubrid/work/cubrid/src/connection/tcp.c, line 1470
The css_peer_alive() is calling.
Time: 11/14/25 17:37:38.945 - DEBUG *** file /home/cubrid/work/cubrid/src/connection/tcp.c, line 1470
The css_peer_alive() is calling.
Time: 11/14/25 17:37:43.950 - DEBUG *** file /home/cubrid/work/cubrid/src/connection/tcp.c, line 1470
The css_peer_alive() is calling.
Time: 11/14/25 17:37:48.955 - DEBUG *** file /home/cubrid/work/cubrid/src/connection/tcp.c, line 1470
The css_peer_alive() is calling.
Time: 11/14/25 17:37:53.960 - DEBUG *** file /home/cubrid/work/cubrid/src/connection/tcp.c, line 1470
The css_peer_alive() is calling.
Time: 11/14/25 17:37:58.964 - DEBUG *** file /home/cubrid/work/cubrid/src/connection/tcp.c, line 1470
The css_peer_alive() is calling.
Time: 11/14/25 17:38:03.969 - DEBUG *** file /home/cubrid/work/cubrid/src/connection/tcp.c, line 1470
The css_peer_alive() is calling.
Time: 11/14/25 17:38:08.974 - DEBUG *** file /home/cubrid/work/cubrid/src/connection/tcp.c, line 1470
The css_peer_alive() is calling.
Time: 11/14/25 17:38:13.978 - DEBUG *** file /home/cubrid/work/cubrid/src/connection/tcp.c, line 1470
The css_peer_alive() is calling.
Time: 11/14/25 17:38:18.982 - DEBUG *** file /home/cubrid/work/cubrid/src/connection/tcp.c, line 1470
The css_peer_alive() is calling.
Time: 11/14/25 17:38:23.987 - DEBUG *** file /home/cubrid/work/cubrid/src/connection/tcp.c, line 1470
The css_peer_alive() is calling.
Time: 11/14/25 17:38:28.993 - DEBUG *** file /home/cubrid/work/cubrid/src/connection/tcp.c, line 1470
The css_peer_alive() is calling.
Time: 11/14/25 17:38:33.998 - DEBUG *** file /home/cubrid/work/cubrid/src/connection/tcp.c, line 1470
The css_peer_alive() is calling.
Time: 11/14/25 17:38:39.003 - DEBUG *** file /home/cubrid/work/cubrid/src/connection/tcp.c, line 1470
The css_peer_alive() is calling.
Time: 11/14/25 17:38:44.008 - DEBUG *** file /home/cubrid/work/cubrid/src/connection/tcp.c, line 1470
The css_peer_alive() is calling.
Time: 11/14/25 17:38:49.013 - DEBUG *** file /home/cubrid/work/cubrid/src/connection/tcp.c, line 1470
The css_peer_alive() is calling.
Time: 11/14/25 17:38:54.018 - DEBUG *** file /home/cubrid/work/cubrid/src/connection/tcp.c, line 1470
The css_peer_alive() is calling.
Time: 11/14/25 17:38:59.020 - DEBUG *** file /home/cubrid/work/cubrid/src/connection/tcp.c, line 1470
The css_peer_alive() is calling.
Time: 11/14/25 17:39:04.025 - DEBUG *** file /home/cubrid/work/cubrid/src/connection/tcp.c, line 1470
The css_peer_alive() is calling.
Time: 11/14/25 17:39:09.027 - DEBUG *** file /home/cubrid/work/cubrid/src/connection/tcp.c, line 1470
The css_peer_alive() is calling.
Time: 11/14/25 17:39:14.033 - DEBUG *** file /home/cubrid/work/cubrid/src/connection/tcp.c, line 1470
The css_peer_alive() is calling.
Time: 11/14/25 17:39:19.038 - DEBUG *** file /home/cubrid/work/cubrid/src/connection/tcp.c, line 1470
The css_peer_alive() is calling.
Time: 11/14/25 17:39:24.043 - DEBUG *** file /home/cubrid/work/cubrid/src/connection/tcp.c, line 1470
The css_peer_alive() is calling.
Time: 11/14/25 17:39:29.046 - DEBUG *** file /home/cubrid/work/cubrid/src/connection/tcp.c, line 1470
The css_peer_alive() is calling.
Time: 11/14/25 17:39:34.047 - DEBUG *** file /home/cubrid/work/cubrid/src/connection/tcp.c, line 1470
The css_peer_alive() is calling.
Time: 11/14/25 17:39:39.052 - DEBUG *** file /home/cubrid/work/cubrid/src/connection/tcp.c, line 1470
The css_peer_alive() is calling.
Time: 11/14/25 17:39:44.057 - DEBUG *** file /home/cubrid/work/cubrid/src/connection/tcp.c, line 1470
The css_peer_alive() is calling.
Time: 11/14/25 17:39:49.058 - DEBUG *** file /home/cubrid/work/cubrid/src/connection/tcp.c, line 1470
The css_peer_alive() is calling.
Time: 11/14/25 17:39:54.062 - DEBUG *** file /home/cubrid/work/cubrid/src/connection/tcp.c, line 1470
The css_peer_alive() is calling.
Time: 11/14/25 17:39:59.065 - DEBUG *** file /home/cubrid/work/cubrid/src/connection/tcp.c, line 1470
The css_peer_alive() is calling.
Time: 11/14/25 17:40:04.070 - DEBUG *** file /home/cubrid/work/cubrid/src/connection/tcp.c, line 1470
The css_peer_alive() is calling.
Time: 11/14/25 17:40:09.075 - DEBUG *** file /home/cubrid/work/cubrid/src/connection/tcp.c, line 1470
The css_peer_alive() is calling.
Time: 11/14/25 17:40:14.077 - DEBUG *** file /home/cubrid/work/cubrid/src/connection/tcp.c, line 1470
The css_peer_alive() is calling.
Time: 11/14/25 17:40:19.082 - DEBUG *** file /home/cubrid/work/cubrid/src/connection/tcp.c, line 1470
The css_peer_alive() is calling.
Time: 11/14/25 17:40:24.088 - DEBUG *** file /home/cubrid/work/cubrid/src/connection/tcp.c, line 1470
The css_peer_alive() is calling.
Time: 11/14/25 17:40:29.092 - DEBUG *** file /home/cubrid/work/cubrid/src/connection/tcp.c, line 1470
The css_peer_alive() is calling.
Time: 11/14/25 17:40:34.097 - DEBUG *** file /home/cubrid/work/cubrid/src/connection/tcp.c, line 1470
The css_peer_alive() is calling.
Time: 11/14/25 17:40:39.098 - DEBUG *** file /home/cubrid/work/cubrid/src/connection/tcp.c, line 1470
The css_peer_alive() is calling.
Time: 11/14/25 17:40:44.101 - DEBUG *** file /home/cubrid/work/cubrid/src/connection/tcp.c, line 1470
The css_peer_alive() is calling.
Time: 11/14/25 17:40:49.104 - DEBUG *** file /home/cubrid/work/cubrid/src/connection/tcp.c, line 1470
The css_peer_alive() is calling.
Time: 11/14/25 17:40:54.107 - DEBUG *** file /home/cubrid/work/cubrid/src/connection/tcp.c, line 1470
The css_peer_alive() is calling.
Time: 11/14/25 17:40:59.109 - DEBUG *** file /home/cubrid/work/cubrid/src/connection/tcp.c, line 1470
The css_peer_alive() is calling.
Time: 11/14/25 17:41:04.114 - DEBUG *** file /home/cubrid/work/cubrid/src/connection/tcp.c, line 1470
The css_peer_alive() is calling.
Time: 11/14/25 17:41:09.119 - DEBUG *** file /home/cubrid/work/cubrid/src/connection/tcp.c, line 1470
The css_peer_alive() is calling.
Time: 11/14/25 17:41:14.125 - DEBUG *** file /home/cubrid/work/cubrid/src/connection/tcp.c, line 1470
The css_peer_alive() is calling.
Time: 11/14/25 17:41:19.130 - DEBUG *** file /home/cubrid/work/cubrid/src/connection/tcp.c, line 1470
The css_peer_alive() is calling.
Time: 11/14/25 17:41:24.132 - DEBUG *** file /home/cubrid/work/cubrid/src/connection/tcp.c, line 1470
The css_peer_alive() is calling.
Time: 11/14/25 17:41:29.136 - DEBUG *** file /home/cubrid/work/cubrid/src/connection/tcp.c, line 1470
The css_peer_alive() is calling.
Time: 11/14/25 17:41:34.141 - DEBUG *** file /home/cubrid/work/cubrid/src/connection/tcp.c, line 1470
The css_peer_alive() is calling.
Time: 11/14/25 17:41:39.143 - DEBUG *** file /home/cubrid/work/cubrid/src/connection/tcp.c, line 1470
The css_peer_alive() is calling.
Time: 11/14/25 17:41:44.148 - DEBUG *** file /home/cubrid/work/cubrid/src/connection/tcp.c, line 1470
The css_peer_alive() is calling.
Time: 11/14/25 17:41:49.152 - DEBUG *** file /home/cubrid/work/cubrid/src/connection/tcp.c, line 1470
The css_peer_alive() is calling.
Time: 11/14/25 17:41:54.155 - DEBUG *** file /home/cubrid/work/cubrid/src/connection/tcp.c, line 1470
The css_peer_alive() is calling.
Time: 11/14/25 17:41:59.156 - DEBUG *** file /home/cubrid/work/cubrid/src/connection/tcp.c, line 1470
The css_peer_alive() is calling.
Time: 11/14/25 17:42:04.160 - DEBUG *** file /home/cubrid/work/cubrid/src/connection/tcp.c, line 1470
The css_peer_alive() is calling.
Time: 11/14/25 17:42:09.163 - DEBUG *** file /home/cubrid/work/cubrid/src/connection/tcp.c, line 1470
The css_peer_alive() is calling.
Time: 11/14/25 17:42:14.165 - DEBUG *** file /home/cubrid/work/cubrid/src/connection/tcp.c, line 1470
The css_peer_alive() is calling.
Time: 11/14/25 17:42:19.170 - DEBUG *** file /home/cubrid/work/cubrid/src/connection/tcp.c, line 1470
The css_peer_alive() is calling.
Time: 11/14/25 17:42:24.170 - DEBUG *** file /home/cubrid/work/cubrid/src/connection/tcp.c, line 1470
The css_peer_alive() is calling.
Time: 11/14/25 17:42:29.175 - DEBUG *** file /home/cubrid/work/cubrid/src/connection/tcp.c, line 1470
The css_peer_alive() is calling.
Time: 11/14/25 17:42:34.180 - DEBUG *** file /home/cubrid/work/cubrid/src/connection/tcp.c, line 1470
The css_peer_alive() is calling.
Time: 11/14/25 17:42:39.181 - DEBUG *** file /home/cubrid/work/cubrid/src/connection/tcp.c, line 1470
The css_peer_alive() is calling.
Time: 11/14/25 17:42:44.183 - DEBUG *** file /home/cubrid/work/cubrid/src/connection/tcp.c, line 1470
The css_peer_alive() is calling.
Time: 11/14/25 17:42:49.187 - DEBUG *** file /home/cubrid/work/cubrid/src/connection/tcp.c, line 1470
The css_peer_alive() is calling.
Time: 11/14/25 17:42:54.190 - DEBUG *** file /home/cubrid/work/cubrid/src/connection/tcp.c, line 1470
The css_peer_alive() is calling.
Time: 11/14/25 17:42:59.193 - DEBUG *** file /home/cubrid/work/cubrid/src/connection/tcp.c, line 1470
The css_peer_alive() is calling.
Time: 11/14/25 17:43:04.198 - DEBUG *** file /home/cubrid/work/cubrid/src/connection/tcp.c, line 1470
The css_peer_alive() is calling.
Time: 11/14/25 17:43:09.203 - DEBUG *** file /home/cubrid/work/cubrid/src/connection/tcp.c, line 1470
The css_peer_alive() is calling.
Time: 11/14/25 17:43:14.206 - DEBUG *** file /home/cubrid/work/cubrid/src/connection/tcp.c, line 1470
The css_peer_alive() is calling.
Time: 11/14/25 17:43:19.207 - DEBUG *** file /home/cubrid/work/cubrid/src/connection/tcp.c, line 1470
The css_peer_alive() is calling.
Time: 11/14/25 17:43:24.209 - DEBUG *** file /home/cubrid/work/cubrid/src/connection/tcp.c, line 1470
The css_peer_alive() is calling.
Time: 11/14/25 17:43:29.209 - DEBUG *** file /home/cubrid/work/cubrid/src/connection/tcp.c, line 1470
The css_peer_alive() is calling.
Time: 11/14/25 17:43:34.211 - DEBUG *** file /home/cubrid/work/cubrid/src/connection/tcp.c, line 1470
The css_peer_alive() is calling.
Time: 11/14/25 17:43:39.216 - DEBUG *** file /home/cubrid/work/cubrid/src/connection/tcp.c, line 1470
The css_peer_alive() is calling.
Time: 11/14/25 17:43:44.222 - DEBUG *** file /home/cubrid/work/cubrid/src/connection/tcp.c, line 1470
The css_peer_alive() is calling.
Time: 11/14/25 17:43:49.222 - DEBUG *** file /home/cubrid/work/cubrid/src/connection/tcp.c, line 1470
The css_peer_alive() is calling.
Time: 11/14/25 17:43:54.227 - DEBUG *** file /home/cubrid/work/cubrid/src/connection/tcp.c, line 1470
The css_peer_alive() is calling.
Time: 11/14/25 17:43:59.233 - DEBUG *** file /home/cubrid/work/cubrid/src/connection/tcp.c, line 1470
The css_peer_alive() is calling.
Time: 11/14/25 17:44:04.234 - DEBUG *** file /home/cubrid/work/cubrid/src/connection/tcp.c, line 1470
The css_peer_alive() is calling.
Time: 11/14/25 17:44:09.236 - DEBUG *** file /home/cubrid/work/cubrid/src/connection/tcp.c, line 1470
The css_peer_alive() is calling.
Time: 11/14/25 17:44:14.237 - DEBUG *** file /home/cubrid/work/cubrid/src/connection/tcp.c, line 1470
The css_peer_alive() is calling.
Time: 11/14/25 17:44:19.238 - DEBUG *** file /home/cubrid/work/cubrid/src/connection/tcp.c, line 1470
The css_peer_alive() is calling.
Time: 11/14/25 17:44:24.239 - DEBUG *** file /home/cubrid/work/cubrid/src/connection/tcp.c, line 1470
The css_peer_alive() is calling.
Time: 11/14/25 17:44:29.240 - DEBUG *** file /home/cubrid/work/cubrid/src/connection/tcp.c, line 1470
The css_peer_alive() is calling.
Time: 11/14/25 17:44:34.241 - DEBUG *** file /home/cubrid/work/cubrid/src/connection/tcp.c, line 1470
The css_peer_alive() is calling.
Time: 11/14/25 17:44:39.246 - DEBUG *** file /home/cubrid/work/cubrid/src/connection/tcp.c, line 1470
The css_peer_alive() is calling.
Time: 11/14/25 17:44:44.252 - DEBUG *** file /home/cubrid/work/cubrid/src/connection/tcp.c, line 1470
The css_peer_alive() is calling.
Time: 11/14/25 17:44:49.257 - DEBUG *** file /home/cubrid/work/cubrid/src/connection/tcp.c, line 1470
The css_peer_alive() is calling.
Time: 11/14/25 17:44:54.262 - DEBUG *** file /home/cubrid/work/cubrid/src/connection/tcp.c, line 1470
The css_peer_alive() is calling.
Time: 11/14/25 17:44:59.267 - DEBUG *** file /home/cubrid/work/cubrid/src/connection/tcp.c, line 1470
The css_peer_alive() is calling.
Time: 11/14/25 17:45:04.272 - DEBUG *** file /home/cubrid/work/cubrid/src/connection/tcp.c, line 1470
The css_peer_alive() is calling.
Time: 11/14/25 17:45:09.275 - DEBUG *** file /home/cubrid/work/cubrid/src/connection/tcp.c, line 1470
The css_peer_alive() is calling.
Time: 11/14/25 17:45:14.280 - DEBUG *** file /home/cubrid/work/cubrid/src/connection/tcp.c, line 1470
The css_peer_alive() is calling.
Time: 11/14/25 17:45:19.283 - DEBUG *** file /home/cubrid/work/cubrid/src/connection/tcp.c, line 1470
The css_peer_alive() is calling.
Time: 11/14/25 17:45:24.284 - DEBUG *** file /home/cubrid/work/cubrid/src/connection/tcp.c, line 1470
The css_peer_alive() is calling.
Time: 11/14/25 17:45:29.288 - DEBUG *** file /home/cubrid/work/cubrid/src/connection/tcp.c, line 1470
The css_peer_alive() is calling.
Time: 11/14/25 17:45:34.290 - DEBUG *** file /home/cubrid/work/cubrid/src/connection/tcp.c, line 1470
The css_peer_alive() is calling.
Time: 11/14/25 17:45:39.295 - DEBUG *** file /home/cubrid/work/cubrid/src/connection/tcp.c, line 1470
The css_peer_alive() is calling.
Time: 11/14/25 17:45:44.300 - DEBUG *** file /home/cubrid/work/cubrid/src/connection/tcp.c, line 1470
The css_peer_alive() is calling.
Time: 11/14/25 17:45:49.305 - DEBUG *** file /home/cubrid/work/cubrid/src/connection/tcp.c, line 1470
The css_peer_alive() is calling.
Time: 11/14/25 17:45:54.310 - DEBUG *** file /home/cubrid/work/cubrid/src/connection/tcp.c, line 1470
The css_peer_alive() is calling.
Time: 11/14/25 17:45:59.315 - DEBUG *** file /home/cubrid/work/cubrid/src/connection/tcp.c, line 1470
The css_peer_alive() is calling.
Time: 11/14/25 17:46:04.320 - DEBUG *** file /home/cubrid/work/cubrid/src/connection/tcp.c, line 1470
The css_peer_alive() is calling.
Time: 11/14/25 17:46:09.325 - DEBUG *** file /home/cubrid/work/cubrid/src/connection/tcp.c, line 1470
The css_peer_alive() is calling.
Time: 11/14/25 17:46:14.331 - DEBUG *** file /home/cubrid/work/cubrid/src/connection/tcp.c, line 1470
The css_peer_alive() is calling.
Time: 11/14/25 17:46:19.333 - DEBUG *** file /home/cubrid/work/cubrid/src/connection/tcp.c, line 1470
The css_peer_alive() is calling.
Time: 11/14/25 17:46:24.338 - DEBUG *** file /home/cubrid/work/cubrid/src/connection/tcp.c, line 1470
The css_peer_alive() is calling.
Time: 11/14/25 17:46:29.343 - DEBUG *** file /home/cubrid/work/cubrid/src/connection/tcp.c, line 1470
The css_peer_alive() is calling.
Time: 11/14/25 17:46:34.348 - DEBUG *** file /home/cubrid/work/cubrid/src/connection/tcp.c, line 1470
The css_peer_alive() is calling.
Time: 11/14/25 17:46:39.351 - DEBUG *** file /home/cubrid/work/cubrid/src/connection/tcp.c, line 1470
The css_peer_alive() is calling.
Time: 11/14/25 17:46:44.356 - DEBUG *** file /home/cubrid/work/cubrid/src/connection/tcp.c, line 1470
The css_peer_alive() is calling.
Time: 11/14/25 17:46:49.358 - DEBUG *** file /home/cubrid/work/cubrid/src/connection/tcp.c, line 1470
The css_peer_alive() is calling.
Time: 11/14/25 17:46:54.362 - DEBUG *** file /home/cubrid/work/cubrid/src/connection/tcp.c, line 1470
The css_peer_alive() is calling.
Time: 11/14/25 17:46:59.363 - DEBUG *** file /home/cubrid/work/cubrid/src/connection/tcp.c, line 1470
The css_peer_alive() is calling.
Time: 11/14/25 17:47:04.363 - DEBUG *** file /home/cubrid/work/cubrid/src/connection/tcp.c, line 1470
The css_peer_alive() is calling.
Time: 11/14/25 17:47:09.368 - DEBUG *** file /home/cubrid/work/cubrid/src/connection/tcp.c, line 1470
The css_peer_alive() is calling.
Time: 11/14/25 17:47:14.372 - DEBUG *** file /home/cubrid/work/cubrid/src/connection/tcp.c, line 1470
The css_peer_alive() is calling.
Time: 11/14/25 17:47:19.375 - DEBUG *** file /home/cubrid/work/cubrid/src/connection/tcp.c, line 1470
The css_peer_alive() is calling.
Time: 11/14/25 17:47:24.378 - DEBUG *** file /home/cubrid/work/cubrid/src/connection/tcp.c, line 1470
The css_peer_alive() is calling.
Time: 11/14/25 17:47:29.379 - DEBUG *** file /home/cubrid/work/cubrid/src/connection/tcp.c, line 1470
The css_peer_alive() is calling.
Time: 11/14/25 17:47:34.385 - DEBUG *** file /home/cubrid/work/cubrid/src/connection/tcp.c, line 1470
The css_peer_alive() is calling.
Time: 11/14/25 17:47:39.390 - DEBUG *** file /home/cubrid/work/cubrid/src/connection/tcp.c, line 1470
The css_peer_alive() is calling.
Time: 11/14/25 17:47:44.394 - DEBUG *** file /home/cubrid/work/cubrid/src/connection/tcp.c, line 1470
The css_peer_alive() is calling.
Time: 11/14/25 17:47:49.399 - DEBUG *** file /home/cubrid/work/cubrid/src/connection/tcp.c, line 1470
The css_peer_alive() is calling.
Time: 11/14/25 17:47:54.404 - DEBUG *** file /home/cubrid/work/cubrid/src/connection/tcp.c, line 1470
The css_peer_alive() is calling.
Time: 11/14/25 17:47:59.409 - DEBUG *** file /home/cubrid/work/cubrid/src/connection/tcp.c, line 1470
The css_peer_alive() is calling.
Time: 11/14/25 17:48:04.414 - DEBUG *** file /home/cubrid/work/cubrid/src/connection/tcp.c, line 1470
The css_peer_alive() is calling.
Time: 11/14/25 17:48:09.419 - DEBUG *** file /home/cubrid/work/cubrid/src/connection/tcp.c, line 1470
The css_peer_alive() is calling.
Time: 11/14/25 17:48:14.424 - DEBUG *** file /home/cubrid/work/cubrid/src/connection/tcp.c, line 1470
The css_peer_alive() is calling.
Time: 11/14/25 17:48:19.429 - DEBUG *** file /home/cubrid/work/cubrid/src/connection/tcp.c, line 1470
The css_peer_alive() is calling.
Time: 11/14/25 17:48:24.434 - DEBUG *** file /home/cubrid/work/cubrid/src/connection/tcp.c, line 1470
The css_peer_alive() is calling.
Time: 11/14/25 17:48:29.440 - DEBUG *** file /home/cubrid/work/cubrid/src/connection/tcp.c, line 1470
The css_peer_alive() is calling.
Time: 11/14/25 17:48:34.445 - DEBUG *** file /home/cubrid/work/cubrid/src/connection/tcp.c, line 1470
The css_peer_alive() is calling.
Time: 11/14/25 17:48:39.450 - DEBUG *** file /home/cubrid/work/cubrid/src/connection/tcp.c, line 1470
The css_peer_alive() is calling.
Time: 11/14/25 17:48:44.455 - DEBUG *** file /home/cubrid/work/cubrid/src/connection/tcp.c, line 1470
The css_peer_alive() is calling.
Time: 11/14/25 17:48:49.460 - DEBUG *** file /home/cubrid/work/cubrid/src/connection/tcp.c, line 1470
The css_peer_alive() is calling.
Time: 11/14/25 17:48:54.462 - DEBUG *** file /home/cubrid/work/cubrid/src/connection/tcp.c, line 1470
The css_peer_alive() is calling.
Time: 11/14/25 17:48:59.465 - DEBUG *** file /home/cubrid/work/cubrid/src/connection/tcp.c, line 1470
The css_peer_alive() is calling.
Time: 11/14/25 17:49:04.470 - DEBUG *** file /home/cubrid/work/cubrid/src/connection/tcp.c, line 1470
The css_peer_alive() is calling.
Time: 11/14/25 17:49:09.475 - DEBUG *** file /home/cubrid/work/cubrid/src/connection/tcp.c, line 1470
The css_peer_alive() is calling.
Time: 11/14/25 17:49:14.478 - DEBUG *** file /home/cubrid/work/cubrid/src/connection/tcp.c, line 1470
The css_peer_alive() is calling.
Time: 11/14/25 17:49:19.480 - DEBUG *** file /home/cubrid/work/cubrid/src/connection/tcp.c, line 1470
The css_peer_alive() is calling.
Time: 11/14/25 17:49:24.486 - DEBUG *** file /home/cubrid/work/cubrid/src/connection/tcp.c, line 1470
The css_peer_alive() is calling.
Time: 11/14/25 17:49:29.491 - DEBUG *** file /home/cubrid/work/cubrid/src/connection/tcp.c, line 1470
The css_peer_alive() is calling.
Time: 11/14/25 17:49:34.496 - DEBUG *** file /home/cubrid/work/cubrid/src/connection/tcp.c, line 1470
The css_peer_alive() is calling.
Time: 11/14/25 17:49:39.499 - DEBUG *** file /home/cubrid/work/cubrid/src/connection/tcp.c, line 1470
The css_peer_alive() is calling.
Time: 11/14/25 17:49:44.505 - DEBUG *** file /home/cubrid/work/cubrid/src/connection/tcp.c, line 1470
The css_peer_alive() is calling.
Time: 11/14/25 17:49:49.505 - DEBUG *** file /home/cubrid/work/cubrid/src/connection/tcp.c, line 1470
The css_peer_alive() is calling.
Time: 11/14/25 17:49:54.508 - DEBUG *** file /home/cubrid/work/cubrid/src/connection/tcp.c, line 1470
The css_peer_alive() is calling.
Time: 11/14/25 17:49:59.510 - DEBUG *** file /home/cubrid/work/cubrid/src/connection/tcp.c, line 1470
The css_peer_alive() is calling.
Time: 11/14/25 17:50:04.515 - DEBUG *** file /home/cubrid/work/cubrid/src/connection/tcp.c, line 1470
The css_peer_alive() is calling.
Time: 11/14/25 17:50:09.520 - DEBUG *** file /home/cubrid/work/cubrid/src/connection/tcp.c, line 1470
The css_peer_alive() is calling.
Time: 11/14/25 17:50:14.525 - DEBUG *** file /home/cubrid/work/cubrid/src/connection/tcp.c, line 1470
The css_peer_alive() is calling.
Time: 11/14/25 17:50:19.528 - DEBUG *** file /home/cubrid/work/cubrid/src/connection/tcp.c, line 1470
The css_peer_alive() is calling.
Time: 11/14/25 17:50:24.533 - DEBUG *** file /home/cubrid/work/cubrid/src/connection/tcp.c, line 1470
The css_peer_alive() is calling.
Time: 11/14/25 17:50:29.535 - DEBUG *** file /home/cubrid/work/cubrid/src/connection/tcp.c, line 1470
The css_peer_alive() is calling.
Time: 11/14/25 17:50:34.537 - DEBUG *** file /home/cubrid/work/cubrid/src/connection/tcp.c, line 1470
The css_peer_alive() is calling.
Time: 11/14/25 17:50:39.539 - DEBUG *** file /home/cubrid/work/cubrid/src/connection/tcp.c, line 1470
The css_peer_alive() is calling.
Time: 11/14/25 17:50:44.544 - DEBUG *** file /home/cubrid/work/cubrid/src/connection/tcp.c, line 1470
The css_peer_alive() is calling.
Time: 11/14/25 17:50:49.548 - DEBUG *** file /home/cubrid/work/cubrid/src/connection/tcp.c, line 1470
The css_peer_alive() is calling.
Time: 11/14/25 17:50:54.553 - DEBUG *** file /home/cubrid/work/cubrid/src/connection/tcp.c, line 1470
The css_peer_alive() is calling.
Time: 11/14/25 17:50:59.558 - DEBUG *** file /home/cubrid/work/cubrid/src/connection/tcp.c, line 1470
The css_peer_alive() is calling.
Time: 11/14/25 17:51:04.565 - DEBUG *** file /home/cubrid/work/cubrid/src/connection/tcp.c, line 1470
The css_peer_alive() is calling.
Time: 11/14/25 17:51:09.565 - DEBUG *** file /home/cubrid/work/cubrid/src/connection/tcp.c, line 1470
The css_peer_alive() is calling.
Time: 11/14/25 17:51:14.570 - DEBUG *** file /home/cubrid/work/cubrid/src/connection/tcp.c, line 1470
The css_peer_alive() is calling.
Time: 11/14/25 17:51:19.572 - DEBUG *** file /home/cubrid/work/cubrid/src/connection/tcp.c, line 1470
The css_peer_alive() is calling.
Time: 11/14/25 17:51:24.572 - DEBUG *** file /home/cubrid/work/cubrid/src/connection/tcp.c, line 1470
The css_peer_alive() is calling.
Time: 11/14/25 17:51:29.574 - DEBUG *** file /home/cubrid/work/cubrid/src/connection/tcp.c, line 1470
The css_peer_alive() is calling.
Time: 11/14/25 17:51:34.578 - DEBUG *** file /home/cubrid/work/cubrid/src/connection/tcp.c, line 1470
The css_peer_alive() is calling.
Time: 11/14/25 17:51:39.580 - DEBUG *** file /home/cubrid/work/cubrid/src/connection/tcp.c, line 1470
The css_peer_alive() is calling.
Time: 11/14/25 17:51:44.580 - DEBUG *** file /home/cubrid/work/cubrid/src/connection/tcp.c, line 1470
The css_peer_alive() is calling.
Time: 11/14/25 17:51:49.581 - DEBUG *** file /home/cubrid/work/cubrid/src/connection/tcp.c, line 1470
The css_peer_alive() is calling.
Time: 11/14/25 17:51:54.586 - DEBUG *** file /home/cubrid/work/cubrid/src/connection/tcp.c, line 1470
The css_peer_alive() is calling.
Time: 11/14/25 17:51:59.586 - DEBUG *** file /home/cubrid/work/cubrid/src/connection/tcp.c, line 1470
The css_peer_alive() is calling.
Time: 11/14/25 17:52:04.591 - DEBUG *** file /home/cubrid/work/cubrid/src/connection/tcp.c, line 1470
The css_peer_alive() is calling.
Time: 11/14/25 17:52:09.594 - DEBUG *** file /home/cubrid/work/cubrid/src/connection/tcp.c, line 1470
The css_peer_alive() is calling.
Time: 11/14/25 17:52:14.599 - DEBUG *** file /home/cubrid/work/cubrid/src/connection/tcp.c, line 1470
The css_peer_alive() is calling.
Time: 11/14/25 17:52:19.604 - DEBUG *** file /home/cubrid/work/cubrid/src/connection/tcp.c, line 1470
The css_peer_alive() is calling.
Time: 11/14/25 17:52:24.609 - DEBUG *** file /home/cubrid/work/cubrid/src/connection/tcp.c, line 1470
The css_peer_alive() is calling.
Time: 11/14/25 17:52:29.614 - DEBUG *** file /home/cubrid/work/cubrid/src/connection/tcp.c, line 1470
The css_peer_alive() is calling.
Time: 11/14/25 17:52:34.619 - DEBUG *** file /home/cubrid/work/cubrid/src/connection/tcp.c, line 1470
The css_peer_alive() is calling.
Time: 11/14/25 17:52:39.624 - DEBUG *** file /home/cubrid/work/cubrid/src/connection/tcp.c, line 1470
The css_peer_alive() is calling.
Time: 11/14/25 17:52:44.626 - DEBUG *** file /home/cubrid/work/cubrid/src/connection/tcp.c, line 1470
The css_peer_alive() is calling.
Time: 11/14/25 17:52:49.632 - DEBUG *** file /home/cubrid/work/cubrid/src/connection/tcp.c, line 1470
The css_peer_alive() is calling.
Time: 11/14/25 17:52:54.633 - DEBUG *** file /home/cubrid/work/cubrid/src/connection/tcp.c, line 1470
The css_peer_alive() is calling.
Time: 11/14/25 17:52:59.634 - DEBUG *** file /home/cubrid/work/cubrid/src/connection/tcp.c, line 1470
The css_peer_alive() is calling.
Time: 11/14/25 17:53:04.639 - DEBUG *** file /home/cubrid/work/cubrid/src/connection/tcp.c, line 1470
The css_peer_alive() is calling.
Time: 11/14/25 17:53:09.644 - DEBUG *** file /home/cubrid/work/cubrid/src/connection/tcp.c, line 1470
The css_peer_alive() is calling.
Time: 11/14/25 17:53:14.646 - DEBUG *** file /home/cubrid/work/cubrid/src/connection/tcp.c, line 1470
The css_peer_alive() is calling.
Time: 11/14/25 17:53:19.651 - DEBUG *** file /home/cubrid/work/cubrid/src/connection/tcp.c, line 1470
The css_peer_alive() is calling.
Time: 11/14/25 17:53:24.656 - DEBUG *** file /home/cubrid/work/cubrid/src/connection/tcp.c, line 1470
The css_peer_alive() is calling.
Time: 11/14/25 17:53:29.659 - DEBUG *** file /home/cubrid/work/cubrid/src/connection/tcp.c, line 1470
The css_peer_alive() is calling.
Time: 11/14/25 17:53:34.664 - DEBUG *** file /home/cubrid/work/cubrid/src/connection/tcp.c, line 1470
The css_peer_alive() is calling.
Time: 11/14/25 17:53:39.668 - DEBUG *** file /home/cubrid/work/cubrid/src/connection/tcp.c, line 1470
The css_peer_alive() is calling.
Time: 11/14/25 17:53:44.673 - DEBUG *** file /home/cubrid/work/cubrid/src/connection/tcp.c, line 1470
The css_peer_alive() is calling.
Time: 11/14/25 17:53:49.678 - DEBUG *** file /home/cubrid/work/cubrid/src/connection/tcp.c, line 1470
The css_peer_alive() is calling.
Time: 11/14/25 17:53:54.680 - DEBUG *** file /home/cubrid/work/cubrid/src/connection/tcp.c, line 1470
The css_peer_alive() is calling.
Time: 11/14/25 17:53:59.686 - DEBUG *** file /home/cubrid/work/cubrid/src/connection/tcp.c, line 1470
The css_peer_alive() is calling.
Time: 11/14/25 17:54:04.687 - DEBUG *** file /home/cubrid/work/cubrid/src/connection/tcp.c, line 1470
The css_peer_alive() is calling.
Time: 11/14/25 17:54:09.688 - DEBUG *** file /home/cubrid/work/cubrid/src/connection/tcp.c, line 1470
The css_peer_alive() is calling.
Time: 11/14/25 17:54:14.693 - DEBUG *** file /home/cubrid/work/cubrid/src/connection/tcp.c, line 1470
The css_peer_alive() is calling.
Time: 11/14/25 17:54:19.694 - DEBUG *** file /home/cubrid/work/cubrid/src/connection/tcp.c, line 1470
The css_peer_alive() is calling.
Time: 11/14/25 17:54:24.697 - DEBUG *** file /home/cubrid/work/cubrid/src/connection/tcp.c, line 1470
The css_peer_alive() is calling.
Time: 11/14/25 17:54:29.698 - DEBUG *** file /home/cubrid/work/cubrid/src/connection/tcp.c, line 1470
The css_peer_alive() is calling.
Time: 11/14/25 17:54:34.699 - DEBUG *** file /home/cubrid/work/cubrid/src/connection/tcp.c, line 1470
The css_peer_alive() is calling.
Time: 11/14/25 17:54:39.701 - DEBUG *** file /home/cubrid/work/cubrid/src/connection/tcp.c, line 1470
The css_peer_alive() is calling.
Time: 11/14/25 17:54:44.702 - DEBUG *** file /home/cubrid/work/cubrid/src/connection/tcp.c, line 1470
The css_peer_alive() is calling.
Time: 11/14/25 17:54:49.707 - DEBUG *** file /home/cubrid/work/cubrid/src/connection/tcp.c, line 1470
The css_peer_alive() is calling.
Time: 11/14/25 17:54:54.711 - DEBUG *** file /home/cubrid/work/cubrid/src/connection/tcp.c, line 1470
The css_peer_alive() is calling.
Time: 11/14/25 17:54:59.714 - DEBUG *** file /home/cubrid/work/cubrid/src/connection/tcp.c, line 1470
The css_peer_alive() is calling.
Time: 11/14/25 17:55:04.718 - DEBUG *** file /home/cubrid/work/cubrid/src/connection/tcp.c, line 1470
The css_peer_alive() is calling.
Time: 11/14/25 17:55:09.722 - DEBUG *** file /home/cubrid/work/cubrid/src/connection/tcp.c, line 1470
The css_peer_alive() is calling.
Time: 11/14/25 17:55:14.722 - DEBUG *** file /home/cubrid/work/cubrid/src/connection/tcp.c, line 1470
The css_peer_alive() is calling.
Time: 11/14/25 17:55:19.727 - DEBUG *** file /home/cubrid/work/cubrid/src/connection/tcp.c, line 1470
The css_peer_alive() is calling.
Time: 11/14/25 17:55:24.727 - DEBUG *** file /home/cubrid/work/cubrid/src/connection/tcp.c, line 1470
The css_peer_alive() is calling.
Time: 11/14/25 17:55:29.729 - DEBUG *** file /home/cubrid/work/cubrid/src/connection/tcp.c, line 1470
The css_peer_alive() is calling.
Time: 11/14/25 17:55:34.731 - DEBUG *** file /home/cubrid/work/cubrid/src/connection/tcp.c, line 1470
The css_peer_alive() is calling.
Time: 11/14/25 17:55:39.733 - DEBUG *** file /home/cubrid/work/cubrid/src/connection/tcp.c, line 1470
The css_peer_alive() is calling.
Time: 11/14/25 17:55:44.735 - DEBUG *** file /home/cubrid/work/cubrid/src/connection/tcp.c, line 1470
The css_peer_alive() is calling.
Time: 11/14/25 17:55:49.740 - DEBUG *** file /home/cubrid/work/cubrid/src/connection/tcp.c, line 1470
The css_peer_alive() is calling.
Time: 11/14/25 17:55:54.745 - DEBUG *** file /home/cubrid/work/cubrid/src/connection/tcp.c, line 1470
The css_peer_alive() is calling.
Time: 11/14/25 17:55:59.750 - DEBUG *** file /home/cubrid/work/cubrid/src/connection/tcp.c, line 1470
The css_peer_alive() is calling.
Time: 11/14/25 17:56:04.756 - DEBUG *** file /home/cubrid/work/cubrid/src/connection/tcp.c, line 1470
The css_peer_alive() is calling.
Time: 11/14/25 17:56:09.761 - DEBUG *** file /home/cubrid/work/cubrid/src/connection/tcp.c, line 1470
The css_peer_alive() is calling.
Time: 11/14/25 17:56:14.761 - DEBUG *** file /home/cubrid/work/cubrid/src/connection/tcp.c, line 1470
The css_peer_alive() is calling.
Time: 11/14/25 17:56:19.763 - DEBUG *** file /home/cubrid/work/cubrid/src/connection/tcp.c, line 1470
The css_peer_alive() is calling.
Time: 11/14/25 17:56:24.765 - DEBUG *** file /home/cubrid/work/cubrid/src/connection/tcp.c, line 1470
The css_peer_alive() is calling.
Time: 11/14/25 17:56:29.766 - DEBUG *** file /home/cubrid/work/cubrid/src/connection/tcp.c, line 1470
The css_peer_alive() is calling.
Time: 11/14/25 17:56:34.772 - DEBUG *** file /home/cubrid/work/cubrid/src/connection/tcp.c, line 1470
The css_peer_alive() is calling.
Time: 11/14/25 17:56:39.776 - DEBUG *** file /home/cubrid/work/cubrid/src/connection/tcp.c, line 1470
The css_peer_alive() is calling.
Time: 11/14/25 17:56:44.781 - DEBUG *** file /home/cubrid/work/cubrid/src/connection/tcp.c, line 1470
The css_peer_alive() is calling.
Time: 11/14/25 17:56:49.782 - DEBUG *** file /home/cubrid/work/cubrid/src/connection/tcp.c, line 1470
The css_peer_alive() is calling.
Time: 11/14/25 17:56:54.787 - DEBUG *** file /home/cubrid/work/cubrid/src/connection/tcp.c, line 1470
The css_peer_alive() is calling.
Time: 11/14/25 17:56:59.792 - DEBUG *** file /home/cubrid/work/cubrid/src/connection/tcp.c, line 1470
The css_peer_alive() is calling.
Time: 11/14/25 17:57:04.797 - DEBUG *** file /home/cubrid/work/cubrid/src/connection/tcp.c, line 1470
The css_peer_alive() is calling.
Time: 11/14/25 17:57:09.803 - DEBUG *** file /home/cubrid/work/cubrid/src/connection/tcp.c, line 1470
The css_peer_alive() is calling.
Time: 11/14/25 17:57:14.808 - DEBUG *** file /home/cubrid/work/cubrid/src/connection/tcp.c, line 1470
The css_peer_alive() is calling.
Time: 11/14/25 17:57:19.811 - DEBUG *** file /home/cubrid/work/cubrid/src/connection/tcp.c, line 1470
The css_peer_alive() is calling.
Time: 11/14/25 17:57:24.816 - DEBUG *** file /home/cubrid/work/cubrid/src/connection/tcp.c, line 1470
The css_peer_alive() is calling.
Time: 11/14/25 17:57:29.822 - DEBUG *** file /home/cubrid/work/cubrid/src/connection/tcp.c, line 1470
The css_peer_alive() is calling.
Time: 11/14/25 17:57:34.824 - DEBUG *** file /home/cubrid/work/cubrid/src/connection/tcp.c, line 1470
The css_peer_alive() is calling.
Time: 11/14/25 17:57:39.826 - DEBUG *** file /home/cubrid/work/cubrid/src/connection/tcp.c, line 1470
The css_peer_alive() is calling.
Time: 11/14/25 17:57:44.830 - DEBUG *** file /home/cubrid/work/cubrid/src/connection/tcp.c, line 1470
The css_peer_alive() is calling.
Time: 11/14/25 17:57:49.835 - DEBUG *** file /home/cubrid/work/cubrid/src/connection/tcp.c, line 1470
The css_peer_alive() is calling.
Time: 11/14/25 17:57:54.837 - DEBUG *** file /home/cubrid/work/cubrid/src/connection/tcp.c, line 1470
The css_peer_alive() is calling.
Time: 11/14/25 17:57:59.842 - DEBUG *** file /home/cubrid/work/cubrid/src/connection/tcp.c, line 1470
The css_peer_alive() is calling.
Time: 11/14/25 17:58:04.847 - DEBUG *** file /home/cubrid/work/cubrid/src/connection/tcp.c, line 1470
The css_peer_alive() is calling.
Time: 11/14/25 17:58:09.852 - DEBUG *** file /home/cubrid/work/cubrid/src/connection/tcp.c, line 1470
The css_peer_alive() is calling.
Time: 11/14/25 17:58:14.852 - DEBUG *** file /home/cubrid/work/cubrid/src/connection/tcp.c, line 1470
The css_peer_alive() is calling.
Time: 11/14/25 17:58:19.858 - DEBUG *** file /home/cubrid/work/cubrid/src/connection/tcp.c, line 1470
The css_peer_alive() is calling.
Time: 11/14/25 17:58:24.863 - DEBUG *** file /home/cubrid/work/cubrid/src/connection/tcp.c, line 1470
The css_peer_alive() is calling.
Time: 11/14/25 17:58:29.865 - DEBUG *** file /home/cubrid/work/cubrid/src/connection/tcp.c, line 1470
The css_peer_alive() is calling.
Time: 11/14/25 17:58:34.870 - DEBUG *** file /home/cubrid/work/cubrid/src/connection/tcp.c, line 1470
The css_peer_alive() is calling.
Time: 11/14/25 17:58:39.875 - DEBUG *** file /home/cubrid/work/cubrid/src/connection/tcp.c, line 1470
The css_peer_alive() is calling.
Time: 11/14/25 17:58:44.880 - DEBUG *** file /home/cubrid/work/cubrid/src/connection/tcp.c, line 1470
The css_peer_alive() is calling.
Time: 11/14/25 17:58:49.885 - DEBUG *** file /home/cubrid/work/cubrid/src/connection/tcp.c, line 1470
The css_peer_alive() is calling.
Time: 11/14/25 17:58:54.887 - DEBUG *** file /home/cubrid/work/cubrid/src/connection/tcp.c, line 1470
The css_peer_alive() is calling.
Time: 11/14/25 17:58:59.892 - DEBUG *** file /home/cubrid/work/cubrid/src/connection/tcp.c, line 1470
The css_peer_alive() is calling.
Time: 11/14/25 17:59:04.897 - DEBUG *** file /home/cubrid/work/cubrid/src/connection/tcp.c, line 1470
The css_peer_alive() is calling.
Time: 11/14/25 17:59:09.903 - DEBUG *** file /home/cubrid/work/cubrid/src/connection/tcp.c, line 1470
The css_peer_alive() is calling.
Time: 11/14/25 17:59:14.908 - DEBUG *** file /home/cubrid/work/cubrid/src/connection/tcp.c, line 1470
The css_peer_alive() is calling.
Time: 11/14/25 17:59:19.913 - DEBUG *** file /home/cubrid/work/cubrid/src/connection/tcp.c, line 1470
The css_peer_alive() is calling.
Time: 11/14/25 17:59:24.918 - DEBUG *** file /home/cubrid/work/cubrid/src/connection/tcp.c, line 1470
The css_peer_alive() is calling.
Time: 11/14/25 17:59:29.923 - DEBUG *** file /home/cubrid/work/cubrid/src/connection/tcp.c, line 1470
The css_peer_alive() is calling.
Time: 11/14/25 17:59:34.928 - DEBUG *** file /home/cubrid/work/cubrid/src/connection/tcp.c, line 1470
The css_peer_alive() is calling.
Time: 11/14/25 17:59:39.933 - DEBUG *** file /home/cubrid/work/cubrid/src/connection/tcp.c, line 1470
The css_peer_alive() is calling.
Time: 11/14/25 17:59:44.938 - DEBUG *** file /home/cubrid/work/cubrid/src/connection/tcp.c, line 1470
The css_peer_alive() is calling.
Time: 11/14/25 17:59:49.943 - DEBUG *** file /home/cubrid/work/cubrid/src/connection/tcp.c, line 1470
The css_peer_alive() is calling.
Time: 11/14/25 17:59:54.948 - DEBUG *** file /home/cubrid/work/cubrid/src/connection/tcp.c, line 1470
The css_peer_alive() is calling.
Time: 11/14/25 17:59:59.953 - DEBUG *** file /home/cubrid/work/cubrid/src/connection/tcp.c, line 1470
The css_peer_alive() is calling.
Time: 11/14/25 18:00:04.959 - DEBUG *** file /home/cubrid/work/cubrid/src/connection/tcp.c, line 1470
The css_peer_alive() is calling.
Time: 11/14/25 18:00:09.964 - DEBUG *** file /home/cubrid/work/cubrid/src/connection/tcp.c, line 1470
The css_peer_alive() is calling.
Time: 11/14/25 18:00:14.965 - DEBUG *** file /home/cubrid/work/cubrid/src/connection/tcp.c, line 1470
The css_peer_alive() is calling.
Time: 11/14/25 18:00:19.968 - DEBUG *** file /home/cubrid/work/cubrid/src/connection/tcp.c, line 1470
The css_peer_alive() is calling.
Time: 11/14/25 18:00:24.973 - DEBUG *** file /home/cubrid/work/cubrid/src/connection/tcp.c, line 1470
The css_peer_alive() is calling.
Time: 11/14/25 18:00:29.978 - DEBUG *** file /home/cubrid/work/cubrid/src/connection/tcp.c, line 1470
The css_peer_alive() is calling.
Time: 11/14/25 18:00:34.982 - DEBUG *** file /home/cubrid/work/cubrid/src/connection/tcp.c, line 1470
The css_peer_alive() is calling.
Time: 11/14/25 18:00:39.987 - DEBUG *** file /home/cubrid/work/cubrid/src/connection/tcp.c, line 1470
The css_peer_alive() is calling.
Time: 11/14/25 18:00:44.992 - DEBUG *** file /home/cubrid/work/cubrid/src/connection/tcp.c, line 1470
The css_peer_alive() is calling.
Time: 11/14/25 18:00:49.996 - DEBUG *** file /home/cubrid/work/cubrid/src/connection/tcp.c, line 1470
The css_peer_alive() is calling.
Time: 11/14/25 18:00:54.001 - DEBUG *** file /home/cubrid/work/cubrid/src/connection/tcp.c, line 1470
The css_peer_alive() is calling.
Time: 11/14/25 18:01:00.006 - DEBUG *** file /home/cubrid/work/cubrid/src/connection/tcp.c, line 1470
The css_peer_alive() is calling.
Time: 11/14/25 18:01:05.011 - DEBUG *** file /home/cubrid/work/cubrid/src/connection/tcp.c, line 1470
The css_peer_alive() is calling.
Time: 11/14/25 18:01:10.016 - DEBUG *** file /home/cubrid/work/cubrid/src/connection/tcp.c, line 1470
The css_peer_alive() is calling.
Time: 11/14/25 18:01:15.018 - DEBUG *** file /home/cubrid/work/cubrid/src/connection/tcp.c, line 1470
The css_peer_alive() is calling.
Time: 11/14/25 18:01:20.023 - DEBUG *** file /home/cubrid/work/cubrid/src/connection/tcp.c, line 1470
The css_peer_alive() is calling.
Time: 11/14/25 18:01:25.028 - DEBUG *** file /home/cubrid/work/cubrid/src/connection/tcp.c, line 1470
The css_peer_alive() is calling.
Time: 11/14/25 18:01:30.033 - DEBUG *** file /home/cubrid/work/cubrid/src/connection/tcp.c, line 1470
The css_peer_alive() is calling.
Time: 11/14/25 18:01:35.039 - DEBUG *** file /home/cubrid/work/cubrid/src/connection/tcp.c, line 1470
The css_peer_alive() is calling.
Time: 11/14/25 18:01:40.043 - DEBUG *** file /home/cubrid/work/cubrid/src/connection/tcp.c, line 1470
The css_peer_alive() is calling.
Time: 11/14/25 18:01:45.048 - DEBUG *** file /home/cubrid/work/cubrid/src/connection/tcp.c, line 1470
The css_peer_alive() is calling.
Time: 11/14/25 18:01:50.053 - DEBUG *** file /home/cubrid/work/cubrid/src/connection/tcp.c, line 1470
The css_peer_alive() is calling.
Time: 11/14/25 18:01:55.059 - DEBUG *** file /home/cubrid/work/cubrid/src/connection/tcp.c, line 1470
The css_peer_alive() is calling.
Time: 11/14/25 18:02:00.064 - DEBUG *** file /home/cubrid/work/cubrid/src/connection/tcp.c, line 1470
The css_peer_alive() is calling.
Time: 11/14/25 18:02:05.066 - DEBUG *** file /home/cubrid/work/cubrid/src/connection/tcp.c, line 1470
The css_peer_alive() is calling.
Time: 11/14/25 18:02:10.069 - DEBUG *** file /home/cubrid/work/cubrid/src/connection/tcp.c, line 1470
The css_peer_alive() is calling.
Time: 11/14/25 18:02:15.074 - DEBUG *** file /home/cubrid/work/cubrid/src/connection/tcp.c, line 1470
The css_peer_alive() is calling.
Time: 11/14/25 18:02:20.077 - DEBUG *** file /home/cubrid/work/cubrid/src/connection/tcp.c, line 1470
The css_peer_alive() is calling.
Time: 11/14/25 18:02:25.080 - DEBUG *** file /home/cubrid/work/cubrid/src/connection/tcp.c, line 1470
The css_peer_alive() is calling.
Time: 11/14/25 18:02:30.082 - DEBUG *** file /home/cubrid/work/cubrid/src/connection/tcp.c, line 1470
The css_peer_alive() is calling.
Time: 11/14/25 18:02:35.083 - DEBUG *** file /home/cubrid/work/cubrid/src/connection/tcp.c, line 1470
The css_peer_alive() is calling.
Time: 11/14/25 18:02:40.088 - DEBUG *** file /home/cubrid/work/cubrid/src/connection/tcp.c, line 1470
The css_peer_alive() is calling.
Time: 11/14/25 18:02:45.089 - DEBUG *** file /home/cubrid/work/cubrid/src/connection/tcp.c, line 1470
The css_peer_alive() is calling.
Time: 11/14/25 18:02:50.092 - DEBUG *** file /home/cubrid/work/cubrid/src/connection/tcp.c, line 1470
The css_peer_alive() is calling.
Time: 11/14/25 18:02:55.097 - DEBUG *** file /home/cubrid/work/cubrid/src/connection/tcp.c, line 1470
The css_peer_alive() is calling.
Time: 11/14/25 18:03:00.099 - DEBUG *** file /home/cubrid/work/cubrid/src/connection/tcp.c, line 1470
The css_peer_alive() is calling.
Time: 11/14/25 18:03:05.105 - DEBUG *** file /home/cubrid/work/cubrid/src/connection/tcp.c, line 1470
The css_peer_alive() is calling.
Time: 11/14/25 18:03:10.106 - DEBUG *** file /home/cubrid/work/cubrid/src/connection/tcp.c, line 1470
The css_peer_alive() is calling.
Time: 11/14/25 18:03:15.111 - DEBUG *** file /home/cubrid/work/cubrid/src/connection/tcp.c, line 1470
The css_peer_alive() is calling.
Time: 11/14/25 18:03:20.113 - DEBUG *** file /home/cubrid/work/cubrid/src/connection/tcp.c, line 1470
The css_peer_alive() is calling.
Time: 11/14/25 18:03:25.114 - DEBUG *** file /home/cubrid/work/cubrid/src/connection/tcp.c, line 1470
The css_peer_alive() is calling.
Time: 11/14/25 18:03:30.119 - DEBUG *** file /home/cubrid/work/cubrid/src/connection/tcp.c, line 1470
The css_peer_alive() is calling.
Time: 11/14/25 18:03:35.124 - DEBUG *** file /home/cubrid/work/cubrid/src/connection/tcp.c, line 1470
The css_peer_alive() is calling.
Time: 11/14/25 18:03:40.129 - DEBUG *** file /home/cubrid/work/cubrid/src/connection/tcp.c, line 1470
The css_peer_alive() is calling.
Time: 11/14/25 18:03:45.134 - DEBUG *** file /home/cubrid/work/cubrid/src/connection/tcp.c, line 1470
The css_peer_alive() is calling.
Time: 11/14/25 18:03:50.137 - DEBUG *** file /home/cubrid/work/cubrid/src/connection/tcp.c, line 1470
The css_peer_alive() is calling.
Time: 11/14/25 18:03:55.138 - DEBUG *** file /home/cubrid/work/cubrid/src/connection/tcp.c, line 1470
The css_peer_alive() is calling.
Time: 11/14/25 18:04:00.139 - DEBUG *** file /home/cubrid/work/cubrid/src/connection/tcp.c, line 1470
The css_peer_alive() is calling.
Time: 11/14/25 18:04:05.145 - DEBUG *** file /home/cubrid/work/cubrid/src/connection/tcp.c, line 1470
The css_peer_alive() is calling.
Time: 11/14/25 18:04:10.149 - DEBUG *** file /home/cubrid/work/cubrid/src/connection/tcp.c, line 1470
The css_peer_alive() is calling.
Time: 11/14/25 18:04:15.152 - DEBUG *** file /home/cubrid/work/cubrid/src/connection/tcp.c, line 1470
The css_peer_alive() is calling.
Time: 11/14/25 18:04:20.156 - DEBUG *** file /home/cubrid/work/cubrid/src/connection/tcp.c, line 1470
The css_peer_alive() is calling.
Time: 11/14/25 18:04:25.156 - DEBUG *** file /home/cubrid/work/cubrid/src/connection/tcp.c, line 1470
The css_peer_alive() is calling.
Time: 11/14/25 18:04:30.157 - DEBUG *** file /home/cubrid/work/cubrid/src/connection/tcp.c, line 1470
The css_peer_alive() is calling.
Time: 11/14/25 18:04:35.159 - DEBUG *** file /home/cubrid/work/cubrid/src/connection/tcp.c, line 1470
The css_peer_alive() is calling.
Time: 11/14/25 18:04:40.162 - DEBUG *** file /home/cubrid/work/cubrid/src/connection/tcp.c, line 1470
The css_peer_alive() is calling.
Time: 11/14/25 18:04:45.167 - DEBUG *** file /home/cubrid/work/cubrid/src/connection/tcp.c, line 1470
The css_peer_alive() is calling.
Time: 11/14/25 18:04:50.171 - DEBUG *** file /home/cubrid/work/cubrid/src/connection/tcp.c, line 1470
The css_peer_alive() is calling.
Time: 11/14/25 18:04:55.176 - DEBUG *** file /home/cubrid/work/cubrid/src/connection/tcp.c, line 1470
The css_peer_alive() is calling.
Time: 11/14/25 18:05:00.181 - DEBUG *** file /home/cubrid/work/cubrid/src/connection/tcp.c, line 1470
The css_peer_alive() is calling.
Time: 11/14/25 18:05:05.185 - DEBUG *** file /home/cubrid/work/cubrid/src/connection/tcp.c, line 1470
The css_peer_alive() is calling.
Time: 11/14/25 18:05:10.187 - DEBUG *** file /home/cubrid/work/cubrid/src/connection/tcp.c, line 1470
The css_peer_alive() is calling.
Time: 11/14/25 18:05:15.192 - DEBUG *** file /home/cubrid/work/cubrid/src/connection/tcp.c, line 1470
The css_peer_alive() is calling.
Time: 11/14/25 18:05:20.197 - DEBUG *** file /home/cubrid/work/cubrid/src/connection/tcp.c, line 1470
The css_peer_alive() is calling.
Time: 11/14/25 18:05:25.203 - DEBUG *** file /home/cubrid/work/cubrid/src/connection/tcp.c, line 1470
The css_peer_alive() is calling.
Time: 11/14/25 18:05:30.208 - DEBUG *** file /home/cubrid/work/cubrid/src/connection/tcp.c, line 1470
The css_peer_alive() is calling.
Time: 11/14/25 18:05:35.213 - DEBUG *** file /home/cubrid/work/cubrid/src/connection/tcp.c, line 1470
The css_peer_alive() is calling.
Time: 11/14/25 18:05:40.218 - DEBUG *** file /home/cubrid/work/cubrid/src/connection/tcp.c, line 1470
The css_peer_alive() is calling.
Time: 11/14/25 18:05:45.222 - DEBUG *** file /home/cubrid/work/cubrid/src/connection/tcp.c, line 1470
The css_peer_alive() is calling.
Time: 11/14/25 18:05:50.227 - DEBUG *** file /home/cubrid/work/cubrid/src/connection/tcp.c, line 1470
The css_peer_alive() is calling.
Time: 11/14/25 18:05:55.232 - DEBUG *** file /home/cubrid/work/cubrid/src/connection/tcp.c, line 1470
The css_peer_alive() is calling.
Time: 11/14/25 18:06:00.237 - DEBUG *** file /home/cubrid/work/cubrid/src/connection/tcp.c, line 1470
The css_peer_alive() is calling.
Time: 11/14/25 18:06:05.242 - DEBUG *** file /home/cubrid/work/cubrid/src/connection/tcp.c, line 1470
The css_peer_alive() is calling.
Time: 11/14/25 18:06:10.247 - DEBUG *** file /home/cubrid/work/cubrid/src/connection/tcp.c, line 1470
The css_peer_alive() is calling.
Time: 11/14/25 18:06:15.253 - DEBUG *** file /home/cubrid/work/cubrid/src/connection/tcp.c, line 1470
The css_peer_alive() is calling.
Time: 11/14/25 18:06:20.256 - DEBUG *** file /home/cubrid/work/cubrid/src/connection/tcp.c, line 1470
The css_peer_alive() is calling.
Time: 11/14/25 18:06:25.262 - DEBUG *** file /home/cubrid/work/cubrid/src/connection/tcp.c, line 1470
The css_peer_alive() is calling.
Time: 11/14/25 18:06:30.267 - DEBUG *** file /home/cubrid/work/cubrid/src/connection/tcp.c, line 1470
The css_peer_alive() is calling.
Time: 11/14/25 18:06:35.272 - DEBUG *** file /home/cubrid/work/cubrid/src/connection/tcp.c, line 1470
The css_peer_alive() is calling.
Time: 11/14/25 18:06:40.277 - DEBUG *** file /home/cubrid/work/cubrid/src/connection/tcp.c, line 1470
The css_peer_alive() is calling.
Time: 11/14/25 18:06:45.282 - DEBUG *** file /home/cubrid/work/cubrid/src/connection/tcp.c, line 1470
The css_peer_alive() is calling.
Time: 11/14/25 18:06:50.287 - DEBUG *** file /home/cubrid/work/cubrid/src/connection/tcp.c, line 1470
The css_peer_alive() is calling.
Time: 11/14/25 18:06:55.292 - DEBUG *** file /home/cubrid/work/cubrid/src/connection/tcp.c, line 1470
The css_peer_alive() is calling.
Time: 11/14/25 18:07:00.294 - DEBUG *** file /home/cubrid/work/cubrid/src/connection/tcp.c, line 1470
The css_peer_alive() is calling.
Time: 11/14/25 18:07:05.294 - DEBUG *** file /home/cubrid/work/cubrid/src/connection/tcp.c, line 1470
The css_peer_alive() is calling.
Time: 11/14/25 18:07:10.298 - DEBUG *** file /home/cubrid/work/cubrid/src/connection/tcp.c, line 1470
The css_peer_alive() is calling.
Time: 11/14/25 18:07:15.303 - DEBUG *** file /home/cubrid/work/cubrid/src/connection/tcp.c, line 1470
The css_peer_alive() is calling.
Time: 11/14/25 18:07:20.308 - DEBUG *** file /home/cubrid/work/cubrid/src/connection/tcp.c, line 1470
The css_peer_alive() is calling.
Time: 11/14/25 18:07:25.313 - DEBUG *** file /home/cubrid/work/cubrid/src/connection/tcp.c, line 1470
The css_peer_alive() is calling.
Time: 11/14/25 18:07:30.317 - DEBUG *** file /home/cubrid/work/cubrid/src/connection/tcp.c, line 1470
The css_peer_alive() is calling.
Time: 11/14/25 18:07:35.322 - DEBUG *** file /home/cubrid/work/cubrid/src/connection/tcp.c, line 1470
The css_peer_alive() is calling.
Time: 11/14/25 18:07:40.323 - DEBUG *** file /home/cubrid/work/cubrid/src/connection/tcp.c, line 1470
The css_peer_alive() is calling.
Time: 11/14/25 18:07:45.329 - DEBUG *** file /home/cubrid/work/cubrid/src/connection/tcp.c, line 1470
The css_peer_alive() is calling.
Time: 11/14/25 18:07:50.333 - DEBUG *** file /home/cubrid/work/cubrid/src/connection/tcp.c, line 1470
The css_peer_alive() is calling.
Time: 11/14/25 18:07:55.338 - DEBUG *** file /home/cubrid/work/cubrid/src/connection/tcp.c, line 1470
The css_peer_alive() is calling.
Time: 11/14/25 18:08:00.340 - DEBUG *** file /home/cubrid/work/cubrid/src/connection/tcp.c, line 1470
The css_peer_alive() is calling.
Time: 11/14/25 18:08:05.345 - DEBUG *** file /home/cubrid/work/cubrid/src/connection/tcp.c, line 1470
The css_peer_alive() is calling.
Time: 11/14/25 18:08:10.345 - DEBUG *** file /home/cubrid/work/cubrid/src/connection/tcp.c, line 1470
The css_peer_alive() is calling.
Time: 11/14/25 18:08:15.351 - DEBUG *** file /home/cubrid/work/cubrid/src/connection/tcp.c, line 1470
The css_peer_alive() is calling.
Time: 11/14/25 18:08:20.356 - DEBUG *** file /home/cubrid/work/cubrid/src/connection/tcp.c, line 1470
The css_peer_alive() is calling.
Time: 11/14/25 18:08:25.361 - DEBUG *** file /home/cubrid/work/cubrid/src/connection/tcp.c, line 1470
The css_peer_alive() is calling.
Time: 11/14/25 18:08:30.366 - DEBUG *** file /home/cubrid/work/cubrid/src/connection/tcp.c, line 1470
The css_peer_alive() is calling.
Time: 11/14/25 18:08:35.371 - DEBUG *** file /home/cubrid/work/cubrid/src/connection/tcp.c, line 1470
The css_peer_alive() is calling.
Time: 11/14/25 18:08:40.376 - DEBUG *** file /home/cubrid/work/cubrid/src/connection/tcp.c, line 1470
The css_peer_alive() is calling.
Time: 11/14/25 18:08:45.381 - DEBUG *** file /home/cubrid/work/cubrid/src/connection/tcp.c, line 1470
The css_peer_alive() is calling.
Time: 11/14/25 18:08:50.386 - DEBUG *** file /home/cubrid/work/cubrid/src/connection/tcp.c, line 1470
The css_peer_alive() is calling.
Time: 11/14/25 18:08:55.391 - DEBUG *** file /home/cubrid/work/cubrid/src/connection/tcp.c, line 1470
The css_peer_alive() is calling.
Time: 11/14/25 18:09:00.396 - DEBUG *** file /home/cubrid/work/cubrid/src/connection/tcp.c, line 1470
The css_peer_alive() is calling.
Time: 11/14/25 18:09:05.398 - DEBUG *** file /home/cubrid/work/cubrid/src/connection/tcp.c, line 1470
The css_peer_alive() is calling.
Time: 11/14/25 18:09:10.403 - DEBUG *** file /home/cubrid/work/cubrid/src/connection/tcp.c, line 1470
The css_peer_alive() is calling.
Time: 11/14/25 18:09:15.408 - DEBUG *** file /home/cubrid/work/cubrid/src/connection/tcp.c, line 1470
The css_peer_alive() is calling.
Time: 11/14/25 18:09:20.413 - DEBUG *** file /home/cubrid/work/cubrid/src/connection/tcp.c, line 1470
The css_peer_alive() is calling.
Time: 11/14/25 18:09:25.417 - DEBUG *** file /home/cubrid/work/cubrid/src/connection/tcp.c, line 1470
The css_peer_alive() is calling.
Time: 11/14/25 18:09:30.422 - DEBUG *** file /home/cubrid/work/cubrid/src/connection/tcp.c, line 1470
The css_peer_alive() is calling.
Time: 11/14/25 18:09:35.426 - DEBUG *** file /home/cubrid/work/cubrid/src/connection/tcp.c, line 1470
The css_peer_alive() is calling.
Time: 11/14/25 18:09:40.427 - DEBUG *** file /home/cubrid/work/cubrid/src/connection/tcp.c, line 1470
The css_peer_alive() is calling.
Time: 11/14/25 18:09:45.430 - DEBUG *** file /home/cubrid/work/cubrid/src/connection/tcp.c, line 1470
The css_peer_alive() is calling.
Time: 11/14/25 18:09:50.434 - DEBUG *** file /home/cubrid/work/cubrid/src/connection/tcp.c, line 1470
The css_peer_alive() is calling.
Time: 11/14/25 18:09:55.439 - DEBUG *** file /home/cubrid/work/cubrid/src/connection/tcp.c, line 1470
The css_peer_alive() is calling.
Time: 11/14/25 18:10:00.445 - DEBUG *** file /home/cubrid/work/cubrid/src/connection/tcp.c, line 1470
The css_peer_alive() is calling.
Time: 11/14/25 18:10:05.446 - DEBUG *** file /home/cubrid/work/cubrid/src/connection/tcp.c, line 1470
The css_peer_alive() is calling.
Time: 11/14/25 18:10:10.451 - DEBUG *** file /home/cubrid/work/cubrid/src/connection/tcp.c, line 1470
The css_peer_alive() is calling.
Time: 11/14/25 18:10:15.455 - DEBUG *** file /home/cubrid/work/cubrid/src/connection/tcp.c, line 1470
The css_peer_alive() is calling.
Time: 11/14/25 18:10:20.458 - DEBUG *** file /home/cubrid/work/cubrid/src/connection/tcp.c, line 1470
The css_peer_alive() is calling.
Time: 11/14/25 18:10:25.462 - DEBUG *** file /home/cubrid/work/cubrid/src/connection/tcp.c, line 1470
The css_peer_alive() is calling.
Time: 11/14/25 18:10:30.467 - DEBUG *** file /home/cubrid/work/cubrid/src/connection/tcp.c, line 1470
The css_peer_alive() is calling.
Time: 11/14/25 18:10:35.472 - DEBUG *** file /home/cubrid/work/cubrid/src/connection/tcp.c, line 1470
The css_peer_alive() is calling.
Time: 11/14/25 18:10:40.474 - DEBUG *** file /home/cubrid/work/cubrid/src/connection/tcp.c, line 1470
The css_peer_alive() is calling.
Time: 11/14/25 18:10:45.479 - DEBUG *** file /home/cubrid/work/cubrid/src/connection/tcp.c, line 1470
The css_peer_alive() is calling.
Time: 11/14/25 18:10:50.484 - DEBUG *** file /home/cubrid/work/cubrid/src/connection/tcp.c, line 1470
The css_peer_alive() is calling.
Time: 11/14/25 18:10:55.489 - DEBUG *** file /home/cubrid/work/cubrid/src/connection/tcp.c, line 1470
The css_peer_alive() is calling.
Time: 11/14/25 18:11:00.490 - DEBUG *** file /home/cubrid/work/cubrid/src/connection/tcp.c, line 1470
The css_peer_alive() is calling.
Time: 11/14/25 18:11:05.494 - DEBUG *** file /home/cubrid/work/cubrid/src/connection/tcp.c, line 1470
The css_peer_alive() is calling.
Time: 11/14/25 18:11:10.497 - DEBUG *** file /home/cubrid/work/cubrid/src/connection/tcp.c, line 1470
The css_peer_alive() is calling.
Time: 11/14/25 18:11:15.500 - DEBUG *** file /home/cubrid/work/cubrid/src/connection/tcp.c, line 1470
The css_peer_alive() is calling.
Time: 11/14/25 18:11:20.505 - DEBUG *** file /home/cubrid/work/cubrid/src/connection/tcp.c, line 1470
The css_peer_alive() is calling.
Time: 11/14/25 18:11:25.510 - DEBUG *** file /home/cubrid/work/cubrid/src/connection/tcp.c, line 1470
The css_peer_alive() is calling.
Time: 11/14/25 18:11:30.514 - DEBUG *** file /home/cubrid/work/cubrid/src/connection/tcp.c, line 1470
The css_peer_alive() is calling.
Time: 11/14/25 18:11:35.519 - DEBUG *** file /home/cubrid/work/cubrid/src/connection/tcp.c, line 1470
The css_peer_alive() is calling.
Time: 11/14/25 18:11:40.523 - DEBUG *** file /home/cubrid/work/cubrid/src/connection/tcp.c, line 1470
The css_peer_alive() is calling.
Time: 11/14/25 18:11:45.528 - DEBUG *** file /home/cubrid/work/cubrid/src/connection/tcp.c, line 1470
The css_peer_alive() is calling.
Time: 11/14/25 18:11:50.529 - DEBUG *** file /home/cubrid/work/cubrid/src/connection/tcp.c, line 1470
The css_peer_alive() is calling.
Time: 11/14/25 18:11:55.534 - DEBUG *** file /home/cubrid/work/cubrid/src/connection/tcp.c, line 1470
The css_peer_alive() is calling.
Time: 11/14/25 18:12:00.540 - DEBUG *** file /home/cubrid/work/cubrid/src/connection/tcp.c, line 1470
The css_peer_alive() is calling.
Time: 11/14/25 18:12:05.545 - DEBUG *** file /home/cubrid/work/cubrid/src/connection/tcp.c, line 1470
The css_peer_alive() is calling.
Time: 11/14/25 18:12:10.550 - DEBUG *** file /home/cubrid/work/cubrid/src/connection/tcp.c, line 1470
The css_peer_alive() is calling.
Time: 11/14/25 18:12:15.553 - DEBUG *** file /home/cubrid/work/cubrid/src/connection/tcp.c, line 1470
The css_peer_alive() is calling.
Time: 11/14/25 18:12:20.556 - DEBUG *** file /home/cubrid/work/cubrid/src/connection/tcp.c, line 1470
The css_peer_alive() is calling.
Time: 11/14/25 18:12:25.558 - DEBUG *** file /home/cubrid/work/cubrid/src/connection/tcp.c, line 1470
The css_peer_alive() is calling.
Time: 11/14/25 18:12:30.562 - DEBUG *** file /home/cubrid/work/cubrid/src/connection/tcp.c, line 1470
The css_peer_alive() is calling.
Time: 11/14/25 18:12:35.567 - DEBUG *** file /home/cubrid/work/cubrid/src/connection/tcp.c, line 1470
The css_peer_alive() is calling.
Time: 11/14/25 18:12:40.571 - DEBUG *** file /home/cubrid/work/cubrid/src/connection/tcp.c, line 1470
The css_peer_alive() is calling.
Time: 11/14/25 18:12:45.574 - DEBUG *** file /home/cubrid/work/cubrid/src/connection/tcp.c, line 1470
The css_peer_alive() is calling.
Time: 11/14/25 18:12:50.579 - DEBUG *** file /home/cubrid/work/cubrid/src/connection/tcp.c, line 1470
The css_peer_alive() is calling.
Time: 11/14/25 18:12:55.584 - DEBUG *** file /home/cubrid/work/cubrid/src/connection/tcp.c, line 1470
The css_peer_alive() is calling.
Time: 11/14/25 18:13:00.590 - DEBUG *** file /home/cubrid/work/cubrid/src/connection/tcp.c, line 1470
The css_peer_alive() is calling.
Time: 11/14/25 18:13:05.595 - DEBUG *** file /home/cubrid/work/cubrid/src/connection/tcp.c, line 1470
The css_peer_alive() is calling.
Time: 11/14/25 18:13:10.596 - DEBUG *** file /home/cubrid/work/cubrid/src/connection/tcp.c, line 1470
The css_peer_alive() is calling.
Time: 11/14/25 18:13:15.601 - DEBUG *** file /home/cubrid/work/cubrid/src/connection/tcp.c, line 1470
The css_peer_alive() is calling.
Time: 11/14/25 18:13:20.602 - DEBUG *** file /home/cubrid/work/cubrid/src/connection/tcp.c, line 1470
The css_peer_alive() is calling.
Time: 11/14/25 18:13:25.607 - DEBUG *** file /home/cubrid/work/cubrid/src/connection/tcp.c, line 1470
The css_peer_alive() is calling.
Time: 11/14/25 18:13:30.612 - DEBUG *** file /home/cubrid/work/cubrid/src/connection/tcp.c, line 1470
The css_peer_alive() is calling.
Time: 11/14/25 18:13:35.617 - DEBUG *** file /home/cubrid/work/cubrid/src/connection/tcp.c, line 1470
The css_peer_alive() is calling.
Time: 11/14/25 18:13:40.622 - DEBUG *** file /home/cubrid/work/cubrid/src/connection/tcp.c, line 1470
The css_peer_alive() is calling.
Time: 11/14/25 18:13:45.627 - DEBUG *** file /home/cubrid/work/cubrid/src/connection/tcp.c, line 1470
The css_peer_alive() is calling.
Time: 11/14/25 18:13:50.627 - DEBUG *** file /home/cubrid/work/cubrid/src/connection/tcp.c, line 1470
The css_peer_alive() is calling.
Time: 11/14/25 18:13:55.633 - DEBUG *** file /home/cubrid/work/cubrid/src/connection/tcp.c, line 1470
The css_peer_alive() is calling.
Time: 11/14/25 18:14:00.635 - DEBUG *** file /home/cubrid/work/cubrid/src/connection/tcp.c, line 1470
The css_peer_alive() is calling.
Time: 11/14/25 18:14:05.636 - DEBUG *** file /home/cubrid/work/cubrid/src/connection/tcp.c, line 1470
The css_peer_alive() is calling.
Time: 11/14/25 18:14:10.637 - DEBUG *** file /home/cubrid/work/cubrid/src/connection/tcp.c, line 1470
The css_peer_alive() is calling.
Time: 11/14/25 18:14:15.638 - DEBUG *** file /home/cubrid/work/cubrid/src/connection/tcp.c, line 1470
The css_peer_alive() is calling.
Time: 11/14/25 18:14:20.643 - DEBUG *** file /home/cubrid/work/cubrid/src/connection/tcp.c, line 1470
The css_peer_alive() is calling.
Time: 11/14/25 18:14:25.648 - DEBUG *** file /home/cubrid/work/cubrid/src/connection/tcp.c, line 1470
The css_peer_alive() is calling.
Time: 11/14/25 18:14:30.651 - DEBUG *** file /home/cubrid/work/cubrid/src/connection/tcp.c, line 1470
The css_peer_alive() is calling.
Time: 11/14/25 18:14:35.652 - DEBUG *** file /home/cubrid/work/cubrid/src/connection/tcp.c, line 1470
The css_peer_alive() is calling.
Time: 11/14/25 18:14:40.657 - DEBUG *** file /home/cubrid/work/cubrid/src/connection/tcp.c, line 1470
The css_peer_alive() is calling.
Time: 11/14/25 18:14:45.662 - DEBUG *** file /home/cubrid/work/cubrid/src/connection/tcp.c, line 1470
The css_peer_alive() is calling.
Time: 11/14/25 18:14:50.664 - DEBUG *** file /home/cubrid/work/cubrid/src/connection/tcp.c, line 1470
The css_peer_alive() is calling.
Time: 11/14/25 18:14:55.669 - DEBUG *** file /home/cubrid/work/cubrid/src/connection/tcp.c, line 1470
The css_peer_alive() is calling.
Time: 11/14/25 18:15:00.674 - DEBUG *** file /home/cubrid/work/cubrid/src/connection/tcp.c, line 1470
The css_peer_alive() is calling.
Time: 11/14/25 18:15:05.678 - DEBUG *** file /home/cubrid/work/cubrid/src/connection/tcp.c, line 1470
The css_peer_alive() is calling.
Time: 11/14/25 18:15:10.681 - DEBUG *** file /home/cubrid/work/cubrid/src/connection/tcp.c, line 1470
The css_peer_alive() is calling.
Time: 11/14/25 18:15:15.686 - DEBUG *** file /home/cubrid/work/cubrid/src/connection/tcp.c, line 1470
The css_peer_alive() is calling.
Time: 11/14/25 18:15:20.692 - DEBUG *** file /home/cubrid/work/cubrid/src/connection/tcp.c, line 1470
The css_peer_alive() is calling.
Time: 11/14/25 18:15:25.697 - DEBUG *** file /home/cubrid/work/cubrid/src/connection/tcp.c, line 1470
The css_peer_alive() is calling.
Time: 11/14/25 18:15:30.702 - DEBUG *** file /home/cubrid/work/cubrid/src/connection/tcp.c, line 1470
The css_peer_alive() is calling.
Time: 11/14/25 18:15:35.702 - DEBUG *** file /home/cubrid/work/cubrid/src/connection/tcp.c, line 1470
The css_peer_alive() is calling.
Time: 11/14/25 18:15:40.705 - DEBUG *** file /home/cubrid/work/cubrid/src/connection/tcp.c, line 1470
The css_peer_alive() is calling.
Time: 11/14/25 18:15:45.706 - DEBUG *** file /home/cubrid/work/cubrid/src/connection/tcp.c, line 1470
The css_peer_alive() is calling.
Time: 11/14/25 18:15:50.707 - DEBUG *** file /home/cubrid/work/cubrid/src/connection/tcp.c, line 1470
The css_peer_alive() is calling.
Time: 11/14/25 18:15:55.712 - DEBUG *** file /home/cubrid/work/cubrid/src/connection/tcp.c, line 1470
The css_peer_alive() is calling.
Time: 11/14/25 18:16:00.717 - DEBUG *** file /home/cubrid/work/cubrid/src/connection/tcp.c, line 1470
The css_peer_alive() is calling.
Time: 11/14/25 18:16:05.722 - DEBUG *** file /home/cubrid/work/cubrid/src/connection/tcp.c, line 1470
The css_peer_alive() is calling.
Time: 11/14/25 18:16:10.725 - DEBUG *** file /home/cubrid/work/cubrid/src/connection/tcp.c, line 1470
The css_peer_alive() is calling.
Time: 11/14/25 18:16:15.727 - DEBUG *** file /home/cubrid/work/cubrid/src/connection/tcp.c, line 1470
The css_peer_alive() is calling.
Time: 11/14/25 18:16:20.732 - DEBUG *** file /home/cubrid/work/cubrid/src/connection/tcp.c, line 1470
The css_peer_alive() is calling.
Time: 11/14/25 18:16:25.737 - DEBUG *** file /home/cubrid/work/cubrid/src/connection/tcp.c, line 1470
The css_peer_alive() is calling.
Time: 11/14/25 18:16:30.742 - DEBUG *** file /home/cubrid/work/cubrid/src/connection/tcp.c, line 1470
The css_peer_alive() is calling.
Time: 11/14/25 18:16:35.747 - DEBUG *** file /home/cubrid/work/cubrid/src/connection/tcp.c, line 1470
The css_peer_alive() is calling.
Time: 11/14/25 18:16:40.753 - DEBUG *** file /home/cubrid/work/cubrid/src/connection/tcp.c, line 1470
The css_peer_alive() is calling.
Time: 11/14/25 18:16:45.758 - DEBUG *** file /home/cubrid/work/cubrid/src/connection/tcp.c, line 1470
The css_peer_alive() is calling.
Time: 11/14/25 18:16:50.763 - DEBUG *** file /home/cubrid/work/cubrid/src/connection/tcp.c, line 1470
The css_peer_alive() is calling.
Time: 11/14/25 18:16:55.768 - DEBUG *** file /home/cubrid/work/cubrid/src/connection/tcp.c, line 1470
The css_peer_alive() is calling.
Time: 11/14/25 18:17:00.773 - DEBUG *** file /home/cubrid/work/cubrid/src/connection/tcp.c, line 1470
The css_peer_alive() is calling.
Time: 11/14/25 18:17:05.778 - DEBUG *** file /home/cubrid/work/cubrid/src/connection/tcp.c, line 1470
The css_peer_alive() is calling.
Time: 11/14/25 18:17:10.784 - DEBUG *** file /home/cubrid/work/cubrid/src/connection/tcp.c, line 1470
The css_peer_alive() is calling.
Time: 11/14/25 18:17:15.789 - DEBUG *** file /home/cubrid/work/cubrid/src/connection/tcp.c, line 1470
The css_peer_alive() is calling.
Time: 11/14/25 18:17:20.792 - DEBUG *** file /home/cubrid/work/cubrid/src/connection/tcp.c, line 1470
The css_peer_alive() is calling.
Time: 11/14/25 18:17:25.797 - DEBUG *** file /home/cubrid/work/cubrid/src/connection/tcp.c, line 1470
The css_peer_alive() is calling.
Time: 11/14/25 18:17:30.799 - DEBUG *** file /home/cubrid/work/cubrid/src/connection/tcp.c, line 1470
The css_peer_alive() is calling.
Time: 11/14/25 18:17:35.802 - DEBUG *** file /home/cubrid/work/cubrid/src/connection/tcp.c, line 1470
The css_peer_alive() is calling.
Time: 11/14/25 18:17:40.807 - DEBUG *** file /home/cubrid/work/cubrid/src/connection/tcp.c, line 1470
The css_peer_alive() is calling.
Time: 11/14/25 18:17:45.812 - DEBUG *** file /home/cubrid/work/cubrid/src/connection/tcp.c, line 1470
The css_peer_alive() is calling.
Time: 11/14/25 18:17:50.818 - DEBUG *** file /home/cubrid/work/cubrid/src/connection/tcp.c, line 1470
The css_peer_alive() is calling.
Time: 11/14/25 18:17:55.822 - DEBUG *** file /home/cubrid/work/cubrid/src/connection/tcp.c, line 1470
The css_peer_alive() is calling.
Time: 11/14/25 18:18:00.827 - DEBUG *** file /home/cubrid/work/cubrid/src/connection/tcp.c, line 1470
The css_peer_alive() is calling.
Time: 11/14/25 18:18:05.828 - DEBUG *** file /home/cubrid/work/cubrid/src/connection/tcp.c, line 1470
The css_peer_alive() is calling.
Time: 11/14/25 18:18:10.830 - DEBUG *** file /home/cubrid/work/cubrid/src/connection/tcp.c, line 1470
The css_peer_alive() is calling.
Time: 11/14/25 18:18:15.835 - DEBUG *** file /home/cubrid/work/cubrid/src/connection/tcp.c, line 1470
The css_peer_alive() is calling.
Time: 11/14/25 18:18:20.840 - DEBUG *** file /home/cubrid/work/cubrid/src/connection/tcp.c, line 1470
The css_peer_alive() is calling.
Time: 11/14/25 18:18:25.845 - DEBUG *** file /home/cubrid/work/cubrid/src/connection/tcp.c, line 1470
The css_peer_alive() is calling.
Time: 11/14/25 18:18:30.850 - DEBUG *** file /home/cubrid/work/cubrid/src/connection/tcp.c, line 1470
The css_peer_alive() is calling.
Time: 11/14/25 18:18:35.854 - DEBUG *** file /home/cubrid/work/cubrid/src/connection/tcp.c, line 1470
The css_peer_alive() is calling.
Time: 11/14/25 18:18:40.859 - DEBUG *** file /home/cubrid/work/cubrid/src/connection/tcp.c, line 1470
The css_peer_alive() is calling.
Time: 11/14/25 18:18:45.864 - DEBUG *** file /home/cubrid/work/cubrid/src/connection/tcp.c, line 1470
The css_peer_alive() is calling.
Time: 11/14/25 18:18:50.865 - DEBUG *** file /home/cubrid/work/cubrid/src/connection/tcp.c, line 1470
The css_peer_alive() is calling.
Time: 11/14/25 18:18:55.869 - DEBUG *** file /home/cubrid/work/cubrid/src/connection/tcp.c, line 1470
The css_peer_alive() is calling.
Time: 11/14/25 18:19:00.870 - DEBUG *** file /home/cubrid/work/cubrid/src/connection/tcp.c, line 1470
The css_peer_alive() is calling.
Time: 11/14/25 18:19:05.872 - DEBUG *** file /home/cubrid/work/cubrid/src/connection/tcp.c, line 1470
The css_peer_alive() is calling.
Time: 11/14/25 18:19:10.877 - DEBUG *** file /home/cubrid/work/cubrid/src/connection/tcp.c, line 1470
The css_peer_alive() is calling.
Time: 11/14/25 18:19:15.878 - DEBUG *** file /home/cubrid/work/cubrid/src/connection/tcp.c, line 1470
The css_peer_alive() is calling.
Time: 11/14/25 18:19:20.881 - DEBUG *** file /home/cubrid/work/cubrid/src/connection/tcp.c, line 1470
The css_peer_alive() is calling.
Time: 11/14/25 18:19:25.885 - DEBUG *** file /home/cubrid/work/cubrid/src/connection/tcp.c, line 1470
The css_peer_alive() is calling.
Time: 11/14/25 18:19:30.885 - DEBUG *** file /home/cubrid/work/cubrid/src/connection/tcp.c, line 1470
The css_peer_alive() is calling.
Time: 11/14/25 18:19:35.886 - DEBUG *** file /home/cubrid/work/cubrid/src/connection/tcp.c, line 1470
The css_peer_alive() is calling.
Time: 11/14/25 18:19:40.890 - DEBUG *** file /home/cubrid/work/cubrid/src/connection/tcp.c, line 1470
The css_peer_alive() is calling.
Time: 11/14/25 18:19:45.894 - DEBUG *** file /home/cubrid/work/cubrid/src/connection/tcp.c, line 1470
The css_peer_alive() is calling.
Time: 11/14/25 18:19:50.899 - DEBUG *** file /home/cubrid/work/cubrid/src/connection/tcp.c, line 1470
The css_peer_alive() is calling.
Time: 11/14/25 18:19:55.904 - DEBUG *** file /home/cubrid/work/cubrid/src/connection/tcp.c, line 1470
The css_peer_alive() is calling.
Time: 11/14/25 18:20:00.905 - DEBUG *** file /home/cubrid/work/cubrid/src/connection/tcp.c, line 1470
The css_peer_alive() is calling.
Time: 11/14/25 18:20:05.910 - DEBUG *** file /home/cubrid/work/cubrid/src/connection/tcp.c, line 1470
The css_peer_alive() is calling.
Time: 11/14/25 18:20:10.915 - DEBUG *** file /home/cubrid/work/cubrid/src/connection/tcp.c, line 1470
The css_peer_alive() is calling.
Time: 11/14/25 18:20:15.918 - DEBUG *** file /home/cubrid/work/cubrid/src/connection/tcp.c, line 1470
The css_peer_alive() is calling.
Time: 11/14/25 18:20:20.921 - DEBUG *** file /home/cubrid/work/cubrid/src/connection/tcp.c, line 1470
The css_peer_alive() is calling.
Time: 11/14/25 18:20:25.926 - DEBUG *** file /home/cubrid/work/cubrid/src/connection/tcp.c, line 1470
The css_peer_alive() is calling.
Time: 11/14/25 18:20:30.931 - DEBUG *** file /home/cubrid/work/cubrid/src/connection/tcp.c, line 1470
The css_peer_alive() is calling.
Time: 11/14/25 18:20:35.936 - DEBUG *** file /home/cubrid/work/cubrid/src/connection/tcp.c, line 1470
The css_peer_alive() is calling.
Time: 11/14/25 18:20:40.942 - DEBUG *** file /home/cubrid/work/cubrid/src/connection/tcp.c, line 1470
The css_peer_alive() is calling.
Time: 11/14/25 18:20:45.947 - DEBUG *** file /home/cubrid/work/cubrid/src/connection/tcp.c, line 1470
The css_peer_alive() is calling.
Time: 11/14/25 18:20:50.948 - DEBUG *** file /home/cubrid/work/cubrid/src/connection/tcp.c, line 1470
The css_peer_alive() is calling.
Time: 11/14/25 18:20:55.954 - DEBUG *** file /home/cubrid/work/cubrid/src/connection/tcp.c, line 1470
The css_peer_alive() is calling.
Time: 11/14/25 18:21:00.959 - DEBUG *** file /home/cubrid/work/cubrid/src/connection/tcp.c, line 1470
The css_peer_alive() is calling.
Time: 11/14/25 18:21:05.964 - DEBUG *** file /home/cubrid/work/cubrid/src/connection/tcp.c, line 1470
The css_peer_alive() is calling.
Time: 11/14/25 18:21:10.969 - DEBUG *** file /home/cubrid/work/cubrid/src/connection/tcp.c, line 1470
The css_peer_alive() is calling.
Time: 11/14/25 18:21:15.970 - DEBUG *** file /home/cubrid/work/cubrid/src/connection/tcp.c, line 1470
The css_peer_alive() is calling.
Time: 11/14/25 18:21:20.971 - DEBUG *** file /home/cubrid/work/cubrid/src/connection/tcp.c, line 1470
The css_peer_alive() is calling.
Time: 11/14/25 18:21:25.976 - DEBUG *** file /home/cubrid/work/cubrid/src/connection/tcp.c, line 1470
The css_peer_alive() is calling.
Time: 11/14/25 18:21:30.981 - DEBUG *** file /home/cubrid/work/cubrid/src/connection/tcp.c, line 1470
The css_peer_alive() is calling.
Time: 11/14/25 18:21:35.986 - DEBUG *** file /home/cubrid/work/cubrid/src/connection/tcp.c, line 1470
The css_peer_alive() is calling.
Time: 11/14/25 18:21:40.989 - DEBUG *** file /home/cubrid/work/cubrid/src/connection/tcp.c, line 1470
The css_peer_alive() is calling.
Time: 11/14/25 18:21:45.994 - DEBUG *** file /home/cubrid/work/cubrid/src/connection/tcp.c, line 1470
The css_peer_alive() is calling.
Time: 11/14/25 18:21:50.000 - DEBUG *** file /home/cubrid/work/cubrid/src/connection/tcp.c, line 1470
The css_peer_alive() is calling.
Time: 11/14/25 18:21:56.005 - DEBUG *** file /home/cubrid/work/cubrid/src/connection/tcp.c, line 1470
The css_peer_alive() is calling.
Time: 11/14/25 18:22:01.010 - DEBUG *** file /home/cubrid/work/cubrid/src/connection/tcp.c, line 1470
The css_peer_alive() is calling.
Time: 11/14/25 18:22:06.015 - DEBUG *** file /home/cubrid/work/cubrid/src/connection/tcp.c, line 1470
The css_peer_alive() is calling.
Time: 11/14/25 18:22:11.020 - DEBUG *** file /home/cubrid/work/cubrid/src/connection/tcp.c, line 1470
The css_peer_alive() is calling.
Time: 11/14/25 18:22:16.025 - DEBUG *** file /home/cubrid/work/cubrid/src/connection/tcp.c, line 1470
The css_peer_alive() is calling.
Time: 11/14/25 18:22:21.030 - DEBUG *** file /home/cubrid/work/cubrid/src/connection/tcp.c, line 1470
The css_peer_alive() is calling.
Time: 11/14/25 18:22:26.035 - DEBUG *** file /home/cubrid/work/cubrid/src/connection/tcp.c, line 1470
The css_peer_alive() is calling.
Time: 11/14/25 18:22:31.036 - DEBUG *** file /home/cubrid/work/cubrid/src/connection/tcp.c, line 1470
The css_peer_alive() is calling.
Time: 11/14/25 18:22:36.041 - DEBUG *** file /home/cubrid/work/cubrid/src/connection/tcp.c, line 1470
The css_peer_alive() is calling.
Time: 11/14/25 18:22:41.042 - DEBUG *** file /home/cubrid/work/cubrid/src/connection/tcp.c, line 1470
The css_peer_alive() is calling.
Time: 11/14/25 18:22:46.044 - DEBUG *** file /home/cubrid/work/cubrid/src/connection/tcp.c, line 1470
The css_peer_alive() is calling.
Time: 11/14/25 18:22:51.044 - DEBUG *** file /home/cubrid/work/cubrid/src/connection/tcp.c, line 1470
The css_peer_alive() is calling.
Time: 11/14/25 18:22:56.048 - DEBUG *** file /home/cubrid/work/cubrid/src/connection/tcp.c, line 1470
The css_peer_alive() is calling.
Time: 11/14/25 18:23:01.050 - DEBUG *** file /home/cubrid/work/cubrid/src/connection/tcp.c, line 1470
The css_peer_alive() is calling.
Time: 11/14/25 18:23:06.055 - DEBUG *** file /home/cubrid/work/cubrid/src/connection/tcp.c, line 1470
The css_peer_alive() is calling.
Time: 11/14/25 18:23:11.060 - DEBUG *** file /home/cubrid/work/cubrid/src/connection/tcp.c, line 1470
The css_peer_alive() is calling.
Time: 11/14/25 18:23:16.065 - DEBUG *** file /home/cubrid/work/cubrid/src/connection/tcp.c, line 1470
The css_peer_alive() is calling.
Time: 11/14/25 18:23:21.066 - DEBUG *** file /home/cubrid/work/cubrid/src/connection/tcp.c, line 1470
The css_peer_alive() is calling.
Time: 11/14/25 18:23:26.071 - DEBUG *** file /home/cubrid/work/cubrid/src/connection/tcp.c, line 1470
The css_peer_alive() is calling.
Time: 11/14/25 18:23:31.076 - DEBUG *** file /home/cubrid/work/cubrid/src/connection/tcp.c, line 1470
The css_peer_alive() is calling.
Time: 11/14/25 18:23:36.077 - DEBUG *** file /home/cubrid/work/cubrid/src/connection/tcp.c, line 1470
The css_peer_alive() is calling.
Time: 11/14/25 18:23:41.082 - DEBUG *** file /home/cubrid/work/cubrid/src/connection/tcp.c, line 1470
The css_peer_alive() is calling.
Time: 11/14/25 18:23:46.086 - DEBUG *** file /home/cubrid/work/cubrid/src/connection/tcp.c, line 1470
The css_peer_alive() is calling.
Time: 11/14/25 18:23:51.091 - DEBUG *** file /home/cubrid/work/cubrid/src/connection/tcp.c, line 1470
The css_peer_alive() is calling.
Time: 11/14/25 18:23:56.093 - DEBUG *** file /home/cubrid/work/cubrid/src/connection/tcp.c, line 1470
The css_peer_alive() is calling.
Time: 11/14/25 18:24:01.099 - DEBUG *** file /home/cubrid/work/cubrid/src/connection/tcp.c, line 1470
The css_peer_alive() is calling.
Time: 11/14/25 18:24:06.104 - DEBUG *** file /home/cubrid/work/cubrid/src/connection/tcp.c, line 1470
The css_peer_alive() is calling.
Time: 11/14/25 18:24:11.109 - DEBUG *** file /home/cubrid/work/cubrid/src/connection/tcp.c, line 1470
The css_peer_alive() is calling.
Time: 11/14/25 18:24:16.114 - DEBUG *** file /home/cubrid/work/cubrid/src/connection/tcp.c, line 1470
The css_peer_alive() is calling.
Time: 11/14/25 18:24:21.119 - DEBUG *** file /home/cubrid/work/cubrid/src/connection/tcp.c, line 1470
The css_peer_alive() is calling.
Time: 11/14/25 18:24:26.124 - DEBUG *** file /home/cubrid/work/cubrid/src/connection/tcp.c, line 1470
The css_peer_alive() is calling.
Time: 11/14/25 18:24:31.126 - DEBUG *** file /home/cubrid/work/cubrid/src/connection/tcp.c, line 1470
The css_peer_alive() is calling.
Time: 11/14/25 18:24:36.129 - DEBUG *** file /home/cubrid/work/cubrid/src/connection/tcp.c, line 1470
The css_peer_alive() is calling.
Time: 11/14/25 18:24:41.133 - DEBUG *** file /home/cubrid/work/cubrid/src/connection/tcp.c, line 1470
The css_peer_alive() is calling.
Time: 11/14/25 18:24:46.138 - DEBUG *** file /home/cubrid/work/cubrid/src/connection/tcp.c, line 1470
The css_peer_alive() is calling.
Time: 11/14/25 18:24:51.139 - DEBUG *** file /home/cubrid/work/cubrid/src/connection/tcp.c, line 1470
The css_peer_alive() is calling.
Time: 11/14/25 18:24:56.144 - DEBUG *** file /home/cubrid/work/cubrid/src/connection/tcp.c, line 1470
The css_peer_alive() is calling.
Time: 11/14/25 18:25:01.147 - DEBUG *** file /home/cubrid/work/cubrid/src/connection/tcp.c, line 1470
The css_peer_alive() is calling.
Time: 11/14/25 18:25:06.153 - DEBUG *** file /home/cubrid/work/cubrid/src/connection/tcp.c, line 1470
The css_peer_alive() is calling.
Time: 11/14/25 18:25:11.157 - DEBUG *** file /home/cubrid/work/cubrid/src/connection/tcp.c, line 1470
The css_peer_alive() is calling.
Time: 11/14/25 18:25:16.159 - DEBUG *** file /home/cubrid/work/cubrid/src/connection/tcp.c, line 1470
The css_peer_alive() is calling.
Time: 11/14/25 18:25:21.164 - DEBUG *** file /home/cubrid/work/cubrid/src/connection/tcp.c, line 1470
The css_peer_alive() is calling.
Time: 11/14/25 18:25:26.169 - DEBUG *** file /home/cubrid/work/cubrid/src/connection/tcp.c, line 1470
The css_peer_alive() is calling.
Time: 11/14/25 18:25:31.174 - DEBUG *** file /home/cubrid/work/cubrid/src/connection/tcp.c, line 1470
The css_peer_alive() is calling.
Time: 11/14/25 18:25:36.179 - DEBUG *** file /home/cubrid/work/cubrid/src/connection/tcp.c, line 1470
The css_peer_alive() is calling.
Time: 11/14/25 18:25:41.180 - DEBUG *** file /home/cubrid/work/cubrid/src/connection/tcp.c, line 1470
The css_peer_alive() is calling.
Time: 11/14/25 18:25:46.181 - DEBUG *** file /home/cubrid/work/cubrid/src/connection/tcp.c, line 1470
The css_peer_alive() is calling.
Time: 11/14/25 18:25:51.182 - DEBUG *** file /home/cubrid/work/cubrid/src/connection/tcp.c, line 1470
The css_peer_alive() is calling.
Time: 11/14/25 18:25:56.187 - DEBUG *** file /home/cubrid/work/cubrid/src/connection/tcp.c, line 1470
The css_peer_alive() is calling.
Time: 11/14/25 18:26:01.192 - DEBUG *** file /home/cubrid/work/cubrid/src/connection/tcp.c, line 1470
The css_peer_alive() is calling.
Time: 11/14/25 18:26:06.197 - DEBUG *** file /home/cubrid/work/cubrid/src/connection/tcp.c, line 1470
The css_peer_alive() is calling.
Time: 11/14/25 18:26:11.202 - DEBUG *** file /home/cubrid/work/cubrid/src/connection/tcp.c, line 1470
The css_peer_alive() is calling.
Time: 11/14/25 18:26:16.207 - DEBUG *** file /home/cubrid/work/cubrid/src/connection/tcp.c, line 1470
The css_peer_alive() is calling.
Time: 11/14/25 18:26:21.212 - DEBUG *** file /home/cubrid/work/cubrid/src/connection/tcp.c, line 1470
The css_peer_alive() is calling.
Time: 11/14/25 18:26:26.215 - DEBUG *** file /home/cubrid/work/cubrid/src/connection/tcp.c, line 1470
The css_peer_alive() is calling.
Time: 11/14/25 18:26:31.220 - DEBUG *** file /home/cubrid/work/cubrid/src/connection/tcp.c, line 1470
The css_peer_alive() is calling.
Time: 11/14/25 18:26:36.221 - DEBUG *** file /home/cubrid/work/cubrid/src/connection/tcp.c, line 1470
The css_peer_alive() is calling.
Time: 11/14/25 18:26:41.226 - DEBUG *** file /home/cubrid/work/cubrid/src/connection/tcp.c, line 1470
The css_peer_alive() is calling.
Time: 11/14/25 18:26:46.231 - DEBUG *** file /home/cubrid/work/cubrid/src/connection/tcp.c, line 1470
The css_peer_alive() is calling.
Time: 11/14/25 18:26:51.236 - DEBUG *** file /home/cubrid/work/cubrid/src/connection/tcp.c, line 1470
The css_peer_alive() is calling.
Time: 11/14/25 18:26:56.241 - DEBUG *** file /home/cubrid/work/cubrid/src/connection/tcp.c, line 1470
The css_peer_alive() is calling.
Time: 11/14/25 18:27:01.245 - DEBUG *** file /home/cubrid/work/cubrid/src/connection/tcp.c, line 1470
The css_peer_alive() is calling.
Time: 11/14/25 18:27:06.251 - DEBUG *** file /home/cubrid/work/cubrid/src/connection/tcp.c, line 1470
The css_peer_alive() is calling.
Time: 11/14/25 18:27:11.253 - DEBUG *** file /home/cubrid/work/cubrid/src/connection/tcp.c, line 1470
The css_peer_alive() is calling.
Time: 11/14/25 18:27:16.257 - DEBUG *** file /home/cubrid/work/cubrid/src/connection/tcp.c, line 1470
The css_peer_alive() is calling.
Time: 11/14/25 18:27:21.262 - DEBUG *** file /home/cubrid/work/cubrid/src/connection/tcp.c, line 1470
The css_peer_alive() is calling.
Time: 11/14/25 18:27:26.267 - DEBUG *** file /home/cubrid/work/cubrid/src/connection/tcp.c, line 1470
The css_peer_alive() is calling.
Time: 11/14/25 18:27:31.268 - DEBUG *** file /home/cubrid/work/cubrid/src/connection/tcp.c, line 1470
The css_peer_alive() is calling.
Time: 11/14/25 18:27:36.269 - DEBUG *** file /home/cubrid/work/cubrid/src/connection/tcp.c, line 1470
The css_peer_alive() is calling.
Time: 11/14/25 18:27:41.272 - DEBUG *** file /home/cubrid/work/cubrid/src/connection/tcp.c, line 1470
The css_peer_alive() is calling.
Time: 11/14/25 18:27:46.277 - DEBUG *** file /home/cubrid/work/cubrid/src/connection/tcp.c, line 1470
The css_peer_alive() is calling.
Time: 11/14/25 18:27:51.278 - DEBUG *** file /home/cubrid/work/cubrid/src/connection/tcp.c, line 1470
The css_peer_alive() is calling.
Time: 11/14/25 18:27:56.281 - DEBUG *** file /home/cubrid/work/cubrid/src/connection/tcp.c, line 1470
The css_peer_alive() is calling.
Time: 11/14/25 18:28:01.287 - DEBUG *** file /home/cubrid/work/cubrid/src/connection/tcp.c, line 1470
The css_peer_alive() is calling.
Time: 11/14/25 18:28:06.287 - DEBUG *** file /home/cubrid/work/cubrid/src/connection/tcp.c, line 1470
The css_peer_alive() is calling.
Time: 11/14/25 18:28:11.292 - DEBUG *** file /home/cubrid/work/cubrid/src/connection/tcp.c, line 1470
The css_peer_alive() is calling.
Time: 11/14/25 18:28:16.293 - DEBUG *** file /home/cubrid/work/cubrid/src/connection/tcp.c, line 1470
The css_peer_alive() is calling.
Time: 11/14/25 18:28:21.298 - DEBUG *** file /home/cubrid/work/cubrid/src/connection/tcp.c, line 1470
The css_peer_alive() is calling.
Time: 11/14/25 18:28:26.299 - DEBUG *** file /home/cubrid/work/cubrid/src/connection/tcp.c, line 1470
The css_peer_alive() is calling.
Time: 11/14/25 18:28:31.304 - DEBUG *** file /home/cubrid/work/cubrid/src/connection/tcp.c, line 1470
The css_peer_alive() is calling.
Time: 11/14/25 18:28:36.307 - DEBUG *** file /home/cubrid/work/cubrid/src/connection/tcp.c, line 1470
The css_peer_alive() is calling.
Time: 11/14/25 18:28:41.310 - DEBUG *** file /home/cubrid/work/cubrid/src/connection/tcp.c, line 1470
The css_peer_alive() is calling.
Time: 11/14/25 18:28:46.311 - DEBUG *** file /home/cubrid/work/cubrid/src/connection/tcp.c, line 1470
The css_peer_alive() is calling.
Time: 11/14/25 18:28:51.316 - DEBUG *** file /home/cubrid/work/cubrid/src/connection/tcp.c, line 1470
The css_peer_alive() is calling.
Time: 11/14/25 18:28:56.322 - DEBUG *** file /home/cubrid/work/cubrid/src/connection/tcp.c, line 1470
The css_peer_alive() is calling.
Time: 11/14/25 18:29:01.327 - DEBUG *** file /home/cubrid/work/cubrid/src/connection/tcp.c, line 1470
The css_peer_alive() is calling.
Time: 11/14/25 18:29:06.331 - DEBUG *** file /home/cubrid/work/cubrid/src/connection/tcp.c, line 1470
The css_peer_alive() is calling.
Time: 11/14/25 18:29:11.336 - DEBUG *** file /home/cubrid/work/cubrid/src/connection/tcp.c, line 1470
The css_peer_alive() is calling.
Time: 11/14/25 18:29:16.337 - DEBUG *** file /home/cubrid/work/cubrid/src/connection/tcp.c, line 1470
The css_peer_alive() is calling.
Time: 11/14/25 18:29:21.342 - DEBUG *** file /home/cubrid/work/cubrid/src/connection/tcp.c, line 1470
The css_peer_alive() is calling.
Time: 11/14/25 18:29:26.343 - DEBUG *** file /home/cubrid/work/cubrid/src/connection/tcp.c, line 1470
The css_peer_alive() is calling.
Time: 11/14/25 18:29:31.346 - DEBUG *** file /home/cubrid/work/cubrid/src/connection/tcp.c, line 1470
The css_peer_alive() is calling.
Time: 11/14/25 18:29:36.351 - DEBUG *** file /home/cubrid/work/cubrid/src/connection/tcp.c, line 1470
The css_peer_alive() is calling.
Time: 11/14/25 18:29:41.353 - DEBUG *** file /home/cubrid/work/cubrid/src/connection/tcp.c, line 1470
The css_peer_alive() is calling.
Time: 11/14/25 18:29:46.354 - DEBUG *** file /home/cubrid/work/cubrid/src/connection/tcp.c, line 1470
The css_peer_alive() is calling.
Time: 11/14/25 18:29:51.359 - DEBUG *** file /home/cubrid/work/cubrid/src/connection/tcp.c, line 1470
The css_peer_alive() is calling.
Time: 11/14/25 18:29:56.364 - DEBUG *** file /home/cubrid/work/cubrid/src/connection/tcp.c, line 1470
The css_peer_alive() is calling.
Time: 11/14/25 18:30:01.369 - DEBUG *** file /home/cubrid/work/cubrid/src/connection/tcp.c, line 1470
The css_peer_alive() is calling.
Time: 11/14/25 18:30:06.374 - DEBUG *** file /home/cubrid/work/cubrid/src/connection/tcp.c, line 1470
The css_peer_alive() is calling.
Time: 11/14/25 18:30:11.377 - DEBUG *** file /home/cubrid/work/cubrid/src/connection/tcp.c, line 1470
The css_peer_alive() is calling.
Time: 11/14/25 18:30:16.377 - DEBUG *** file /home/cubrid/work/cubrid/src/connection/tcp.c, line 1470
The css_peer_alive() is calling.
Time: 11/14/25 18:30:21.382 - DEBUG *** file /home/cubrid/work/cubrid/src/connection/tcp.c, line 1470
The css_peer_alive() is calling.
Time: 11/14/25 18:30:26.388 - DEBUG *** file /home/cubrid/work/cubrid/src/connection/tcp.c, line 1470
The css_peer_alive() is calling.
Time: 11/14/25 18:30:31.393 - DEBUG *** file /home/cubrid/work/cubrid/src/connection/tcp.c, line 1470
The css_peer_alive() is calling.
Time: 11/14/25 18:30:36.398 - DEBUG *** file /home/cubrid/work/cubrid/src/connection/tcp.c, line 1470
The css_peer_alive() is calling.
Time: 11/14/25 18:30:41.403 - DEBUG *** file /home/cubrid/work/cubrid/src/connection/tcp.c, line 1470
The css_peer_alive() is calling.
Time: 11/14/25 18:30:46.408 - DEBUG *** file /home/cubrid/work/cubrid/src/connection/tcp.c, line 1470
The css_peer_alive() is calling.
Time: 11/14/25 18:30:51.412 - DEBUG *** file /home/cubrid/work/cubrid/src/connection/tcp.c, line 1470
The css_peer_alive() is calling.
Time: 11/14/25 18:30:56.417 - DEBUG *** file /home/cubrid/work/cubrid/src/connection/tcp.c, line 1470
The css_peer_alive() is calling.
Time: 11/14/25 18:31:01.418 - DEBUG *** file /home/cubrid/work/cubrid/src/connection/tcp.c, line 1470
The css_peer_alive() is calling.
Time: 11/14/25 18:31:06.423 - DEBUG *** file /home/cubrid/work/cubrid/src/connection/tcp.c, line 1470
The css_peer_alive() is calling.
Time: 11/14/25 18:31:11.428 - DEBUG *** file /home/cubrid/work/cubrid/src/connection/tcp.c, line 1470
The css_peer_alive() is calling.
Time: 11/14/25 18:31:16.428 - DEBUG *** file /home/cubrid/work/cubrid/src/connection/tcp.c, line 1470
The css_peer_alive() is calling.
Time: 11/14/25 18:31:21.433 - DEBUG *** file /home/cubrid/work/cubrid/src/connection/tcp.c, line 1470
The css_peer_alive() is calling.
Time: 11/14/25 18:31:26.439 - DEBUG *** file /home/cubrid/work/cubrid/src/connection/tcp.c, line 1470
The css_peer_alive() is calling.
Time: 11/14/25 18:31:31.444 - DEBUG *** file /home/cubrid/work/cubrid/src/connection/tcp.c, line 1470
The css_peer_alive() is calling.
Time: 11/14/25 18:31:36.449 - DEBUG *** file /home/cubrid/work/cubrid/src/connection/tcp.c, line 1470
The css_peer_alive() is calling.
Time: 11/14/25 18:31:41.450 - DEBUG *** file /home/cubrid/work/cubrid/src/connection/tcp.c, line 1470
The css_peer_alive() is calling.
Time: 11/14/25 18:31:46.454 - DEBUG *** file /home/cubrid/work/cubrid/src/connection/tcp.c, line 1470
The css_peer_alive() is calling.
Time: 11/14/25 18:31:51.455 - DEBUG *** file /home/cubrid/work/cubrid/src/connection/tcp.c, line 1470
The css_peer_alive() is calling.
Time: 11/14/25 18:31:56.456 - DEBUG *** file /home/cubrid/work/cubrid/src/connection/tcp.c, line 1470
The css_peer_alive() is calling.
Time: 11/14/25 18:32:01.461 - DEBUG *** file /home/cubrid/work/cubrid/src/connection/tcp.c, line 1470
The css_peer_alive() is calling.
Time: 11/14/25 18:32:06.466 - DEBUG *** file /home/cubrid/work/cubrid/src/connection/tcp.c, line 1470
The css_peer_alive() is calling.
Time: 11/14/25 18:32:11.467 - DEBUG *** file /home/cubrid/work/cubrid/src/connection/tcp.c, line 1470
The css_peer_alive() is calling.
Time: 11/14/25 18:32:16.470 - DEBUG *** file /home/cubrid/work/cubrid/src/connection/tcp.c, line 1470
The css_peer_alive() is calling.
Time: 11/14/25 18:32:21.475 - DEBUG *** file /home/cubrid/work/cubrid/src/connection/tcp.c, line 1470
The css_peer_alive() is calling.
Time: 11/14/25 18:32:26.479 - DEBUG *** file /home/cubrid/work/cubrid/src/connection/tcp.c, line 1470
The css_peer_alive() is calling.
Time: 11/14/25 18:32:31.481 - DEBUG *** file /home/cubrid/work/cubrid/src/connection/tcp.c, line 1470
The css_peer_alive() is calling.
Time: 11/14/25 18:32:36.483 - DEBUG *** file /home/cubrid/work/cubrid/src/connection/tcp.c, line 1470
The css_peer_alive() is calling.
Time: 11/14/25 18:32:41.485 - DEBUG *** file /home/cubrid/work/cubrid/src/connection/tcp.c, line 1470
The css_peer_alive() is calling.
Time: 11/14/25 18:32:46.490 - DEBUG *** file /home/cubrid/work/cubrid/src/connection/tcp.c, line 1470
The css_peer_alive() is calling.
Time: 11/14/25 18:32:51.494 - DEBUG *** file /home/cubrid/work/cubrid/src/connection/tcp.c, line 1470
The css_peer_alive() is calling.
Time: 11/14/25 18:32:56.498 - DEBUG *** file /home/cubrid/work/cubrid/src/connection/tcp.c, line 1470
The css_peer_alive() is calling.
Time: 11/14/25 18:33:01.503 - DEBUG *** file /home/cubrid/work/cubrid/src/connection/tcp.c, line 1470
The css_peer_alive() is calling.
Time: 11/14/25 18:33:06.509 - DEBUG *** file /home/cubrid/work/cubrid/src/connection/tcp.c, line 1470
The css_peer_alive() is calling.
Time: 11/14/25 18:33:11.509 - DEBUG *** file /home/cubrid/work/cubrid/src/connection/tcp.c, line 1470
The css_peer_alive() is calling.
Time: 11/14/25 18:33:16.511 - DEBUG *** file /home/cubrid/work/cubrid/src/connection/tcp.c, line 1470
The css_peer_alive() is calling.
Time: 11/14/25 18:33:21.516 - DEBUG *** file /home/cubrid/work/cubrid/src/connection/tcp.c, line 1470
The css_peer_alive() is calling.
Time: 11/14/25 18:33:26.520 - DEBUG *** file /home/cubrid/work/cubrid/src/connection/tcp.c, line 1470
The css_peer_alive() is calling.
Time: 11/14/25 18:33:31.521 - DEBUG *** file /home/cubrid/work/cubrid/src/connection/tcp.c, line 1470
The css_peer_alive() is calling.
Time: 11/14/25 18:33:36.525 - DEBUG *** file /home/cubrid/work/cubrid/src/connection/tcp.c, line 1470
The css_peer_alive() is calling.
Time: 11/14/25 18:33:41.530 - DEBUG *** file /home/cubrid/work/cubrid/src/connection/tcp.c, line 1470
The css_peer_alive() is calling.
Time: 11/14/25 18:33:46.535 - DEBUG *** file /home/cubrid/work/cubrid/src/connection/tcp.c, line 1470
The css_peer_alive() is calling.
Time: 11/14/25 18:33:51.540 - DEBUG *** file /home/cubrid/work/cubrid/src/connection/tcp.c, line 1470
The css_peer_alive() is calling.
Time: 11/14/25 18:33:56.545 - DEBUG *** file /home/cubrid/work/cubrid/src/connection/tcp.c, line 1470
The css_peer_alive() is calling.
Time: 11/14/25 18:34:01.550 - DEBUG *** file /home/cubrid/work/cubrid/src/connection/tcp.c, line 1470
The css_peer_alive() is calling.
Time: 11/14/25 18:34:06.553 - DEBUG *** file /home/cubrid/work/cubrid/src/connection/tcp.c, line 1470
The css_peer_alive() is calling.
Time: 11/14/25 18:34:11.558 - DEBUG *** file /home/cubrid/work/cubrid/src/connection/tcp.c, line 1470
The css_peer_alive() is calling.
Time: 11/14/25 18:34:16.563 - DEBUG *** file /home/cubrid/work/cubrid/src/connection/tcp.c, line 1470
The css_peer_alive() is calling.
Time: 11/14/25 18:34:21.565 - DEBUG *** file /home/cubrid/work/cubrid/src/connection/tcp.c, line 1470
The css_peer_alive() is calling.
Time: 11/14/25 18:34:26.567 - DEBUG *** file /home/cubrid/work/cubrid/src/connection/tcp.c, line 1470
The css_peer_alive() is calling.
Time: 11/14/25 18:34:31.571 - DEBUG *** file /home/cubrid/work/cubrid/src/connection/tcp.c, line 1470
The css_peer_alive() is calling.
Time: 11/14/25 18:34:36.576 - DEBUG *** file /home/cubrid/work/cubrid/src/connection/tcp.c, line 1470
The css_peer_alive() is calling.
Time: 11/14/25 18:34:41.582 - DEBUG *** file /home/cubrid/work/cubrid/src/connection/tcp.c, line 1470
The css_peer_alive() is calling.
Time: 11/14/25 18:34:46.587 - DEBUG *** file /home/cubrid/work/cubrid/src/connection/tcp.c, line 1470
The css_peer_alive() is calling.
Time: 11/14/25 18:34:51.592 - DEBUG *** file /home/cubrid/work/cubrid/src/connection/tcp.c, line 1470
The css_peer_alive() is calling.
Time: 11/14/25 18:34:56.596 - DEBUG *** file /home/cubrid/work/cubrid/src/connection/tcp.c, line 1470
The css_peer_alive() is calling.
Time: 11/14/25 18:35:01.601 - DEBUG *** file /home/cubrid/work/cubrid/src/connection/tcp.c, line 1470
The css_peer_alive() is calling.
Time: 11/14/25 18:35:06.606 - DEBUG *** file /home/cubrid/work/cubrid/src/connection/tcp.c, line 1470
The css_peer_alive() is calling.
Time: 11/14/25 18:35:11.610 - DEBUG *** file /home/cubrid/work/cubrid/src/connection/tcp.c, line 1470
The css_peer_alive() is calling.
Time: 11/14/25 18:35:16.611 - DEBUG *** file /home/cubrid/work/cubrid/src/connection/tcp.c, line 1470
The css_peer_alive() is calling.
Time: 11/14/25 18:35:21.615 - DEBUG *** file /home/cubrid/work/cubrid/src/connection/tcp.c, line 1470
The css_peer_alive() is calling.
Time: 11/14/25 18:35:26.620 - DEBUG *** file /home/cubrid/work/cubrid/src/connection/tcp.c, line 1470
The css_peer_alive() is calling.
Time: 11/14/25 18:35:31.622 - DEBUG *** file /home/cubrid/work/cubrid/src/connection/tcp.c, line 1470
The css_peer_alive() is calling.
Time: 11/14/25 18:35:36.628 - DEBUG *** file /home/cubrid/work/cubrid/src/connection/tcp.c, line 1470
The css_peer_alive() is calling.
Time: 11/14/25 18:35:41.633 - DEBUG *** file /home/cubrid/work/cubrid/src/connection/tcp.c, line 1470
The css_peer_alive() is calling.
Time: 11/14/25 18:35:46.638 - DEBUG *** file /home/cubrid/work/cubrid/src/connection/tcp.c, line 1470
The css_peer_alive() is calling.
Time: 11/14/25 18:35:51.643 - DEBUG *** file /home/cubrid/work/cubrid/src/connection/tcp.c, line 1470
The css_peer_alive() is calling.
Time: 11/14/25 18:35:56.645 - DEBUG *** file /home/cubrid/work/cubrid/src/connection/tcp.c, line 1470
The css_peer_alive() is calling.
Time: 11/14/25 18:36:01.648 - DEBUG *** file /home/cubrid/work/cubrid/src/connection/tcp.c, line 1470
The css_peer_alive() is calling.
Time: 11/14/25 18:36:06.653 - DEBUG *** file /home/cubrid/work/cubrid/src/connection/tcp.c, line 1470
The css_peer_alive() is calling.
Time: 11/14/25 18:36:11.656 - DEBUG *** file /home/cubrid/work/cubrid/src/connection/tcp.c, line 1470
The css_peer_alive() is calling.
Time: 11/14/25 18:36:16.657 - DEBUG *** file /home/cubrid/work/cubrid/src/connection/tcp.c, line 1470
The css_peer_alive() is calling.
Time: 11/14/25 18:36:21.658 - DEBUG *** file /home/cubrid/work/cubrid/src/connection/tcp.c, line 1470
The css_peer_alive() is calling.
Time: 11/14/25 18:36:26.663 - DEBUG *** file /home/cubrid/work/cubrid/src/connection/tcp.c, line 1470
The css_peer_alive() is calling.
Time: 11/14/25 18:36:31.669 - DEBUG *** file /home/cubrid/work/cubrid/src/connection/tcp.c, line 1470
The css_peer_alive() is calling.
Time: 11/14/25 18:36:36.674 - DEBUG *** file /home/cubrid/work/cubrid/src/connection/tcp.c, line 1470
The css_peer_alive() is calling.
Time: 11/14/25 18:36:41.674 - DEBUG *** file /home/cubrid/work/cubrid/src/connection/tcp.c, line 1470
The css_peer_alive() is calling.
Time: 11/14/25 18:36:46.676 - DEBUG *** file /home/cubrid/work/cubrid/src/connection/tcp.c, line 1470
The css_peer_alive() is calling.
Time: 11/14/25 18:36:51.677 - DEBUG *** file /home/cubrid/work/cubrid/src/connection/tcp.c, line 1470
The css_peer_alive() is calling.
Time: 11/14/25 18:36:56.680 - DEBUG *** file /home/cubrid/work/cubrid/src/connection/tcp.c, line 1470
The css_peer_alive() is calling.
Time: 11/14/25 18:37:01.685 - DEBUG *** file /home/cubrid/work/cubrid/src/connection/tcp.c, line 1470
The css_peer_alive() is calling.
Time: 11/14/25 18:37:06.685 - DEBUG *** file /home/cubrid/work/cubrid/src/connection/tcp.c, line 1470
The css_peer_alive() is calling.
Time: 11/14/25 18:37:11.690 - DEBUG *** file /home/cubrid/work/cubrid/src/connection/tcp.c, line 1470
The css_peer_alive() is calling.
Time: 11/14/25 18:37:16.692 - DEBUG *** file /home/cubrid/work/cubrid/src/connection/tcp.c, line 1470
The css_peer_alive() is calling.
Time: 11/14/25 18:37:21.693 - DEBUG *** file /home/cubrid/work/cubrid/src/connection/tcp.c, line 1470
The css_peer_alive() is calling.
Time: 11/14/25 18:37:26.698 - DEBUG *** file /home/cubrid/work/cubrid/src/connection/tcp.c, line 1470
The css_peer_alive() is calling.
Time: 11/14/25 18:37:31.703 - DEBUG *** file /home/cubrid/work/cubrid/src/connection/tcp.c, line 1470
The css_peer_alive() is calling.
Time: 11/14/25 18:37:36.708 - DEBUG *** file /home/cubrid/work/cubrid/src/connection/tcp.c, line 1470
The css_peer_alive() is calling.
Time: 11/14/25 18:37:41.713 - DEBUG *** file /home/cubrid/work/cubrid/src/connection/tcp.c, line 1470
The css_peer_alive() is calling.
Time: 11/14/25 18:37:46.718 - DEBUG *** file /home/cubrid/work/cubrid/src/connection/tcp.c, line 1470
The css_peer_alive() is calling.
Time: 11/14/25 18:37:51.723 - DEBUG *** file /home/cubrid/work/cubrid/src/connection/tcp.c, line 1470
The css_peer_alive() is calling.
Time: 11/14/25 18:37:56.724 - DEBUG *** file /home/cubrid/work/cubrid/src/connection/tcp.c, line 1470
The css_peer_alive() is calling.
Time: 11/14/25 18:38:01.725 - DEBUG *** file /home/cubrid/work/cubrid/src/connection/tcp.c, line 1470
The css_peer_alive() is calling.
Time: 11/14/25 18:38:06.731 - DEBUG *** file /home/cubrid/work/cubrid/src/connection/tcp.c, line 1470
The css_peer_alive() is calling.
Time: 11/14/25 18:38:11.736 - DEBUG *** file /home/cubrid/work/cubrid/src/connection/tcp.c, line 1470
The css_peer_alive() is calling.
Time: 11/14/25 18:38:16.740 - DEBUG *** file /home/cubrid/work/cubrid/src/connection/tcp.c, line 1470
The css_peer_alive() is calling.
Time: 11/14/25 18:38:21.743 - DEBUG *** file /home/cubrid/work/cubrid/src/connection/tcp.c, line 1470
The css_peer_alive() is calling.
Time: 11/14/25 18:38:26.744 - DEBUG *** file /home/cubrid/work/cubrid/src/connection/tcp.c, line 1470
The css_peer_alive() is calling.
Time: 11/14/25 18:38:31.746 - DEBUG *** file /home/cubrid/work/cubrid/src/connection/tcp.c, line 1470
The css_peer_alive() is calling.
Time: 11/14/25 18:38:36.748 - DEBUG *** file /home/cubrid/work/cubrid/src/connection/tcp.c, line 1470
The css_peer_alive() is calling.
Time: 11/14/25 18:38:41.753 - DEBUG *** file /home/cubrid/work/cubrid/src/connection/tcp.c, line 1470
The css_peer_alive() is calling.
Time: 11/14/25 18:38:46.754 - DEBUG *** file /home/cubrid/work/cubrid/src/connection/tcp.c, line 1470
The css_peer_alive() is calling.
Time: 11/14/25 18:38:51.759 - DEBUG *** file /home/cubrid/work/cubrid/src/connection/tcp.c, line 1470
The css_peer_alive() is calling.
Time: 11/14/25 18:38:56.764 - DEBUG *** file /home/cubrid/work/cubrid/src/connection/tcp.c, line 1470
The css_peer_alive() is calling.
Time: 11/14/25 18:39:01.769 - DEBUG *** file /home/cubrid/work/cubrid/src/connection/tcp.c, line 1470
The css_peer_alive() is calling.
Time: 11/14/25 18:39:06.774 - DEBUG *** file /home/cubrid/work/cubrid/src/connection/tcp.c, line 1470
The css_peer_alive() is calling.
Time: 11/14/25 18:39:11.778 - DEBUG *** file /home/cubrid/work/cubrid/src/connection/tcp.c, line 1470
The css_peer_alive() is calling.
Time: 11/14/25 18:39:16.780 - DEBUG *** file /home/cubrid/work/cubrid/src/connection/tcp.c, line 1470
The css_peer_alive() is calling.
Time: 11/14/25 18:39:21.785 - DEBUG *** file /home/cubrid/work/cubrid/src/connection/tcp.c, line 1470
The css_peer_alive() is calling.
Time: 11/14/25 18:39:26.788 - DEBUG *** file /home/cubrid/work/cubrid/src/connection/tcp.c, line 1470
The css_peer_alive() is calling.
Time: 11/14/25 18:39:31.793 - DEBUG *** file /home/cubrid/work/cubrid/src/connection/tcp.c, line 1470
The css_peer_alive() is calling.
Time: 11/14/25 18:39:36.798 - DEBUG *** file /home/cubrid/work/cubrid/src/connection/tcp.c, line 1470
The css_peer_alive() is calling.
Time: 11/14/25 18:39:41.798 - DEBUG *** file /home/cubrid/work/cubrid/src/connection/tcp.c, line 1470
The css_peer_alive() is calling.
Time: 11/14/25 18:39:46.803 - DEBUG *** file /home/cubrid/work/cubrid/src/connection/tcp.c, line 1470
The css_peer_alive() is calling.
Time: 11/14/25 18:39:51.807 - DEBUG *** file /home/cubrid/work/cubrid/src/connection/tcp.c, line 1470
The css_peer_alive() is calling.
Time: 11/14/25 18:39:56.808 - DEBUG *** file /home/cubrid/work/cubrid/src/connection/tcp.c, line 1470
The css_peer_alive() is calling.
Time: 11/14/25 18:40:01.813 - DEBUG *** file /home/cubrid/work/cubrid/src/connection/tcp.c, line 1470
The css_peer_alive() is calling.
Time: 11/14/25 18:40:06.819 - DEBUG *** file /home/cubrid/work/cubrid/src/connection/tcp.c, line 1470
The css_peer_alive() is calling.
Time: 11/14/25 18:40:11.821 - DEBUG *** file /home/cubrid/work/cubrid/src/connection/tcp.c, line 1470
The css_peer_alive() is calling.
Time: 11/14/25 18:40:16.827 - DEBUG *** file /home/cubrid/work/cubrid/src/connection/tcp.c, line 1470
The css_peer_alive() is calling.
Time: 11/14/25 18:40:21.832 - DEBUG *** file /home/cubrid/work/cubrid/src/connection/tcp.c, line 1470
The css_peer_alive() is calling.
Time: 11/14/25 18:40:26.832 - DEBUG *** file /home/cubrid/work/cubrid/src/connection/tcp.c, line 1470
The css_peer_alive() is calling.
Time: 11/14/25 18:40:31.836 - DEBUG *** file /home/cubrid/work/cubrid/src/connection/tcp.c, line 1470
The css_peer_alive() is calling.
Time: 11/14/25 18:40:36.841 - DEBUG *** file /home/cubrid/work/cubrid/src/connection/tcp.c, line 1470
The css_peer_alive() is calling.
Time: 11/14/25 18:40:41.846 - DEBUG *** file /home/cubrid/work/cubrid/src/connection/tcp.c, line 1470
The css_peer_alive() is calling.
Time: 11/14/25 18:40:46.851 - DEBUG *** file /home/cubrid/work/cubrid/src/connection/tcp.c, line 1470
The css_peer_alive() is calling.
Time: 11/14/25 18:40:51.857 - DEBUG *** file /home/cubrid/work/cubrid/src/connection/tcp.c, line 1470
The css_peer_alive() is calling.
Time: 11/14/25 18:40:56.860 - DEBUG *** file /home/cubrid/work/cubrid/src/connection/tcp.c, line 1470
The css_peer_alive() is calling.
Time: 11/14/25 18:41:01.866 - DEBUG *** file /home/cubrid/work/cubrid/src/connection/tcp.c, line 1470
The css_peer_alive() is calling.
Time: 11/14/25 18:41:06.871 - DEBUG *** file /home/cubrid/work/cubrid/src/connection/tcp.c, line 1470
The css_peer_alive() is calling.
Time: 11/14/25 18:41:11.876 - DEBUG *** file /home/cubrid/work/cubrid/src/connection/tcp.c, line 1470
The css_peer_alive() is calling.
Time: 11/14/25 18:41:16.881 - DEBUG *** file /home/cubrid/work/cubrid/src/connection/tcp.c, line 1470
The css_peer_alive() is calling.
Time: 11/14/25 18:41:21.886 - DEBUG *** file /home/cubrid/work/cubrid/src/connection/tcp.c, line 1470
The css_peer_alive() is calling.
Time: 11/14/25 18:41:26.891 - DEBUG *** file /home/cubrid/work/cubrid/src/connection/tcp.c, line 1470
The css_peer_alive() is calling.
Time: 11/14/25 18:41:31.891 - DEBUG *** file /home/cubrid/work/cubrid/src/connection/tcp.c, line 1470
The css_peer_alive() is calling.
Time: 11/14/25 18:41:36.895 - DEBUG *** file /home/cubrid/work/cubrid/src/connection/tcp.c, line 1470
The css_peer_alive() is calling.
Time: 11/14/25 18:41:41.896 - DEBUG *** file /home/cubrid/work/cubrid/src/connection/tcp.c, line 1470
The css_peer_alive() is calling.
Time: 11/14/25 18:41:46.898 - DEBUG *** file /home/cubrid/work/cubrid/src/connection/tcp.c, line 1470
The css_peer_alive() is calling.
Time: 11/14/25 18:41:51.903 - DEBUG *** file /home/cubrid/work/cubrid/src/connection/tcp.c, line 1470
The css_peer_alive() is calling.
Time: 11/14/25 18:41:56.908 - DEBUG *** file /home/cubrid/work/cubrid/src/connection/tcp.c, line 1470
The css_peer_alive() is calling.
Time: 11/14/25 18:42:01.912 - DEBUG *** file /home/cubrid/work/cubrid/src/connection/tcp.c, line 1470
The css_peer_alive() is calling.
Time: 11/14/25 18:42:06.917 - DEBUG *** file /home/cubrid/work/cubrid/src/connection/tcp.c, line 1470
The css_peer_alive() is calling.
Time: 11/14/25 18:42:11.922 - DEBUG *** file /home/cubrid/work/cubrid/src/connection/tcp.c, line 1470
The css_peer_alive() is calling.
Time: 11/14/25 18:42:16.924 - DEBUG *** file /home/cubrid/work/cubrid/src/connection/tcp.c, line 1470
The css_peer_alive() is calling.
Time: 11/14/25 18:42:21.929 - DEBUG *** file /home/cubrid/work/cubrid/src/connection/tcp.c, line 1470
The css_peer_alive() is calling.
Time: 11/14/25 18:42:26.934 - DEBUG *** file /home/cubrid/work/cubrid/src/connection/tcp.c, line 1470
The css_peer_alive() is calling.
Time: 11/14/25 18:42:31.936 - DEBUG *** file /home/cubrid/work/cubrid/src/connection/tcp.c, line 1470
The css_peer_alive() is calling.
Time: 11/14/25 18:42:36.941 - DEBUG *** file /home/cubrid/work/cubrid/src/connection/tcp.c, line 1470
The css_peer_alive() is calling.
Time: 11/14/25 18:42:41.944 - DEBUG *** file /home/cubrid/work/cubrid/src/connection/tcp.c, line 1470
The css_peer_alive() is calling.
Time: 11/14/25 18:42:46.948 - DEBUG *** file /home/cubrid/work/cubrid/src/connection/tcp.c, line 1470
The css_peer_alive() is calling.
Time: 11/14/25 18:42:51.953 - DEBUG *** file /home/cubrid/work/cubrid/src/connection/tcp.c, line 1470
The css_peer_alive() is calling.
Time: 11/14/25 18:42:56.955 - DEBUG *** file /home/cubrid/work/cubrid/src/connection/tcp.c, line 1470
The css_peer_alive() is calling.
Time: 11/14/25 18:43:01.960 - DEBUG *** file /home/cubrid/work/cubrid/src/connection/tcp.c, line 1470
The css_peer_alive() is calling.
Time: 11/14/25 18:43:06.965 - DEBUG *** file /home/cubrid/work/cubrid/src/connection/tcp.c, line 1470
The css_peer_alive() is calling.
Time: 11/14/25 18:43:11.966 - DEBUG *** file /home/cubrid/work/cubrid/src/connection/tcp.c, line 1470
The css_peer_alive() is calling.
Time: 11/14/25 18:43:16.971 - DEBUG *** file /home/cubrid/work/cubrid/src/connection/tcp.c, line 1470
The css_peer_alive() is calling.
Time: 11/14/25 18:43:21.976 - DEBUG *** file /home/cubrid/work/cubrid/src/connection/tcp.c, line 1470
The css_peer_alive() is calling.
Time: 11/14/25 18:43:26.981 - DEBUG *** file /home/cubrid/work/cubrid/src/connection/tcp.c, line 1470
The css_peer_alive() is calling.
Time: 11/14/25 18:43:31.986 - DEBUG *** file /home/cubrid/work/cubrid/src/connection/tcp.c, line 1470
The css_peer_alive() is calling.
Time: 11/14/25 18:43:36.991 - DEBUG *** file /home/cubrid/work/cubrid/src/connection/tcp.c, line 1470
The css_peer_alive() is calling.
Time: 11/14/25 18:43:41.996 - DEBUG *** file /home/cubrid/work/cubrid/src/connection/tcp.c, line 1470
The css_peer_alive() is calling.
Time: 11/14/25 18:43:47.002 - DEBUG *** file /home/cubrid/work/cubrid/src/connection/tcp.c, line 1470
The css_peer_alive() is calling.
Time: 11/14/25 18:43:52.007 - DEBUG *** file /home/cubrid/work/cubrid/src/connection/tcp.c, line 1470
The css_peer_alive() is calling.
Time: 11/14/25 18:43:57.012 - DEBUG *** file /home/cubrid/work/cubrid/src/connection/tcp.c, line 1470
The css_peer_alive() is calling.
Time: 11/14/25 18:44:02.015 - DEBUG *** file /home/cubrid/work/cubrid/src/connection/tcp.c, line 1470
The css_peer_alive() is calling.
Time: 11/14/25 18:44:07.016 - DEBUG *** file /home/cubrid/work/cubrid/src/connection/tcp.c, line 1470
The css_peer_alive() is calling.
Time: 11/14/25 18:44:12.019 - DEBUG *** file /home/cubrid/work/cubrid/src/connection/tcp.c, line 1470
The css_peer_alive() is calling.
Time: 11/14/25 18:44:17.024 - DEBUG *** file /home/cubrid/work/cubrid/src/connection/tcp.c, line 1470
The css_peer_alive() is calling.
Time: 11/14/25 18:44:22.030 - DEBUG *** file /home/cubrid/work/cubrid/src/connection/tcp.c, line 1470
The css_peer_alive() is calling.
Time: 11/14/25 18:44:27.032 - DEBUG *** file /home/cubrid/work/cubrid/src/connection/tcp.c, line 1470
The css_peer_alive() is calling.
Time: 11/14/25 18:44:32.034 - DEBUG *** file /home/cubrid/work/cubrid/src/connection/tcp.c, line 1470
The css_peer_alive() is calling.
Time: 11/14/25 18:44:37.037 - DEBUG *** file /home/cubrid/work/cubrid/src/connection/tcp.c, line 1470
The css_peer_alive() is calling.
Time: 11/14/25 18:44:42.038 - DEBUG *** file /home/cubrid/work/cubrid/src/connection/tcp.c, line 1470
The css_peer_alive() is calling.
Time: 11/14/25 18:44:47.042 - DEBUG *** file /home/cubrid/work/cubrid/src/connection/tcp.c, line 1470
The css_peer_alive() is calling.
Time: 11/14/25 18:44:52.044 - DEBUG *** file /home/cubrid/work/cubrid/src/connection/tcp.c, line 1470
The css_peer_alive() is calling.
Time: 11/14/25 18:44:57.049 - DEBUG *** file /home/cubrid/work/cubrid/src/connection/tcp.c, line 1470
The css_peer_alive() is calling.
Time: 11/14/25 18:45:02.052 - DEBUG *** file /home/cubrid/work/cubrid/src/connection/tcp.c, line 1470
The css_peer_alive() is calling.
Time: 11/14/25 18:45:07.053 - DEBUG *** file /home/cubrid/work/cubrid/src/connection/tcp.c, line 1470
The css_peer_alive() is calling.
Time: 11/14/25 18:45:12.056 - DEBUG *** file /home/cubrid/work/cubrid/src/connection/tcp.c, line 1470
The css_peer_alive() is calling.
Time: 11/14/25 18:45:17.059 - DEBUG *** file /home/cubrid/work/cubrid/src/connection/tcp.c, line 1470
The css_peer_alive() is calling.
Time: 11/14/25 18:45:22.060 - DEBUG *** file /home/cubrid/work/cubrid/src/connection/tcp.c, line 1470
The css_peer_alive() is calling.
Time: 11/14/25 18:45:27.065 - DEBUG *** file /home/cubrid/work/cubrid/src/connection/tcp.c, line 1470
The css_peer_alive() is calling.
Time: 11/14/25 18:45:32.071 - DEBUG *** file /home/cubrid/work/cubrid/src/connection/tcp.c, line 1470
The css_peer_alive() is calling.
Time: 11/14/25 18:45:37.076 - DEBUG *** file /home/cubrid/work/cubrid/src/connection/tcp.c, line 1470
The css_peer_alive() is calling.
Time: 11/14/25 18:45:42.081 - DEBUG *** file /home/cubrid/work/cubrid/src/connection/tcp.c, line 1470
The css_peer_alive() is calling.
Time: 11/14/25 18:45:47.085 - DEBUG *** file /home/cubrid/work/cubrid/src/connection/tcp.c, line 1470
The css_peer_alive() is calling.
Time: 11/14/25 18:45:52.088 - DEBUG *** file /home/cubrid/work/cubrid/src/connection/tcp.c, line 1470
The css_peer_alive() is calling.
Time: 11/14/25 18:45:57.093 - DEBUG *** file /home/cubrid/work/cubrid/src/connection/tcp.c, line 1470
The css_peer_alive() is calling.
Time: 11/14/25 18:46:02.098 - DEBUG *** file /home/cubrid/work/cubrid/src/connection/tcp.c, line 1470
The css_peer_alive() is calling.
Time: 11/14/25 18:46:07.103 - DEBUG *** file /home/cubrid/work/cubrid/src/connection/tcp.c, line 1470
The css_peer_alive() is calling.
Time: 11/14/25 18:46:12.107 - DEBUG *** file /home/cubrid/work/cubrid/src/connection/tcp.c, line 1470
The css_peer_alive() is calling.
Time: 11/14/25 18:46:17.112 - DEBUG *** file /home/cubrid/work/cubrid/src/connection/tcp.c, line 1470
The css_peer_alive() is calling.
Time: 11/14/25 18:46:22.117 - DEBUG *** file /home/cubrid/work/cubrid/src/connection/tcp.c, line 1470
The css_peer_alive() is calling.
Time: 11/14/25 18:46:27.122 - DEBUG *** file /home/cubrid/work/cubrid/src/connection/tcp.c, line 1470
The css_peer_alive() is calling.
Time: 11/14/25 18:46:32.127 - DEBUG *** file /home/cubrid/work/cubrid/src/connection/tcp.c, line 1470
The css_peer_alive() is calling.
Time: 11/14/25 18:46:37.127 - DEBUG *** file /home/cubrid/work/cubrid/src/connection/tcp.c, line 1470
The css_peer_alive() is calling.
Time: 11/14/25 18:46:42.133 - DEBUG *** file /home/cubrid/work/cubrid/src/connection/tcp.c, line 1470
The css_peer_alive() is calling.
Time: 11/14/25 18:46:47.133 - DEBUG *** file /home/cubrid/work/cubrid/src/connection/tcp.c, line 1470
The css_peer_alive() is calling.
Time: 11/14/25 18:46:52.138 - DEBUG *** file /home/cubrid/work/cubrid/src/connection/tcp.c, line 1470
The css_peer_alive() is calling.
Time: 11/14/25 18:46:57.143 - DEBUG *** file /home/cubrid/work/cubrid/src/connection/tcp.c, line 1470
The css_peer_alive() is calling.
Time: 11/14/25 18:47:02.148 - DEBUG *** file /home/cubrid/work/cubrid/src/connection/tcp.c, line 1470
The css_peer_alive() is calling.
Time: 11/14/25 18:47:07.151 - DEBUG *** file /home/cubrid/work/cubrid/src/connection/tcp.c, line 1470
The css_peer_alive() is calling.
Time: 11/14/25 18:47:12.156 - DEBUG *** file /home/cubrid/work/cubrid/src/connection/tcp.c, line 1470
The css_peer_alive() is calling.
Time: 11/14/25 18:47:17.161 - DEBUG *** file /home/cubrid/work/cubrid/src/connection/tcp.c, line 1470
The css_peer_alive() is calling.
Time: 11/14/25 18:47:22.164 - DEBUG *** file /home/cubrid/work/cubrid/src/connection/tcp.c, line 1470
The css_peer_alive() is calling.
Time: 11/14/25 18:47:27.166 - DEBUG *** file /home/cubrid/work/cubrid/src/connection/tcp.c, line 1470
The css_peer_alive() is calling.
Time: 11/14/25 18:47:32.171 - DEBUG *** file /home/cubrid/work/cubrid/src/connection/tcp.c, line 1470
The css_peer_alive() is calling.
Time: 11/14/25 18:47:37.176 - DEBUG *** file /home/cubrid/work/cubrid/src/connection/tcp.c, line 1470
The css_peer_alive() is calling.
Time: 11/14/25 18:47:42.180 - DEBUG *** file /home/cubrid/work/cubrid/src/connection/tcp.c, line 1470
The css_peer_alive() is calling.
Time: 11/14/25 18:47:47.184 - DEBUG *** file /home/cubrid/work/cubrid/src/connection/tcp.c, line 1470
The css_peer_alive() is calling.
Time: 11/14/25 18:47:52.188 - DEBUG *** file /home/cubrid/work/cubrid/src/connection/tcp.c, line 1470
The css_peer_alive() is calling.
Time: 11/14/25 18:47:57.190 - DEBUG *** file /home/cubrid/work/cubrid/src/connection/tcp.c, line 1470
The css_peer_alive() is calling.
Time: 11/14/25 18:48:02.191 - DEBUG *** file /home/cubrid/work/cubrid/src/connection/tcp.c, line 1470
The css_peer_alive() is calling.
Time: 11/14/25 18:48:07.196 - DEBUG *** file /home/cubrid/work/cubrid/src/connection/tcp.c, line 1470
The css_peer_alive() is calling.
Time: 11/14/25 18:48:12.197 - DEBUG *** file /home/cubrid/work/cubrid/src/connection/tcp.c, line 1470
The css_peer_alive() is calling.
Time: 11/14/25 18:48:17.202 - DEBUG *** file /home/cubrid/work/cubrid/src/connection/tcp.c, line 1470
The css_peer_alive() is calling.
Time: 11/14/25 18:48:22.202 - DEBUG *** file /home/cubrid/work/cubrid/src/connection/tcp.c, line 1470
The css_peer_alive() is calling.
Time: 11/14/25 18:48:27.208 - DEBUG *** file /home/cubrid/work/cubrid/src/connection/tcp.c, line 1470
The css_peer_alive() is calling.
Time: 11/14/25 18:48:32.212 - DEBUG *** file /home/cubrid/work/cubrid/src/connection/tcp.c, line 1470
The css_peer_alive() is calling.
Time: 11/14/25 18:48:37.217 - DEBUG *** file /home/cubrid/work/cubrid/src/connection/tcp.c, line 1470
The css_peer_alive() is calling.
Time: 11/14/25 18:48:42.222 - DEBUG *** file /home/cubrid/work/cubrid/src/connection/tcp.c, line 1470
The css_peer_alive() is calling.
Time: 11/14/25 18:48:47.227 - DEBUG *** file /home/cubrid/work/cubrid/src/connection/tcp.c, line 1470
The css_peer_alive() is calling.
Time: 11/14/25 18:48:52.229 - DEBUG *** file /home/cubrid/work/cubrid/src/connection/tcp.c, line 1470
The css_peer_alive() is calling.
Time: 11/14/25 18:48:57.234 - DEBUG *** file /home/cubrid/work/cubrid/src/connection/tcp.c, line 1470
The css_peer_alive() is calling.
Time: 11/14/25 18:49:02.235 - DEBUG *** file /home/cubrid/work/cubrid/src/connection/tcp.c, line 1470
The css_peer_alive() is calling.
Time: 11/14/25 18:49:07.240 - DEBUG *** file /home/cubrid/work/cubrid/src/connection/tcp.c, line 1470
The css_peer_alive() is calling.
Time: 11/14/25 18:49:12.244 - DEBUG *** file /home/cubrid/work/cubrid/src/connection/tcp.c, line 1470
The css_peer_alive() is calling.
Time: 11/14/25 18:49:17.248 - DEBUG *** file /home/cubrid/work/cubrid/src/connection/tcp.c, line 1470
The css_peer_alive() is calling.
Time: 11/14/25 18:49:22.250 - DEBUG *** file /home/cubrid/work/cubrid/src/connection/tcp.c, line 1470
The css_peer_alive() is calling.
Time: 11/14/25 18:49:27.253 - DEBUG *** file /home/cubrid/work/cubrid/src/connection/tcp.c, line 1470
The css_peer_alive() is calling.
Time: 11/14/25 18:49:32.258 - DEBUG *** file /home/cubrid/work/cubrid/src/connection/tcp.c, line 1470
The css_peer_alive() is calling.
Time: 11/14/25 18:49:37.258 - DEBUG *** file /home/cubrid/work/cubrid/src/connection/tcp.c, line 1470
The css_peer_alive() is calling.
Time: 11/14/25 18:49:42.264 - DEBUG *** file /home/cubrid/work/cubrid/src/connection/tcp.c, line 1470
The css_peer_alive() is calling.
Time: 11/14/25 18:49:47.269 - DEBUG *** file /home/cubrid/work/cubrid/src/connection/tcp.c, line 1470
The css_peer_alive() is calling.
Time: 11/14/25 18:49:52.274 - DEBUG *** file /home/cubrid/work/cubrid/src/connection/tcp.c, line 1470
The css_peer_alive() is calling.
Time: 11/14/25 18:49:57.276 - DEBUG *** file /home/cubrid/work/cubrid/src/connection/tcp.c, line 1470
The css_peer_alive() is calling.
Time: 11/14/25 18:50:02.278 - DEBUG *** file /home/cubrid/work/cubrid/src/connection/tcp.c, line 1470
The css_peer_alive() is calling.
Time: 11/14/25 18:50:07.280 - DEBUG *** file /home/cubrid/work/cubrid/src/connection/tcp.c, line 1470
The css_peer_alive() is calling.
Time: 11/14/25 18:50:12.285 - DEBUG *** file /home/cubrid/work/cubrid/src/connection/tcp.c, line 1470
The css_peer_alive() is calling.
Time: 11/14/25 18:50:17.290 - DEBUG *** file /home/cubrid/work/cubrid/src/connection/tcp.c, line 1470
The css_peer_alive() is calling.
Time: 11/14/25 18:50:22.292 - DEBUG *** file /home/cubrid/work/cubrid/src/connection/tcp.c, line 1470
The css_peer_alive() is calling.
Time: 11/14/25 18:50:27.293 - DEBUG *** file /home/cubrid/work/cubrid/src/connection/tcp.c, line 1470
The css_peer_alive() is calling.
Time: 11/14/25 18:50:32.294 - DEBUG *** file /home/cubrid/work/cubrid/src/connection/tcp.c, line 1470
The css_peer_alive() is calling.
Time: 11/14/25 18:50:37.297 - DEBUG *** file /home/cubrid/work/cubrid/src/connection/tcp.c, line 1470
The css_peer_alive() is calling.
Time: 11/14/25 18:50:42.300 - DEBUG *** file /home/cubrid/work/cubrid/src/connection/tcp.c, line 1470
The css_peer_alive() is calling.
Time: 11/14/25 18:50:47.302 - DEBUG *** file /home/cubrid/work/cubrid/src/connection/tcp.c, line 1470
The css_peer_alive() is calling.
Time: 11/14/25 18:50:52.307 - DEBUG *** file /home/cubrid/work/cubrid/src/connection/tcp.c, line 1470
The css_peer_alive() is calling.
Time: 11/14/25 18:50:57.312 - DEBUG *** file /home/cubrid/work/cubrid/src/connection/tcp.c, line 1470
The css_peer_alive() is calling.
Time: 11/14/25 18:51:02.316 - DEBUG *** file /home/cubrid/work/cubrid/src/connection/tcp.c, line 1470
The css_peer_alive() is calling.
Time: 11/14/25 18:51:07.317 - DEBUG *** file /home/cubrid/work/cubrid/src/connection/tcp.c, line 1470
The css_peer_alive() is calling.
Time: 11/14/25 18:51:12.318 - DEBUG *** file /home/cubrid/work/cubrid/src/connection/tcp.c, line 1470
The css_peer_alive() is calling.
Time: 11/14/25 18:51:17.319 - DEBUG *** file /home/cubrid/work/cubrid/src/connection/tcp.c, line 1470
The css_peer_alive() is calling.
Time: 11/14/25 18:51:22.319 - DEBUG *** file /home/cubrid/work/cubrid/src/connection/tcp.c, line 1470
The css_peer_alive() is calling.
Time: 11/14/25 18:51:27.322 - DEBUG *** file /home/cubrid/work/cubrid/src/connection/tcp.c, line 1470
The css_peer_alive() is calling.
Time: 11/14/25 18:51:32.326 - DEBUG *** file /home/cubrid/work/cubrid/src/connection/tcp.c, line 1470
The css_peer_alive() is calling.
Time: 11/14/25 18:51:37.330 - DEBUG *** file /home/cubrid/work/cubrid/src/connection/tcp.c, line 1470
The css_peer_alive() is calling.
Time: 11/14/25 18:51:42.332 - DEBUG *** file /home/cubrid/work/cubrid/src/connection/tcp.c, line 1470
The css_peer_alive() is calling.
Time: 11/14/25 18:51:47.337 - DEBUG *** file /home/cubrid/work/cubrid/src/connection/tcp.c, line 1470
The css_peer_alive() is calling.
Time: 11/14/25 18:51:52.342 - DEBUG *** file /home/cubrid/work/cubrid/src/connection/tcp.c, line 1470
The css_peer_alive() is calling.
Time: 11/14/25 18:51:57.347 - DEBUG *** file /home/cubrid/work/cubrid/src/connection/tcp.c, line 1470
The css_peer_alive() is calling.
Time: 11/14/25 18:52:02.351 - DEBUG *** file /home/cubrid/work/cubrid/src/connection/tcp.c, line 1470
The css_peer_alive() is calling.
Time: 11/14/25 18:52:07.356 - DEBUG *** file /home/cubrid/work/cubrid/src/connection/tcp.c, line 1470
The css_peer_alive() is calling.
Time: 11/14/25 18:52:12.359 - DEBUG *** file /home/cubrid/work/cubrid/src/connection/tcp.c, line 1470
The css_peer_alive() is calling.
Time: 11/14/25 18:52:17.364 - DEBUG *** file /home/cubrid/work/cubrid/src/connection/tcp.c, line 1470
The css_peer_alive() is calling.
Time: 11/14/25 18:52:22.369 - DEBUG *** file /home/cubrid/work/cubrid/src/connection/tcp.c, line 1470
The css_peer_alive() is calling.
Time: 11/14/25 18:52:27.375 - DEBUG *** file /home/cubrid/work/cubrid/src/connection/tcp.c, line 1470
The css_peer_alive() is calling.
Time: 11/14/25 18:52:32.380 - DEBUG *** file /home/cubrid/work/cubrid/src/connection/tcp.c, line 1470
The css_peer_alive() is calling.
Time: 11/14/25 18:52:37.380 - DEBUG *** file /home/cubrid/work/cubrid/src/connection/tcp.c, line 1470
The css_peer_alive() is calling.
Time: 11/14/25 18:52:42.380 - DEBUG *** file /home/cubrid/work/cubrid/src/connection/tcp.c, line 1470
The css_peer_alive() is calling.
Time: 11/14/25 18:52:47.386 - DEBUG *** file /home/cubrid/work/cubrid/src/connection/tcp.c, line 1470
The css_peer_alive() is calling.
Time: 11/14/25 18:52:52.391 - DEBUG *** file /home/cubrid/work/cubrid/src/connection/tcp.c, line 1470
The css_peer_alive() is calling.
Time: 11/14/25 18:52:57.396 - DEBUG *** file /home/cubrid/work/cubrid/src/connection/tcp.c, line 1470
The css_peer_alive() is calling.
Time: 11/14/25 18:53:02.397 - DEBUG *** file /home/cubrid/work/cubrid/src/connection/tcp.c, line 1470
The css_peer_alive() is calling.
Time: 11/14/25 18:53:07.402 - DEBUG *** file /home/cubrid/work/cubrid/src/connection/tcp.c, line 1470
The css_peer_alive() is calling.
Time: 11/14/25 18:53:12.403 - DEBUG *** file /home/cubrid/work/cubrid/src/connection/tcp.c, line 1470
The css_peer_alive() is calling.
Time: 11/14/25 18:53:17.405 - DEBUG *** file /home/cubrid/work/cubrid/src/connection/tcp.c, line 1470
The css_peer_alive() is calling.
Time: 11/14/25 18:53:22.409 - DEBUG *** file /home/cubrid/work/cubrid/src/connection/tcp.c, line 1470
The css_peer_alive() is calling.
Time: 11/14/25 18:53:27.414 - DEBUG *** file /home/cubrid/work/cubrid/src/connection/tcp.c, line 1470
The css_peer_alive() is calling.
Time: 11/14/25 18:53:32.420 - DEBUG *** file /home/cubrid/work/cubrid/src/connection/tcp.c, line 1470
The css_peer_alive() is calling.
Time: 11/14/25 18:53:37.425 - DEBUG *** file /home/cubrid/work/cubrid/src/connection/tcp.c, line 1470
The css_peer_alive() is calling.
Time: 11/14/25 18:53:42.428 - DEBUG *** file /home/cubrid/work/cubrid/src/connection/tcp.c, line 1470
The css_peer_alive() is calling.
Time: 11/14/25 18:53:47.433 - DEBUG *** file /home/cubrid/work/cubrid/src/connection/tcp.c, line 1470
The css_peer_alive() is calling.
Time: 11/14/25 18:53:52.438 - DEBUG *** file /home/cubrid/work/cubrid/src/connection/tcp.c, line 1470
The css_peer_alive() is calling.
Time: 11/14/25 18:53:57.444 - DEBUG *** file /home/cubrid/work/cubrid/src/connection/tcp.c, line 1470
The css_peer_alive() is calling.
Time: 11/14/25 18:54:02.448 - DEBUG *** file /home/cubrid/work/cubrid/src/connection/tcp.c, line 1470
The css_peer_alive() is calling.
Time: 11/14/25 18:54:07.448 - DEBUG *** file /home/cubrid/work/cubrid/src/connection/tcp.c, line 1470
The css_peer_alive() is calling.
Time: 11/14/25 18:54:12.454 - DEBUG *** file /home/cubrid/work/cubrid/src/connection/tcp.c, line 1470
The css_peer_alive() is calling.
Time: 11/14/25 18:54:17.459 - DEBUG *** file /home/cubrid/work/cubrid/src/connection/tcp.c, line 1470
The css_peer_alive() is calling.
Time: 11/14/25 18:54:22.464 - DEBUG *** file /home/cubrid/work/cubrid/src/connection/tcp.c, line 1470
The css_peer_alive() is calling.
Time: 11/14/25 18:54:27.468 - DEBUG *** file /home/cubrid/work/cubrid/src/connection/tcp.c, line 1470
The css_peer_alive() is calling.
Time: 11/14/25 18:54:32.470 - DEBUG *** file /home/cubrid/work/cubrid/src/connection/tcp.c, line 1470
The css_peer_alive() is calling.
Time: 11/14/25 18:54:37.474 - DEBUG *** file /home/cubrid/work/cubrid/src/connection/tcp.c, line 1470
The css_peer_alive() is calling.
Time: 11/14/25 18:54:42.478 - DEBUG *** file /home/cubrid/work/cubrid/src/connection/tcp.c, line 1470
The css_peer_alive() is calling.
Time: 11/14/25 18:54:47.481 - DEBUG *** file /home/cubrid/work/cubrid/src/connection/tcp.c, line 1470
The css_peer_alive() is calling.
Time: 11/14/25 18:54:52.487 - DEBUG *** file /home/cubrid/work/cubrid/src/connection/tcp.c, line 1470
The css_peer_alive() is calling.
Time: 11/14/25 18:54:57.491 - DEBUG *** file /home/cubrid/work/cubrid/src/connection/tcp.c, line 1470
The css_peer_alive() is calling.
Time: 11/14/25 18:55:02.495 - DEBUG *** file /home/cubrid/work/cubrid/src/connection/tcp.c, line 1470
The css_peer_alive() is calling.
Time: 11/14/25 18:55:07.498 - DEBUG *** file /home/cubrid/work/cubrid/src/connection/tcp.c, line 1470
The css_peer_alive() is calling.
Time: 11/14/25 18:55:12.498 - DEBUG *** file /home/cubrid/work/cubrid/src/connection/tcp.c, line 1470
The css_peer_alive() is calling.
Time: 11/14/25 18:55:17.503 - DEBUG *** file /home/cubrid/work/cubrid/src/connection/tcp.c, line 1470
The css_peer_alive() is calling.
Time: 11/14/25 18:55:22.504 - DEBUG *** file /home/cubrid/work/cubrid/src/connection/tcp.c, line 1470
The css_peer_alive() is calling.
Time: 11/14/25 18:55:27.509 - DEBUG *** file /home/cubrid/work/cubrid/src/connection/tcp.c, line 1470
The css_peer_alive() is calling.
Time: 11/14/25 18:55:32.510 - DEBUG *** file /home/cubrid/work/cubrid/src/connection/tcp.c, line 1470
The css_peer_alive() is calling.
Time: 11/14/25 18:55:37.511 - DEBUG *** file /home/cubrid/work/cubrid/src/connection/tcp.c, line 1470
The css_peer_alive() is calling.
Time: 11/14/25 18:55:42.515 - DEBUG *** file /home/cubrid/work/cubrid/src/connection/tcp.c, line 1470
The css_peer_alive() is calling.
Time: 11/14/25 18:55:47.520 - DEBUG *** file /home/cubrid/work/cubrid/src/connection/tcp.c, line 1470
The css_peer_alive() is calling.
Time: 11/14/25 18:55:52.525 - DEBUG *** file /home/cubrid/work/cubrid/src/connection/tcp.c, line 1470
The css_peer_alive() is calling.
Time: 11/14/25 18:55:57.530 - DEBUG *** file /home/cubrid/work/cubrid/src/connection/tcp.c, line 1470
The css_peer_alive() is calling.
Time: 11/14/25 18:56:02.535 - DEBUG *** file /home/cubrid/work/cubrid/src/connection/tcp.c, line 1470
The css_peer_alive() is calling.
Time: 11/14/25 18:56:07.536 - DEBUG *** file /home/cubrid/work/cubrid/src/connection/tcp.c, line 1470
The css_peer_alive() is calling.
Time: 11/14/25 18:56:12.541 - DEBUG *** file /home/cubrid/work/cubrid/src/connection/tcp.c, line 1470
The css_peer_alive() is calling.
Time: 11/14/25 18:56:17.545 - DEBUG *** file /home/cubrid/work/cubrid/src/connection/tcp.c, line 1470
The css_peer_alive() is calling.
Time: 11/14/25 18:56:22.550 - DEBUG *** file /home/cubrid/work/cubrid/src/connection/tcp.c, line 1470
The css_peer_alive() is calling.
Time: 11/14/25 18:56:27.555 - DEBUG *** file /home/cubrid/work/cubrid/src/connection/tcp.c, line 1470
The css_peer_alive() is calling.
Time: 11/14/25 18:56:32.560 - DEBUG *** file /home/cubrid/work/cubrid/src/connection/tcp.c, line 1470
The css_peer_alive() is calling.
Time: 11/14/25 18:56:37.562 - DEBUG *** file /home/cubrid/work/cubrid/src/connection/tcp.c, line 1470
The css_peer_alive() is calling.
Time: 11/14/25 18:56:42.565 - DEBUG *** file /home/cubrid/work/cubrid/src/connection/tcp.c, line 1470
The css_peer_alive() is calling.
Time: 11/14/25 18:56:47.571 - DEBUG *** file /home/cubrid/work/cubrid/src/connection/tcp.c, line 1470
The css_peer_alive() is calling.
Time: 11/14/25 18:56:52.576 - DEBUG *** file /home/cubrid/work/cubrid/src/connection/tcp.c, line 1470
The css_peer_alive() is calling.
Time: 11/14/25 18:56:57.578 - DEBUG *** file /home/cubrid/work/cubrid/src/connection/tcp.c, line 1470
The css_peer_alive() is calling.
Time: 11/14/25 18:57:02.583 - DEBUG *** file /home/cubrid/work/cubrid/src/connection/tcp.c, line 1470
The css_peer_alive() is calling.
Time: 11/14/25 18:57:07.585 - DEBUG *** file /home/cubrid/work/cubrid/src/connection/tcp.c, line 1470
The css_peer_alive() is calling.
Time: 11/14/25 18:57:12.586 - DEBUG *** file /home/cubrid/work/cubrid/src/connection/tcp.c, line 1470
The css_peer_alive() is calling.
Time: 11/14/25 18:57:17.588 - DEBUG *** file /home/cubrid/work/cubrid/src/connection/tcp.c, line 1470
The css_peer_alive() is calling.
Time: 11/14/25 18:57:22.593 - DEBUG *** file /home/cubrid/work/cubrid/src/connection/tcp.c, line 1470
The css_peer_alive() is calling.
Time: 11/14/25 18:57:27.598 - DEBUG *** file /home/cubrid/work/cubrid/src/connection/tcp.c, line 1470
The css_peer_alive() is calling.
Time: 11/14/25 18:57:32.603 - DEBUG *** file /home/cubrid/work/cubrid/src/connection/tcp.c, line 1470
The css_peer_alive() is calling.
Time: 11/14/25 18:57:37.609 - DEBUG *** file /home/cubrid/work/cubrid/src/connection/tcp.c, line 1470
The css_peer_alive() is calling.
Time: 11/14/25 18:57:42.614 - DEBUG *** file /home/cubrid/work/cubrid/src/connection/tcp.c, line 1470
The css_peer_alive() is calling.
Time: 11/14/25 18:57:47.619 - DEBUG *** file /home/cubrid/work/cubrid/src/connection/tcp.c, line 1470
The css_peer_alive() is calling.
Time: 11/14/25 18:57:52.624 - DEBUG *** file /home/cubrid/work/cubrid/src/connection/tcp.c, line 1470
The css_peer_alive() is calling.
Time: 11/14/25 18:57:57.629 - DEBUG *** file /home/cubrid/work/cubrid/src/connection/tcp.c, line 1470
The css_peer_alive() is calling.
Time: 11/14/25 18:58:02.633 - DEBUG *** file /home/cubrid/work/cubrid/src/connection/tcp.c, line 1470
The css_peer_alive() is calling.
Time: 11/14/25 18:58:07.635 - DEBUG *** file /home/cubrid/work/cubrid/src/connection/tcp.c, line 1470
The css_peer_alive() is calling.
Time: 11/14/25 18:58:12.641 - DEBUG *** file /home/cubrid/work/cubrid/src/connection/tcp.c, line 1470
The css_peer_alive() is calling.
Time: 11/14/25 18:58:17.641 - DEBUG *** file /home/cubrid/work/cubrid/src/connection/tcp.c, line 1470
The css_peer_alive() is calling.
Time: 11/14/25 18:58:22.646 - DEBUG *** file /home/cubrid/work/cubrid/src/connection/tcp.c, line 1470
The css_peer_alive() is calling.
Time: 11/14/25 18:58:27.651 - DEBUG *** file /home/cubrid/work/cubrid/src/connection/tcp.c, line 1470
The css_peer_alive() is calling.
Time: 11/14/25 18:58:32.656 - DEBUG *** file /home/cubrid/work/cubrid/src/connection/tcp.c, line 1470
The css_peer_alive() is calling.
Time: 11/14/25 18:58:37.662 - DEBUG *** file /home/cubrid/work/cubrid/src/connection/tcp.c, line 1470
The css_peer_alive() is calling.
Time: 11/14/25 18:58:42.664 - DEBUG *** file /home/cubrid/work/cubrid/src/connection/tcp.c, line 1470
The css_peer_alive() is calling.
Time: 11/14/25 18:58:47.666 - DEBUG *** file /home/cubrid/work/cubrid/src/connection/tcp.c, line 1470
The css_peer_alive() is calling.
Time: 11/14/25 18:58:52.667 - DEBUG *** file /home/cubrid/work/cubrid/src/connection/tcp.c, line 1470
The css_peer_alive() is calling.
Time: 11/14/25 18:58:57.671 - DEBUG *** file /home/cubrid/work/cubrid/src/connection/tcp.c, line 1470
The css_peer_alive() is calling.
Time: 11/14/25 18:59:02.676 - DEBUG *** file /home/cubrid/work/cubrid/src/connection/tcp.c, line 1470
The css_peer_alive() is calling.
Time: 11/14/25 18:59:07.677 - DEBUG *** file /home/cubrid/work/cubrid/src/connection/tcp.c, line 1470
The css_peer_alive() is calling.
Time: 11/14/25 18:59:12.680 - DEBUG *** file /home/cubrid/work/cubrid/src/connection/tcp.c, line 1470
The css_peer_alive() is calling.
Time: 11/14/25 18:59:17.685 - DEBUG *** file /home/cubrid/work/cubrid/src/connection/tcp.c, line 1470
The css_peer_alive() is calling.
Time: 11/14/25 18:59:22.689 - DEBUG *** file /home/cubrid/work/cubrid/src/connection/tcp.c, line 1470
The css_peer_alive() is calling.
Time: 11/14/25 18:59:27.691 - DEBUG *** file /home/cubrid/work/cubrid/src/connection/tcp.c, line 1470
The css_peer_alive() is calling.
Time: 11/14/25 18:59:32.692 - DEBUG *** file /home/cubrid/work/cubrid/src/connection/tcp.c, line 1470
The css_peer_alive() is calling.
Time: 11/14/25 18:59:37.698 - DEBUG *** file /home/cubrid/work/cubrid/src/connection/tcp.c, line 1470
The css_peer_alive() is calling.
Time: 11/14/25 18:59:42.703 - DEBUG *** file /home/cubrid/work/cubrid/src/connection/tcp.c, line 1470
The css_peer_alive() is calling.
Time: 11/14/25 18:59:47.708 - DEBUG *** file /home/cubrid/work/cubrid/src/connection/tcp.c, line 1470
The css_peer_alive() is calling.
Time: 11/14/25 18:59:52.713 - DEBUG *** file /home/cubrid/work/cubrid/src/connection/tcp.c, line 1470
The css_peer_alive() is calling.
Time: 11/14/25 18:59:57.718 - DEBUG *** file /home/cubrid/work/cubrid/src/connection/tcp.c, line 1470
The css_peer_alive() is calling.
Time: 11/14/25 19:00:02.723 - DEBUG *** file /home/cubrid/work/cubrid/src/connection/tcp.c, line 1470
The css_peer_alive() is calling.
Time: 11/14/25 19:00:07.728 - DEBUG *** file /home/cubrid/work/cubrid/src/connection/tcp.c, line 1470
The css_peer_alive() is calling.
Time: 11/14/25 19:00:12.733 - DEBUG *** file /home/cubrid/work/cubrid/src/connection/tcp.c, line 1470
The css_peer_alive() is calling.
Time: 11/14/25 19:00:17.739 - DEBUG *** file /home/cubrid/work/cubrid/src/connection/tcp.c, line 1470
The css_peer_alive() is calling.
Time: 11/14/25 19:00:22.744 - DEBUG *** file /home/cubrid/work/cubrid/src/connection/tcp.c, line 1470
The css_peer_alive() is calling.
Time: 11/14/25 19:00:27.749 - DEBUG *** file /home/cubrid/work/cubrid/src/connection/tcp.c, line 1470
The css_peer_alive() is calling.
Time: 11/14/25 19:00:32.754 - DEBUG *** file /home/cubrid/work/cubrid/src/connection/tcp.c, line 1470
The css_peer_alive() is calling.
Time: 11/14/25 19:00:37.759 - DEBUG *** file /home/cubrid/work/cubrid/src/connection/tcp.c, line 1470
The css_peer_alive() is calling.
Time: 11/14/25 19:00:42.764 - DEBUG *** file /home/cubrid/work/cubrid/src/connection/tcp.c, line 1470
The css_peer_alive() is calling.
Time: 11/14/25 19:00:47.769 - DEBUG *** file /home/cubrid/work/cubrid/src/connection/tcp.c, line 1470
The css_peer_alive() is calling.
Time: 11/14/25 19:00:52.774 - DEBUG *** file /home/cubrid/work/cubrid/src/connection/tcp.c, line 1470
The css_peer_alive() is calling.
Time: 11/14/25 19:00:57.779 - DEBUG *** file /home/cubrid/work/cubrid/src/connection/tcp.c, line 1470
The css_peer_alive() is calling.
Time: 11/14/25 19:01:02.784 - DEBUG *** file /home/cubrid/work/cubrid/src/connection/tcp.c, line 1470
The css_peer_alive() is calling.
Time: 11/14/25 19:01:07.790 - DEBUG *** file /home/cubrid/work/cubrid/src/connection/tcp.c, line 1470
The css_peer_alive() is calling.
Time: 11/14/25 19:01:12.794 - DEBUG *** file /home/cubrid/work/cubrid/src/connection/tcp.c, line 1470
The css_peer_alive() is calling.
Time: 11/14/25 19:01:17.799 - DEBUG *** file /home/cubrid/work/cubrid/src/connection/tcp.c, line 1470
The css_peer_alive() is calling.
Time: 11/14/25 19:01:22.801 - DEBUG *** file /home/cubrid/work/cubrid/src/connection/tcp.c, line 1470
The css_peer_alive() is calling.
Time: 11/14/25 19:01:27.806 - DEBUG *** file /home/cubrid/work/cubrid/src/connection/tcp.c, line 1470
The css_peer_alive() is calling.
Time: 11/14/25 19:01:32.811 - DEBUG *** file /home/cubrid/work/cubrid/src/connection/tcp.c, line 1470
The css_peer_alive() is calling.
Time: 11/14/25 19:01:37.816 - DEBUG *** file /home/cubrid/work/cubrid/src/connection/tcp.c, line 1470
The css_peer_alive() is calling.
Time: 11/14/25 19:01:42.817 - DEBUG *** file /home/cubrid/work/cubrid/src/connection/tcp.c, line 1470
The css_peer_alive() is calling.
Time: 11/14/25 19:01:47.820 - DEBUG *** file /home/cubrid/work/cubrid/src/connection/tcp.c, line 1470
The css_peer_alive() is calling.
Time: 11/14/25 19:01:52.821 - DEBUG *** file /home/cubrid/work/cubrid/src/connection/tcp.c, line 1470
The css_peer_alive() is calling.
Time: 11/14/25 19:01:57.825 - DEBUG *** file /home/cubrid/work/cubrid/src/connection/tcp.c, line 1470
The css_peer_alive() is calling.
Time: 11/14/25 19:02:02.827 - DEBUG *** file /home/cubrid/work/cubrid/src/connection/tcp.c, line 1470
The css_peer_alive() is calling.
Time: 11/14/25 19:02:07.829 - DEBUG *** file /home/cubrid/work/cubrid/src/connection/tcp.c, line 1470
The css_peer_alive() is calling.
Time: 11/14/25 19:02:12.830 - DEBUG *** file /home/cubrid/work/cubrid/src/connection/tcp.c, line 1470
The css_peer_alive() is calling.
Time: 11/14/25 19:02:17.834 - DEBUG *** file /home/cubrid/work/cubrid/src/connection/tcp.c, line 1470
The css_peer_alive() is calling.
Time: 11/14/25 19:02:22.834 - DEBUG *** file /home/cubrid/work/cubrid/src/connection/tcp.c, line 1470
The css_peer_alive() is calling.
Time: 11/14/25 19:02:27.840 - DEBUG *** file /home/cubrid/work/cubrid/src/connection/tcp.c, line 1470
The css_peer_alive() is calling.
Time: 11/14/25 19:02:32.845 - DEBUG *** file /home/cubrid/work/cubrid/src/connection/tcp.c, line 1470
The css_peer_alive() is calling.
Time: 11/14/25 19:02:37.850 - DEBUG *** file /home/cubrid/work/cubrid/src/connection/tcp.c, line 1470
The css_peer_alive() is calling.
Time: 11/14/25 19:02:42.855 - DEBUG *** file /home/cubrid/work/cubrid/src/connection/tcp.c, line 1470
The css_peer_alive() is calling.
Time: 11/14/25 19:02:47.860 - DEBUG *** file /home/cubrid/work/cubrid/src/connection/tcp.c, line 1470
The css_peer_alive() is calling.
Time: 11/14/25 19:02:52.865 - DEBUG *** file /home/cubrid/work/cubrid/src/connection/tcp.c, line 1470
The css_peer_alive() is calling.
Time: 11/14/25 19:02:57.870 - DEBUG *** file /home/cubrid/work/cubrid/src/connection/tcp.c, line 1470
The css_peer_alive() is calling.
Time: 11/14/25 19:03:02.876 - DEBUG *** file /home/cubrid/work/cubrid/src/connection/tcp.c, line 1470
The css_peer_alive() is calling.
Time: 11/14/25 19:03:07.881 - DEBUG *** file /home/cubrid/work/cubrid/src/connection/tcp.c, line 1470
The css_peer_alive() is calling.
Time: 11/14/25 19:03:12.886 - DEBUG *** file /home/cubrid/work/cubrid/src/connection/tcp.c, line 1470
The css_peer_alive() is calling.
Time: 11/14/25 19:03:17.891 - DEBUG *** file /home/cubrid/work/cubrid/src/connection/tcp.c, line 1470
The css_peer_alive() is calling.
Time: 11/14/25 19:03:22.896 - DEBUG *** file /home/cubrid/work/cubrid/src/connection/tcp.c, line 1470
The css_peer_alive() is calling.
Time: 11/14/25 19:03:27.901 - DEBUG *** file /home/cubrid/work/cubrid/src/connection/tcp.c, line 1470
The css_peer_alive() is calling.
Time: 11/14/25 19:03:32.906 - DEBUG *** file /home/cubrid/work/cubrid/src/connection/tcp.c, line 1470
The css_peer_alive() is calling.
Time: 11/14/25 19:03:37.911 - DEBUG *** file /home/cubrid/work/cubrid/src/connection/tcp.c, line 1470
The css_peer_alive() is calling.
Time: 11/14/25 19:03:42.917 - DEBUG *** file /home/cubrid/work/cubrid/src/connection/tcp.c, line 1470
The css_peer_alive() is calling.
Time: 11/14/25 19:03:47.922 - DEBUG *** file /home/cubrid/work/cubrid/src/connection/tcp.c, line 1470
The css_peer_alive() is calling.
Time: 11/14/25 19:03:52.927 - DEBUG *** file /home/cubrid/work/cubrid/src/connection/tcp.c, line 1470
The css_peer_alive() is calling.
Time: 11/14/25 19:03:57.930 - DEBUG *** file /home/cubrid/work/cubrid/src/connection/tcp.c, line 1470
The css_peer_alive() is calling.
Time: 11/14/25 19:04:02.935 - DEBUG *** file /home/cubrid/work/cubrid/src/connection/tcp.c, line 1470
The css_peer_alive() is calling.
Time: 11/14/25 19:04:07.937 - DEBUG *** file /home/cubrid/work/cubrid/src/connection/tcp.c, line 1470
The css_peer_alive() is calling.
Time: 11/14/25 19:04:12.942 - DEBUG *** file /home/cubrid/work/cubrid/src/connection/tcp.c, line 1470
The css_peer_alive() is calling.
Time: 11/14/25 19:04:17.948 - DEBUG *** file /home/cubrid/work/cubrid/src/connection/tcp.c, line 1470
The css_peer_alive() is calling.
Time: 11/14/25 19:04:22.953 - DEBUG *** file /home/cubrid/work/cubrid/src/connection/tcp.c, line 1470
The css_peer_alive() is calling.
Time: 11/14/25 19:04:27.955 - DEBUG *** file /home/cubrid/work/cubrid/src/connection/tcp.c, line 1470
The css_peer_alive() is calling.
Time: 11/14/25 19:04:32.958 - DEBUG *** file /home/cubrid/work/cubrid/src/connection/tcp.c, line 1470
The css_peer_alive() is calling.
Time: 11/14/25 19:04:37.962 - DEBUG *** file /home/cubrid/work/cubrid/src/connection/tcp.c, line 1470
The css_peer_alive() is calling.
Time: 11/14/25 19:04:42.967 - DEBUG *** file /home/cubrid/work/cubrid/src/connection/tcp.c, line 1470
The css_peer_alive() is calling.
Time: 11/14/25 19:04:47.972 - DEBUG *** file /home/cubrid/work/cubrid/src/connection/tcp.c, line 1470
The css_peer_alive() is calling.
Time: 11/14/25 19:04:52.977 - DEBUG *** file /home/cubrid/work/cubrid/src/connection/tcp.c, line 1470
The css_peer_alive() is calling.
Time: 11/14/25 19:04:57.982 - DEBUG *** file /home/cubrid/work/cubrid/src/connection/tcp.c, line 1470
The css_peer_alive() is calling.
Time: 11/14/25 19:05:02.987 - DEBUG *** file /home/cubrid/work/cubrid/src/connection/tcp.c, line 1470
The css_peer_alive() is calling.
Time: 11/14/25 19:05:07.993 - DEBUG *** file /home/cubrid/work/cubrid/src/connection/tcp.c, line 1470
The css_peer_alive() is calling.
Time: 11/14/25 19:05:12.998 - DEBUG *** file /home/cubrid/work/cubrid/src/connection/tcp.c, line 1470
The css_peer_alive() is calling.
Time: 11/14/25 19:05:18.003 - DEBUG *** file /home/cubrid/work/cubrid/src/connection/tcp.c, line 1470
The css_peer_alive() is calling.
Time: 11/14/25 19:05:23.008 - DEBUG *** file /home/cubrid/work/cubrid/src/connection/tcp.c, line 1470
The css_peer_alive() is calling.
Time: 11/14/25 19:05:28.013 - DEBUG *** file /home/cubrid/work/cubrid/src/connection/tcp.c, line 1470
The css_peer_alive() is calling.
Time: 11/14/25 19:05:33.018 - DEBUG *** file /home/cubrid/work/cubrid/src/connection/tcp.c, line 1470
The css_peer_alive() is calling.
Time: 11/14/25 19:05:38.024 - DEBUG *** file /home/cubrid/work/cubrid/src/connection/tcp.c, line 1470
The css_peer_alive() is calling.
Time: 11/14/25 19:05:43.029 - DEBUG *** file /home/cubrid/work/cubrid/src/connection/tcp.c, line 1470
The css_peer_alive() is calling.
Time: 11/14/25 19:05:48.034 - DEBUG *** file /home/cubrid/work/cubrid/src/connection/tcp.c, line 1470
The css_peer_alive() is calling.
Time: 11/14/25 19:05:53.039 - DEBUG *** file /home/cubrid/work/cubrid/src/connection/tcp.c, line 1470
The css_peer_alive() is calling.
Time: 11/14/25 19:05:58.044 - DEBUG *** file /home/cubrid/work/cubrid/src/connection/tcp.c, line 1470
The css_peer_alive() is calling.
Time: 11/14/25 19:06:03.049 - DEBUG *** file /home/cubrid/work/cubrid/src/connection/tcp.c, line 1470
The css_peer_alive() is calling.
Time: 11/14/25 19:06:08.054 - DEBUG *** file /home/cubrid/work/cubrid/src/connection/tcp.c, line 1470
The css_peer_alive() is calling.
Time: 11/14/25 19:06:13.059 - DEBUG *** file /home/cubrid/work/cubrid/src/connection/tcp.c, line 1470
The css_peer_alive() is calling.
Time: 11/14/25 19:06:18.063 - DEBUG *** file /home/cubrid/work/cubrid/src/connection/tcp.c, line 1470
The css_peer_alive() is calling.
Time: 11/14/25 19:06:23.068 - DEBUG *** file /home/cubrid/work/cubrid/src/connection/tcp.c, line 1470
The css_peer_alive() is calling.
Time: 11/14/25 19:06:28.074 - DEBUG *** file /home/cubrid/work/cubrid/src/connection/tcp.c, line 1470
The css_peer_alive() is calling.
Time: 11/14/25 19:06:33.079 - DEBUG *** file /home/cubrid/work/cubrid/src/connection/tcp.c, line 1470
The css_peer_alive() is calling.
Time: 11/14/25 19:06:38.084 - DEBUG *** file /home/cubrid/work/cubrid/src/connection/tcp.c, line 1470
The css_peer_alive() is calling.
Time: 11/14/25 19:06:43.087 - DEBUG *** file /home/cubrid/work/cubrid/src/connection/tcp.c, line 1470
The css_peer_alive() is calling.
Time: 11/14/25 19:06:48.090 - DEBUG *** file /home/cubrid/work/cubrid/src/connection/tcp.c, line 1470
The css_peer_alive() is calling.
Time: 11/14/25 19:06:53.092 - DEBUG *** file /home/cubrid/work/cubrid/src/connection/tcp.c, line 1470
The css_peer_alive() is calling.
Time: 11/14/25 19:06:58.097 - DEBUG *** file /home/cubrid/work/cubrid/src/connection/tcp.c, line 1470
The css_peer_alive() is calling.
Time: 11/14/25 19:07:03.101 - DEBUG *** file /home/cubrid/work/cubrid/src/connection/tcp.c, line 1470
The css_peer_alive() is calling.
Time: 11/14/25 19:07:08.106 - DEBUG *** file /home/cubrid/work/cubrid/src/connection/tcp.c, line 1470
The css_peer_alive() is calling.
Time: 11/14/25 19:07:13.111 - DEBUG *** file /home/cubrid/work/cubrid/src/connection/tcp.c, line 1470
The css_peer_alive() is calling.
Time: 11/14/25 19:07:18.116 - DEBUG *** file /home/cubrid/work/cubrid/src/connection/tcp.c, line 1470
The css_peer_alive() is calling.
Time: 11/14/25 19:07:23.121 - DEBUG *** file /home/cubrid/work/cubrid/src/connection/tcp.c, line 1470
The css_peer_alive() is calling.
Time: 11/14/25 19:07:28.126 - DEBUG *** file /home/cubrid/work/cubrid/src/connection/tcp.c, line 1470
The css_peer_alive() is calling.
Time: 11/14/25 19:07:33.131 - DEBUG *** file /home/cubrid/work/cubrid/src/connection/tcp.c, line 1470
The css_peer_alive() is calling.
Time: 11/14/25 19:07:38.137 - DEBUG *** file /home/cubrid/work/cubrid/src/connection/tcp.c, line 1470
The css_peer_alive() is calling.
Time: 11/14/25 19:07:43.142 - DEBUG *** file /home/cubrid/work/cubrid/src/connection/tcp.c, line 1470
The css_peer_alive() is calling.
Time: 11/14/25 19:07:48.147 - DEBUG *** file /home/cubrid/work/cubrid/src/connection/tcp.c, line 1470
The css_peer_alive() is calling.
Time: 11/14/25 19:07:53.151 - DEBUG *** file /home/cubrid/work/cubrid/src/connection/tcp.c, line 1470
The css_peer_alive() is calling.
Time: 11/14/25 19:07:58.154 - DEBUG *** file /home/cubrid/work/cubrid/src/connection/tcp.c, line 1470
The css_peer_alive() is calling.
Time: 11/14/25 19:08:03.159 - DEBUG *** file /home/cubrid/work/cubrid/src/connection/tcp.c, line 1470
The css_peer_alive() is calling.
Time: 11/14/25 19:08:08.159 - DEBUG *** file /home/cubrid/work/cubrid/src/connection/tcp.c, line 1470
The css_peer_alive() is calling.
Time: 11/14/25 19:08:13.161 - DEBUG *** file /home/cubrid/work/cubrid/src/connection/tcp.c, line 1470
The css_peer_alive() is calling.
Time: 11/14/25 19:08:18.166 - DEBUG *** file /home/cubrid/work/cubrid/src/connection/tcp.c, line 1470
The css_peer_alive() is calling.
Time: 11/14/25 19:08:23.171 - DEBUG *** file /home/cubrid/work/cubrid/src/connection/tcp.c, line 1470
The css_peer_alive() is calling.
Time: 11/14/25 19:08:28.172 - DEBUG *** file /home/cubrid/work/cubrid/src/connection/tcp.c, line 1470
The css_peer_alive() is calling.
Time: 11/14/25 19:08:33.177 - DEBUG *** file /home/cubrid/work/cubrid/src/connection/tcp.c, line 1470
The css_peer_alive() is calling.
Time: 11/14/25 19:08:38.181 - DEBUG *** file /home/cubrid/work/cubrid/src/connection/tcp.c, line 1470
The css_peer_alive() is calling.
Time: 11/14/25 19:08:43.184 - DEBUG *** file /home/cubrid/work/cubrid/src/connection/tcp.c, line 1470
The css_peer_alive() is calling.
Time: 11/14/25 19:08:48.187 - DEBUG *** file /home/cubrid/work/cubrid/src/connection/tcp.c, line 1470
The css_peer_alive() is calling.
Time: 11/14/25 19:08:53.189 - DEBUG *** file /home/cubrid/work/cubrid/src/connection/tcp.c, line 1470
The css_peer_alive() is calling.
Time: 11/14/25 19:08:58.194 - DEBUG *** file /home/cubrid/work/cubrid/src/connection/tcp.c, line 1470
The css_peer_alive() is calling.
Time: 11/14/25 19:09:03.199 - DEBUG *** file /home/cubrid/work/cubrid/src/connection/tcp.c, line 1470
The css_peer_alive() is calling.
Time: 11/14/25 19:09:08.202 - DEBUG *** file /home/cubrid/work/cubrid/src/connection/tcp.c, line 1470
The css_peer_alive() is calling.
Time: 11/14/25 19:09:13.202 - DEBUG *** file /home/cubrid/work/cubrid/src/connection/tcp.c, line 1470
The css_peer_alive() is calling.
Time: 11/14/25 19:09:18.207 - DEBUG *** file /home/cubrid/work/cubrid/src/connection/tcp.c, line 1470
The css_peer_alive() is calling.
Time: 11/14/25 19:09:23.209 - DEBUG *** file /home/cubrid/work/cubrid/src/connection/tcp.c, line 1470
The css_peer_alive() is calling.
Time: 11/14/25 19:09:28.214 - DEBUG *** file /home/cubrid/work/cubrid/src/connection/tcp.c, line 1470
The css_peer_alive() is calling.
Time: 11/14/25 19:09:33.220 - DEBUG *** file /home/cubrid/work/cubrid/src/connection/tcp.c, line 1470
The css_peer_alive() is calling.
Time: 11/14/25 19:09:38.225 - DEBUG *** file /home/cubrid/work/cubrid/src/connection/tcp.c, line 1470
The css_peer_alive() is calling.
Time: 11/14/25 19:09:43.230 - DEBUG *** file /home/cubrid/work/cubrid/src/connection/tcp.c, line 1470
The css_peer_alive() is calling.
Time: 11/14/25 19:09:48.235 - DEBUG *** file /home/cubrid/work/cubrid/src/connection/tcp.c, line 1470
The css_peer_alive() is calling.
Time: 11/14/25 19:09:53.238 - DEBUG *** file /home/cubrid/work/cubrid/src/connection/tcp.c, line 1470
The css_peer_alive() is calling.
Time: 11/14/25 19:09:58.243 - DEBUG *** file /home/cubrid/work/cubrid/src/connection/tcp.c, line 1470
The css_peer_alive() is calling.
Time: 11/14/25 19:10:03.248 - DEBUG *** file /home/cubrid/work/cubrid/src/connection/tcp.c, line 1470
The css_peer_alive() is calling.
Time: 11/14/25 19:10:08.253 - DEBUG *** file /home/cubrid/work/cubrid/src/connection/tcp.c, line 1470
The css_peer_alive() is calling.
Time: 11/14/25 19:10:13.255 - DEBUG *** file /home/cubrid/work/cubrid/src/connection/tcp.c, line 1470
The css_peer_alive() is calling.
Time: 11/14/25 19:10:18.260 - DEBUG *** file /home/cubrid/work/cubrid/src/connection/tcp.c, line 1470
The css_peer_alive() is calling.
Time: 11/14/25 19:10:23.266 - DEBUG *** file /home/cubrid/work/cubrid/src/connection/tcp.c, line 1470
The css_peer_alive() is calling.
Time: 11/14/25 19:10:28.269 - DEBUG *** file /home/cubrid/work/cubrid/src/connection/tcp.c, line 1470
The css_peer_alive() is calling.
Time: 11/14/25 19:10:33.274 - DEBUG *** file /home/cubrid/work/cubrid/src/connection/tcp.c, line 1470
The css_peer_alive() is calling.
Time: 11/14/25 19:10:38.276 - DEBUG *** file /home/cubrid/work/cubrid/src/connection/tcp.c, line 1470
The css_peer_alive() is calling.
Time: 11/14/25 19:10:43.281 - DEBUG *** file /home/cubrid/work/cubrid/src/connection/tcp.c, line 1470
The css_peer_alive() is calling.
Time: 11/14/25 19:10:48.285 - DEBUG *** file /home/cubrid/work/cubrid/src/connection/tcp.c, line 1470
The css_peer_alive() is calling.
Time: 11/14/25 19:10:53.290 - DEBUG *** file /home/cubrid/work/cubrid/src/connection/tcp.c, line 1470
The css_peer_alive() is calling.
Time: 11/14/25 19:10:58.293 - DEBUG *** file /home/cubrid/work/cubrid/src/connection/tcp.c, line 1470
The css_peer_alive() is calling.
Time: 11/14/25 19:11:03.294 - DEBUG *** file /home/cubrid/work/cubrid/src/connection/tcp.c, line 1470
The css_peer_alive() is calling.
Time: 11/14/25 19:11:08.297 - DEBUG *** file /home/cubrid/work/cubrid/src/connection/tcp.c, line 1470
The css_peer_alive() is calling.
Time: 11/14/25 19:11:13.302 - DEBUG *** file /home/cubrid/work/cubrid/src/connection/tcp.c, line 1470
The css_peer_alive() is calling.
Time: 11/14/25 19:11:18.306 - DEBUG *** file /home/cubrid/work/cubrid/src/connection/tcp.c, line 1470
The css_peer_alive() is calling.
Time: 11/14/25 19:11:23.311 - DEBUG *** file /home/cubrid/work/cubrid/src/connection/tcp.c, line 1470
The css_peer_alive() is calling.
Time: 11/14/25 19:11:28.316 - DEBUG *** file /home/cubrid/work/cubrid/src/connection/tcp.c, line 1470
The css_peer_alive() is calling.
Time: 11/14/25 19:11:33.317 - DEBUG *** file /home/cubrid/work/cubrid/src/connection/tcp.c, line 1470
The css_peer_alive() is calling.
Time: 11/14/25 19:11:38.318 - DEBUG *** file /home/cubrid/work/cubrid/src/connection/tcp.c, line 1470
The css_peer_alive() is calling.
Time: 11/14/25 19:11:43.320 - DEBUG *** file /home/cubrid/work/cubrid/src/connection/tcp.c, line 1470
The css_peer_alive() is calling.
Time: 11/14/25 19:11:48.322 - DEBUG *** file /home/cubrid/work/cubrid/src/connection/tcp.c, line 1470
The css_peer_alive() is calling.
Time: 11/14/25 19:11:53.325 - DEBUG *** file /home/cubrid/work/cubrid/src/connection/tcp.c, line 1470
The css_peer_alive() is calling.
Time: 11/14/25 19:11:58.330 - DEBUG *** file /home/cubrid/work/cubrid/src/connection/tcp.c, line 1470
The css_peer_alive() is calling.
Time: 11/14/25 19:12:03.335 - DEBUG *** file /home/cubrid/work/cubrid/src/connection/tcp.c, line 1470
The css_peer_alive() is calling.
Time: 11/14/25 19:12:08.337 - DEBUG *** file /home/cubrid/work/cubrid/src/connection/tcp.c, line 1470
The css_peer_alive() is calling.
Time: 11/14/25 19:12:13.342 - DEBUG *** file /home/cubrid/work/cubrid/src/connection/tcp.c, line 1470
The css_peer_alive() is calling.
Time: 11/14/25 19:12:18.343 - DEBUG *** file /home/cubrid/work/cubrid/src/connection/tcp.c, line 1470
The css_peer_alive() is calling.
Time: 11/14/25 19:12:23.348 - DEBUG *** file /home/cubrid/work/cubrid/src/connection/tcp.c, line 1470
The css_peer_alive() is calling.
Time: 11/14/25 19:12:28.351 - DEBUG *** file /home/cubrid/work/cubrid/src/connection/tcp.c, line 1470
The css_peer_alive() is calling.
Time: 11/14/25 19:12:33.356 - DEBUG *** file /home/cubrid/work/cubrid/src/connection/tcp.c, line 1470
The css_peer_alive() is calling.
Time: 11/14/25 19:12:38.357 - DEBUG *** file /home/cubrid/work/cubrid/src/connection/tcp.c, line 1470
The css_peer_alive() is calling.
Time: 11/14/25 19:12:43.357 - DEBUG *** file /home/cubrid/work/cubrid/src/connection/tcp.c, line 1470
The css_peer_alive() is calling.
Time: 11/14/25 19:12:48.362 - DEBUG *** file /home/cubrid/work/cubrid/src/connection/tcp.c, line 1470
The css_peer_alive() is calling.
Time: 11/14/25 19:12:53.364 - DEBUG *** file /home/cubrid/work/cubrid/src/connection/tcp.c, line 1470
The css_peer_alive() is calling.
Time: 11/14/25 19:12:58.369 - DEBUG *** file /home/cubrid/work/cubrid/src/connection/tcp.c, line 1470
The css_peer_alive() is calling.
Time: 11/14/25 19:13:03.371 - DEBUG *** file /home/cubrid/work/cubrid/src/connection/tcp.c, line 1470
The css_peer_alive() is calling.
Time: 11/14/25 19:13:08.376 - DEBUG *** file /home/cubrid/work/cubrid/src/connection/tcp.c, line 1470
The css_peer_alive() is calling.
Time: 11/14/25 19:13:13.381 - DEBUG *** file /home/cubrid/work/cubrid/src/connection/tcp.c, line 1470
The css_peer_alive() is calling.
Time: 11/14/25 19:13:18.386 - DEBUG *** file /home/cubrid/work/cubrid/src/connection/tcp.c, line 1470
The css_peer_alive() is calling.
Time: 11/14/25 19:13:23.391 - DEBUG *** file /home/cubrid/work/cubrid/src/connection/tcp.c, line 1470
The css_peer_alive() is calling.
Time: 11/14/25 19:13:28.396 - DEBUG *** file /home/cubrid/work/cubrid/src/connection/tcp.c, line 1470
The css_peer_alive() is calling.
Time: 11/14/25 19:13:33.401 - DEBUG *** file /home/cubrid/work/cubrid/src/connection/tcp.c, line 1470
The css_peer_alive() is calling.
Time: 11/14/25 19:13:38.402 - DEBUG *** file /home/cubrid/work/cubrid/src/connection/tcp.c, line 1470
The css_peer_alive() is calling.
Time: 11/14/25 19:13:43.407 - DEBUG *** file /home/cubrid/work/cubrid/src/connection/tcp.c, line 1470
The css_peer_alive() is calling.
Time: 11/14/25 19:13:48.412 - DEBUG *** file /home/cubrid/work/cubrid/src/connection/tcp.c, line 1470
The css_peer_alive() is calling.
Time: 11/14/25 19:13:53.413 - DEBUG *** file /home/cubrid/work/cubrid/src/connection/tcp.c, line 1470
The css_peer_alive() is calling.
Time: 11/14/25 19:13:58.420 - DEBUG *** file /home/cubrid/work/cubrid/src/connection/tcp.c, line 1470
The css_peer_alive() is calling.
Time: 11/14/25 19:14:03.423 - DEBUG *** file /home/cubrid/work/cubrid/src/connection/tcp.c, line 1470
The css_peer_alive() is calling.
Time: 11/14/25 19:14:08.428 - DEBUG *** file /home/cubrid/work/cubrid/src/connection/tcp.c, line 1470
The css_peer_alive() is calling.
Time: 11/14/25 19:14:13.433 - DEBUG *** file /home/cubrid/work/cubrid/src/connection/tcp.c, line 1470
The css_peer_alive() is calling.
Time: 11/14/25 19:14:18.438 - DEBUG *** file /home/cubrid/work/cubrid/src/connection/tcp.c, line 1470
The css_peer_alive() is calling.
Time: 11/14/25 19:14:23.443 - DEBUG *** file /home/cubrid/work/cubrid/src/connection/tcp.c, line 1470
The css_peer_alive() is calling.
Time: 11/14/25 19:14:28.447 - DEBUG *** file /home/cubrid/work/cubrid/src/connection/tcp.c, line 1470
The css_peer_alive() is calling.
Time: 11/14/25 19:14:33.448 - DEBUG *** file /home/cubrid/work/cubrid/src/connection/tcp.c, line 1470
The css_peer_alive() is calling.
Time: 11/17/25 14:24:26.420 - DEBUG *** file /home/cubrid/work/cubrid/src/transaction/boot_cl.c, line 1666
trying to connect 'demodb@localhost'

Time: 11/17/25 14:24:26.421 - DEBUG *** file /home/cubrid/work/cubrid/src/transaction/boot_cl.c, line 1688
ping server with handshake

Time: 11/17/25 14:24:26.421 - NOTIFICATION *** file /home/cubrid/work/cubrid/src/transaction/boot_cl.c, line 1084  CODE = -971, Tran = -1, EID = 1
Program 'csql' (pid 1480450) connected to database server 'demodb' on the host 'localhost' (port 1523).

Time: 11/17/25 14:24:26.421 - DEBUG *** file /home/cubrid/work/cubrid/src/transaction/boot_cl.c, line 1134
boot_restart_client: register client { type 2 db demodb user dba password (null) program csql login cubrid host bwkim192 pid 1480450 }

Time: 11/17/25 14:24:58.252 - DEBUG *** file /home/cubrid/work/cubrid/src/connection/tcp.c, line 1470
The css_peer_alive() is calling.
Time: 11/17/25 14:25:03.254 - DEBUG *** file /home/cubrid/work/cubrid/src/connection/tcp.c, line 1470
The css_peer_alive() is calling.
Time: 11/17/25 14:25:08.256 - DEBUG *** file /home/cubrid/work/cubrid/src/connection/tcp.c, line 1470
The css_peer_alive() is calling.
Time: 11/17/25 14:25:13.259 - DEBUG *** file /home/cubrid/work/cubrid/src/connection/tcp.c, line 1470
The css_peer_alive() is calling.
Time: 11/17/25 14:25:18.259 - DEBUG *** file /home/cubrid/work/cubrid/src/connection/tcp.c, line 1470
The css_peer_alive() is calling.
Time: 11/17/25 14:25:23.263 - DEBUG *** file /home/cubrid/work/cubrid/src/connection/tcp.c, line 1470
The css_peer_alive() is calling.
Time: 11/17/25 14:25:28.268 - DEBUG *** file /home/cubrid/work/cubrid/src/connection/tcp.c, line 1470
The css_peer_alive() is calling.
Time: 11/17/25 14:28:14.456 - DEBUG *** file /home/cubrid/work/cubrid/src/connection/tcp.c, line 1470
The css_peer_alive() is calling.
Time: 11/17/25 14:28:19.461 - DEBUG *** file /home/cubrid/work/cubrid/src/connection/tcp.c, line 1470
The css_peer_alive() is calling.
Time: 11/17/25 14:28:24.466 - DEBUG *** file /home/cubrid/work/cubrid/src/connection/tcp.c, line 1470
The css_peer_alive() is calling.
Time: 11/17/25 14:28:29.470 - DEBUG *** file /home/cubrid/work/cubrid/src/connection/tcp.c, line 1470
The css_peer_alive() is calling.
Time: 11/17/25 14:28:43.534 - DEBUG *** file /home/cubrid/work/cubrid/src/connection/tcp.c, line 1470
The css_peer_alive() is calling.
Time: 11/17/25 14:28:48.539 - DEBUG *** file /home/cubrid/work/cubrid/src/connection/tcp.c, line 1470
The css_peer_alive() is calling.
Time: 11/17/25 14:28:53.545 - DEBUG *** file /home/cubrid/work/cubrid/src/connection/tcp.c, line 1470
The css_peer_alive() is calling.
Time: 11/17/25 14:28:58.550 - DEBUG *** file /home/cubrid/work/cubrid/src/connection/tcp.c, line 1470
The css_peer_alive() is calling.
Time: 11/17/25 14:29:03.554 - DEBUG *** file /home/cubrid/work/cubrid/src/connection/tcp.c, line 1470
The css_peer_alive() is calling.
Time: 11/17/25 14:29:08.557 - DEBUG *** file /home/cubrid/work/cubrid/src/connection/tcp.c, line 1470
The css_peer_alive() is calling.
Time: 11/17/25 14:29:13.562 - DEBUG *** file /home/cubrid/work/cubrid/src/connection/tcp.c, line 1470
The css_peer_alive() is calling.
Time: 11/17/25 14:29:18.567 - DEBUG *** file /home/cubrid/work/cubrid/src/connection/tcp.c, line 1470
The css_peer_alive() is calling.
Time: 11/17/25 14:29:23.572 - DEBUG *** file /home/cubrid/work/cubrid/src/connection/tcp.c, line 1470
The css_peer_alive() is calling.
Time: 11/17/25 14:29:28.577 - DEBUG *** file /home/cubrid/work/cubrid/src/connection/tcp.c, line 1470
The css_peer_alive() is calling.
Time: 11/17/25 14:29:33.582 - DEBUG *** file /home/cubrid/work/cubrid/src/connection/tcp.c, line 1470
The css_peer_alive() is calling.
Time: 11/17/25 14:29:38.584 - DEBUG *** file /home/cubrid/work/cubrid/src/connection/tcp.c, line 1470
The css_peer_alive() is calling.
Time: 11/17/25 14:29:43.589 - DEBUG *** file /home/cubrid/work/cubrid/src/connection/tcp.c, line 1470
The css_peer_alive() is calling.
Time: 11/17/25 14:29:48.594 - DEBUG *** file /home/cubrid/work/cubrid/src/connection/tcp.c, line 1470
The css_peer_alive() is calling.
Time: 11/17/25 14:29:53.599 - DEBUG *** file /home/cubrid/work/cubrid/src/connection/tcp.c, line 1470
The css_peer_alive() is calling.
Time: 11/17/25 14:29:58.601 - DEBUG *** file /home/cubrid/work/cubrid/src/connection/tcp.c, line 1470
The css_peer_alive() is calling.
Time: 11/17/25 14:30:03.603 - DEBUG *** file /home/cubrid/work/cubrid/src/connection/tcp.c, line 1470
The css_peer_alive() is calling.
Time: 11/17/25 14:30:08.608 - DEBUG *** file /home/cubrid/work/cubrid/src/connection/tcp.c, line 1470
The css_peer_alive() is calling.
Time: 11/17/25 14:30:13.609 - DEBUG *** file /home/cubrid/work/cubrid/src/connection/tcp.c, line 1470
The css_peer_alive() is calling.
Time: 11/17/25 14:30:18.613 - DEBUG *** file /home/cubrid/work/cubrid/src/connection/tcp.c, line 1470
The css_peer_alive() is calling.
Time: 11/17/25 14:30:23.616 - DEBUG *** file /home/cubrid/work/cubrid/src/connection/tcp.c, line 1470
The css_peer_alive() is calling.
Time: 11/17/25 14:30:28.617 - DEBUG *** file /home/cubrid/work/cubrid/src/connection/tcp.c, line 1470
The css_peer_alive() is calling.
Time: 11/17/25 14:30:33.622 - DEBUG *** file /home/cubrid/work/cubrid/src/connection/tcp.c, line 1470
The css_peer_alive() is calling.
Time: 11/17/25 14:30:38.624 - DEBUG *** file /home/cubrid/work/cubrid/src/connection/tcp.c, line 1470
The css_peer_alive() is calling.
Time: 11/17/25 14:30:43.626 - DEBUG *** file /home/cubrid/work/cubrid/src/connection/tcp.c, line 1470
The css_peer_alive() is calling.
Time: 11/17/25 14:30:48.631 - DEBUG *** file /home/cubrid/work/cubrid/src/connection/tcp.c, line 1470
The css_peer_alive() is calling.
Time: 11/17/25 14:30:53.632 - DEBUG *** file /home/cubrid/work/cubrid/src/connection/tcp.c, line 1470
The css_peer_alive() is calling.
Time: 11/17/25 14:30:58.637 - DEBUG *** file /home/cubrid/work/cubrid/src/connection/tcp.c, line 1470
The css_peer_alive() is calling.
Time: 11/17/25 14:31:03.639 - DEBUG *** file /home/cubrid/work/cubrid/src/connection/tcp.c, line 1470
The css_peer_alive() is calling.
Time: 11/17/25 14:31:08.640 - DEBUG *** file /home/cubrid/work/cubrid/src/connection/tcp.c, line 1470
The css_peer_alive() is calling.
Time: 11/17/25 14:31:13.643 - DEBUG *** file /home/cubrid/work/cubrid/src/connection/tcp.c, line 1470
The css_peer_alive() is calling.
Time: 11/17/25 14:31:18.647 - DEBUG *** file /home/cubrid/work/cubrid/src/connection/tcp.c, line 1470
The css_peer_alive() is calling.
Time: 11/17/25 14:31:23.647 - DEBUG *** file /home/cubrid/work/cubrid/src/connection/tcp.c, line 1470
The css_peer_alive() is calling.
Time: 11/17/25 14:31:28.652 - DEBUG *** file /home/cubrid/work/cubrid/src/connection/tcp.c, line 1470
The css_peer_alive() is calling.
Time: 11/17/25 14:31:33.658 - DEBUG *** file /home/cubrid/work/cubrid/src/connection/tcp.c, line 1470
The css_peer_alive() is calling.
Time: 11/17/25 14:31:52.629 - DEBUG *** file /home/cubrid/work/cubrid/src/connection/tcp.c, line 1470
The css_peer_alive() is calling.
Time: 11/17/25 14:31:57.632 - DEBUG *** file /home/cubrid/work/cubrid/src/connection/tcp.c, line 1470
The css_peer_alive() is calling.
Time: 11/17/25 14:32:02.637 - DEBUG *** file /home/cubrid/work/cubrid/src/connection/tcp.c, line 1470
The css_peer_alive() is calling.
Time: 11/17/25 14:32:07.637 - DEBUG *** file /home/cubrid/work/cubrid/src/connection/tcp.c, line 1470
The css_peer_alive() is calling.
Time: 11/17/25 14:32:12.642 - DEBUG *** file /home/cubrid/work/cubrid/src/connection/tcp.c, line 1470
The css_peer_alive() is calling.
Time: 11/17/25 14:32:17.644 - DEBUG *** file /home/cubrid/work/cubrid/src/connection/tcp.c, line 1470
The css_peer_alive() is calling.
Time: 11/17/25 14:32:22.648 - DEBUG *** file /home/cubrid/work/cubrid/src/connection/tcp.c, line 1470
The css_peer_alive() is calling.
Time: 11/17/25 14:32:27.651 - DEBUG *** file /home/cubrid/work/cubrid/src/connection/tcp.c, line 1470
The css_peer_alive() is calling.
Time: 11/17/25 14:32:32.656 - DEBUG *** file /home/cubrid/work/cubrid/src/connection/tcp.c, line 1470
The css_peer_alive() is calling.
Time: 11/17/25 14:32:37.658 - DEBUG *** file /home/cubrid/work/cubrid/src/connection/tcp.c, line 1470
The css_peer_alive() is calling.
Time: 11/17/25 14:32:42.664 - DEBUG *** file /home/cubrid/work/cubrid/src/connection/tcp.c, line 1470
The css_peer_alive() is calling.
Time: 11/17/25 14:32:47.667 - DEBUG *** file /home/cubrid/work/cubrid/src/connection/tcp.c, line 1470
The css_peer_alive() is calling.
Time: 11/17/25 14:32:52.671 - DEBUG *** file /home/cubrid/work/cubrid/src/connection/tcp.c, line 1470
The css_peer_alive() is calling.
Time: 11/17/25 14:32:57.675 - DEBUG *** file /home/cubrid/work/cubrid/src/connection/tcp.c, line 1470
The css_peer_alive() is calling.
Time: 11/17/25 14:33:02.678 - DEBUG *** file /home/cubrid/work/cubrid/src/connection/tcp.c, line 1470
The css_peer_alive() is calling.
Time: 11/17/25 14:33:07.681 - DEBUG *** file /home/cubrid/work/cubrid/src/connection/tcp.c, line 1470
The css_peer_alive() is calling.
Time: 11/17/25 14:33:12.683 - DEBUG *** file /home/cubrid/work/cubrid/src/connection/tcp.c, line 1470
The css_peer_alive() is calling.
Time: 11/17/25 14:33:17.684 - DEBUG *** file /home/cubrid/work/cubrid/src/connection/tcp.c, line 1470
The css_peer_alive() is calling.
Time: 11/17/25 14:33:22.685 - DEBUG *** file /home/cubrid/work/cubrid/src/connection/tcp.c, line 1470
The css_peer_alive() is calling.
Time: 11/17/25 14:33:27.690 - DEBUG *** file /home/cubrid/work/cubrid/src/connection/tcp.c, line 1470
The css_peer_alive() is calling.
Time: 11/17/25 14:33:32.695 - DEBUG *** file /home/cubrid/work/cubrid/src/connection/tcp.c, line 1470
The css_peer_alive() is calling.
Time: 11/17/25 14:33:37.697 - DEBUG *** file /home/cubrid/work/cubrid/src/connection/tcp.c, line 1470
The css_peer_alive() is calling.
Time: 11/17/25 14:33:42.702 - DEBUG *** file /home/cubrid/work/cubrid/src/connection/tcp.c, line 1470
The css_peer_alive() is calling.
Time: 11/17/25 14:33:47.707 - DEBUG *** file /home/cubrid/work/cubrid/src/connection/tcp.c, line 1470
The css_peer_alive() is calling.
Time: 11/17/25 14:33:52.709 - DEBUG *** file /home/cubrid/work/cubrid/src/connection/tcp.c, line 1470
The css_peer_alive() is calling.
Time: 11/17/25 14:33:57.714 - DEBUG *** file /home/cubrid/work/cubrid/src/connection/tcp.c, line 1470
The css_peer_alive() is calling.
Time: 11/17/25 14:34:02.716 - DEBUG *** file /home/cubrid/work/cubrid/src/connection/tcp.c, line 1470
The css_peer_alive() is calling.
Time: 11/17/25 14:34:07.718 - DEBUG *** file /home/cubrid/work/cubrid/src/connection/tcp.c, line 1470
The css_peer_alive() is calling.
Time: 11/17/25 14:34:12.723 - DEBUG *** file /home/cubrid/work/cubrid/src/connection/tcp.c, line 1470
The css_peer_alive() is calling.
Time: 11/17/25 14:34:17.729 - DEBUG *** file /home/cubrid/work/cubrid/src/connection/tcp.c, line 1470
The css_peer_alive() is calling.
Time: 11/17/25 14:34:22.734 - DEBUG *** file /home/cubrid/work/cubrid/src/connection/tcp.c, line 1470
The css_peer_alive() is calling.
Time: 11/17/25 14:34:27.735 - DEBUG *** file /home/cubrid/work/cubrid/src/connection/tcp.c, line 1470
The css_peer_alive() is calling.
Time: 11/17/25 14:34:32.736 - DEBUG *** file /home/cubrid/work/cubrid/src/connection/tcp.c, line 1470
The css_peer_alive() is calling.
Time: 11/17/25 14:34:37.737 - DEBUG *** file /home/cubrid/work/cubrid/src/connection/tcp.c, line 1470
The css_peer_alive() is calling.
Time: 11/17/25 14:34:42.741 - DEBUG *** file /home/cubrid/work/cubrid/src/connection/tcp.c, line 1470
The css_peer_alive() is calling.
Time: 11/17/25 14:34:47.746 - DEBUG *** file /home/cubrid/work/cubrid/src/connection/tcp.c, line 1470
The css_peer_alive() is calling.
Time: 11/17/25 14:34:52.751 - DEBUG *** file /home/cubrid/work/cubrid/src/connection/tcp.c, line 1470
The css_peer_alive() is calling.
Time: 11/17/25 14:34:57.756 - DEBUG *** file /home/cubrid/work/cubrid/src/connection/tcp.c, line 1470
The css_peer_alive() is calling.
Time: 11/17/25 14:35:02.757 - DEBUG *** file /home/cubrid/work/cubrid/src/connection/tcp.c, line 1470
The css_peer_alive() is calling.
Time: 11/17/25 14:35:07.760 - DEBUG *** file /home/cubrid/work/cubrid/src/connection/tcp.c, line 1470
The css_peer_alive() is calling.
Time: 11/17/25 14:35:12.760 - DEBUG *** file /home/cubrid/work/cubrid/src/connection/tcp.c, line 1470
The css_peer_alive() is calling.
Time: 11/17/25 14:35:17.765 - DEBUG *** file /home/cubrid/work/cubrid/src/connection/tcp.c, line 1470
The css_peer_alive() is calling.
Time: 11/17/25 14:35:22.770 - DEBUG *** file /home/cubrid/work/cubrid/src/connection/tcp.c, line 1470
The css_peer_alive() is calling.
Time: 11/17/25 14:35:27.775 - DEBUG *** file /home/cubrid/work/cubrid/src/connection/tcp.c, line 1470
The css_peer_alive() is calling.
Time: 11/17/25 14:35:32.776 - DEBUG *** file /home/cubrid/work/cubrid/src/connection/tcp.c, line 1470
The css_peer_alive() is calling.
Time: 11/17/25 14:35:37.777 - DEBUG *** file /home/cubrid/work/cubrid/src/connection/tcp.c, line 1470
The css_peer_alive() is calling.
Time: 11/17/25 14:35:42.782 - DEBUG *** file /home/cubrid/work/cubrid/src/connection/tcp.c, line 1470
The css_peer_alive() is calling.
Time: 11/17/25 14:35:47.787 - DEBUG *** file /home/cubrid/work/cubrid/src/connection/tcp.c, line 1470
The css_peer_alive() is calling.
Time: 11/17/25 14:35:52.792 - DEBUG *** file /home/cubrid/work/cubrid/src/connection/tcp.c, line 1470
The css_peer_alive() is calling.
Time: 11/17/25 14:35:57.797 - DEBUG *** file /home/cubrid/work/cubrid/src/connection/tcp.c, line 1470
The css_peer_alive() is calling.
Time: 11/17/25 14:36:02.799 - DEBUG *** file /home/cubrid/work/cubrid/src/connection/tcp.c, line 1470
The css_peer_alive() is calling.
Time: 11/17/25 14:36:07.803 - DEBUG *** file /home/cubrid/work/cubrid/src/connection/tcp.c, line 1470
The css_peer_alive() is calling.
Time: 11/17/25 14:36:12.808 - DEBUG *** file /home/cubrid/work/cubrid/src/connection/tcp.c, line 1470
The css_peer_alive() is calling.
Time: 11/17/25 14:36:17.813 - DEBUG *** file /home/cubrid/work/cubrid/src/connection/tcp.c, line 1470
The css_peer_alive() is calling.
Time: 11/17/25 14:36:22.818 - DEBUG *** file /home/cubrid/work/cubrid/src/connection/tcp.c, line 1470
The css_peer_alive() is calling.
Time: 11/17/25 14:36:27.823 - DEBUG *** file /home/cubrid/work/cubrid/src/connection/tcp.c, line 1470
The css_peer_alive() is calling.
Time: 11/17/25 14:36:32.829 - DEBUG *** file /home/cubrid/work/cubrid/src/connection/tcp.c, line 1470
The css_peer_alive() is calling.
Time: 11/17/25 14:36:37.830 - DEBUG *** file /home/cubrid/work/cubrid/src/connection/tcp.c, line 1470
The css_peer_alive() is calling.
Time: 11/17/25 14:36:42.831 - DEBUG *** file /home/cubrid/work/cubrid/src/connection/tcp.c, line 1470
The css_peer_alive() is calling.
Time: 11/17/25 14:36:47.832 - DEBUG *** file /home/cubrid/work/cubrid/src/connection/tcp.c, line 1470
The css_peer_alive() is calling.
Time: 11/17/25 14:36:52.832 - DEBUG *** file /home/cubrid/work/cubrid/src/connection/tcp.c, line 1470
The css_peer_alive() is calling.
Time: 11/17/25 14:37:01.228 - ERROR *** file Unknown from server, line -1 ERROR CODE = -1302, Tran = 1, EID = 2
dblink - Cannot connect to CUBRID CAS

Time: 11/17/25 14:37:26.034 - DEBUG *** file /home/cubrid/work/cubrid/src/connection/tcp.c, line 1470
The css_peer_alive() is calling.
Time: 11/17/25 14:37:31.039 - DEBUG *** file /home/cubrid/work/cubrid/src/connection/tcp.c, line 1470
The css_peer_alive() is calling.
Time: 11/17/25 14:37:36.040 - DEBUG *** file /home/cubrid/work/cubrid/src/connection/tcp.c, line 1470
The css_peer_alive() is calling.
Time: 11/17/25 14:49:00.342 - DEBUG *** file /home/cubrid/work/cubrid/src/connection/tcp.c, line 1470
The css_peer_alive() is calling.
Time: 11/17/25 14:49:05.342 - DEBUG *** file /home/cubrid/work/cubrid/src/connection/tcp.c, line 1470
The css_peer_alive() is calling.
Time: 11/17/25 14:49:10.343 - DEBUG *** file /home/cubrid/work/cubrid/src/connection/tcp.c, line 1470
The css_peer_alive() is calling.
Time: 11/17/25 14:49:15.348 - DEBUG *** file /home/cubrid/work/cubrid/src/connection/tcp.c, line 1470
The css_peer_alive() is calling.
Time: 11/17/25 14:49:20.353 - DEBUG *** file /home/cubrid/work/cubrid/src/connection/tcp.c, line 1470
The css_peer_alive() is calling.
Time: 11/17/25 14:49:25.357 - DEBUG *** file /home/cubrid/work/cubrid/src/connection/tcp.c, line 1470
The css_peer_alive() is calling.
Time: 11/17/25 14:49:30.362 - DEBUG *** file /home/cubrid/work/cubrid/src/connection/tcp.c, line 1470
The css_peer_alive() is calling.
Time: 11/17/25 14:49:35.367 - DEBUG *** file /home/cubrid/work/cubrid/src/connection/tcp.c, line 1470
The css_peer_alive() is calling.
Time: 11/17/25 14:49:40.369 - DEBUG *** file /home/cubrid/work/cubrid/src/connection/tcp.c, line 1470
The css_peer_alive() is calling.
Time: 11/17/25 14:49:45.374 - DEBUG *** file /home/cubrid/work/cubrid/src/connection/tcp.c, line 1470
The css_peer_alive() is calling.
Time: 11/17/25 14:49:50.379 - DEBUG *** file /home/cubrid/work/cubrid/src/connection/tcp.c, line 1470
The css_peer_alive() is calling.
Time: 11/17/25 14:49:55.381 - DEBUG *** file /home/cubrid/work/cubrid/src/connection/tcp.c, line 1470
The css_peer_alive() is calling.
Time: 11/17/25 14:50:00.386 - DEBUG *** file /home/cubrid/work/cubrid/src/connection/tcp.c, line 1470
The css_peer_alive() is calling.
Time: 11/17/25 14:50:05.388 - DEBUG *** file /home/cubrid/work/cubrid/src/connection/tcp.c, line 1470
The css_peer_alive() is calling.
Time: 11/17/25 14:50:10.393 - DEBUG *** file /home/cubrid/work/cubrid/src/connection/tcp.c, line 1470
The css_peer_alive() is calling.
Time: 11/17/25 14:50:15.398 - DEBUG *** file /home/cubrid/work/cubrid/src/connection/tcp.c, line 1470
The css_peer_alive() is calling.
Time: 11/17/25 14:50:20.403 - DEBUG *** file /home/cubrid/work/cubrid/src/connection/tcp.c, line 1470
The css_peer_alive() is calling.
Time: 11/17/25 14:50:25.408 - DEBUG *** file /home/cubrid/work/cubrid/src/connection/tcp.c, line 1470
The css_peer_alive() is calling.
Time: 11/17/25 14:50:30.414 - DEBUG *** file /home/cubrid/work/cubrid/src/connection/tcp.c, line 1470
The css_peer_alive() is calling.
Time: 11/17/25 14:50:35.419 - DEBUG *** file /home/cubrid/work/cubrid/src/connection/tcp.c, line 1470
The css_peer_alive() is calling.
Time: 11/17/25 14:51:08.551 - DEBUG *** file /home/cubrid/work/cubrid/src/connection/tcp.c, line 1470
The css_peer_alive() is calling.
Time: 11/17/25 14:51:13.552 - DEBUG *** file /home/cubrid/work/cubrid/src/connection/tcp.c, line 1470
The css_peer_alive() is calling.
Time: 11/17/25 14:51:18.555 - DEBUG *** file /home/cubrid/work/cubrid/src/connection/tcp.c, line 1470
The css_peer_alive() is calling.
Time: 11/17/25 14:51:23.560 - DEBUG *** file /home/cubrid/work/cubrid/src/connection/tcp.c, line 1470
The css_peer_alive() is calling.
Time: 11/17/25 14:51:28.565 - DEBUG *** file /home/cubrid/work/cubrid/src/connection/tcp.c, line 1470
The css_peer_alive() is calling.
Time: 11/17/25 14:51:33.567 - DEBUG *** file /home/cubrid/work/cubrid/src/connection/tcp.c, line 1470
The css_peer_alive() is calling.
Time: 11/17/25 14:51:38.569 - DEBUG *** file /home/cubrid/work/cubrid/src/connection/tcp.c, line 1470
The css_peer_alive() is calling.
Time: 11/17/25 14:51:43.574 - DEBUG *** file /home/cubrid/work/cubrid/src/connection/tcp.c, line 1470
The css_peer_alive() is calling.
Time: 11/17/25 14:51:48.579 - DEBUG *** file /home/cubrid/work/cubrid/src/connection/tcp.c, line 1470
The css_peer_alive() is calling.
Time: 11/17/25 14:51:53.584 - DEBUG *** file /home/cubrid/work/cubrid/src/connection/tcp.c, line 1470
The css_peer_alive() is calling.
Time: 11/17/25 14:51:58.589 - DEBUG *** file /home/cubrid/work/cubrid/src/connection/tcp.c, line 1470
The css_peer_alive() is calling.
Time: 11/17/25 14:52:03.594 - DEBUG *** file /home/cubrid/work/cubrid/src/connection/tcp.c, line 1470
The css_peer_alive() is calling.
Time: 11/17/25 14:52:08.599 - DEBUG *** file /home/cubrid/work/cubrid/src/connection/tcp.c, line 1470
The css_peer_alive() is calling.
Time: 11/17/25 14:52:13.604 - DEBUG *** file /home/cubrid/work/cubrid/src/connection/tcp.c, line 1470
The css_peer_alive() is calling.
Time: 11/17/25 14:52:18.610 - DEBUG *** file /home/cubrid/work/cubrid/src/connection/tcp.c, line 1470
The css_peer_alive() is calling.
Time: 11/17/25 14:52:23.615 - DEBUG *** file /home/cubrid/work/cubrid/src/connection/tcp.c, line 1470
The css_peer_alive() is calling.
Time: 11/17/25 14:52:28.620 - DEBUG *** file /home/cubrid/work/cubrid/src/connection/tcp.c, line 1470
The css_peer_alive() is calling.
Time: 11/17/25 14:52:33.625 - DEBUG *** file /home/cubrid/work/cubrid/src/connection/tcp.c, line 1470
The css_peer_alive() is calling.
Time: 11/17/25 14:52:38.630 - DEBUG *** file /home/cubrid/work/cubrid/src/connection/tcp.c, line 1470
The css_peer_alive() is calling.
Time: 11/17/25 14:52:43.632 - DEBUG *** file /home/cubrid/work/cubrid/src/connection/tcp.c, line 1470
The css_peer_alive() is calling.
Time: 11/17/25 14:52:48.634 - DEBUG *** file /home/cubrid/work/cubrid/src/connection/tcp.c, line 1470
The css_peer_alive() is calling.
Time: 11/17/25 14:52:53.639 - DEBUG *** file /home/cubrid/work/cubrid/src/connection/tcp.c, line 1470
The css_peer_alive() is calling.
Time: 11/17/25 14:52:58.639 - DEBUG *** file /home/cubrid/work/cubrid/src/connection/tcp.c, line 1470
The css_peer_alive() is calling.
Time: 11/17/25 14:53:03.641 - DEBUG *** file /home/cubrid/work/cubrid/src/connection/tcp.c, line 1470
The css_peer_alive() is calling.
Time: 11/17/25 14:53:08.646 - DEBUG *** file /home/cubrid/work/cubrid/src/connection/tcp.c, line 1470
The css_peer_alive() is calling.
Time: 11/17/25 14:53:13.651 - DEBUG *** file /home/cubrid/work/cubrid/src/connection/tcp.c, line 1470
The css_peer_alive() is calling.
Time: 11/17/25 14:53:18.656 - DEBUG *** file /home/cubrid/work/cubrid/src/connection/tcp.c, line 1470
The css_peer_alive() is calling.
Time: 11/17/25 14:53:23.657 - DEBUG *** file /home/cubrid/work/cubrid/src/connection/tcp.c, line 1470
The css_peer_alive() is calling.
Time: 11/17/25 14:53:28.662 - DEBUG *** file /home/cubrid/work/cubrid/src/connection/tcp.c, line 1470
The css_peer_alive() is calling.
Time: 11/17/25 14:53:33.663 - DEBUG *** file /home/cubrid/work/cubrid/src/connection/tcp.c, line 1470
The css_peer_alive() is calling.
Time: 11/17/25 14:53:38.666 - DEBUG *** file /home/cubrid/work/cubrid/src/connection/tcp.c, line 1470
The css_peer_alive() is calling.
Time: 11/17/25 14:53:43.669 - DEBUG *** file /home/cubrid/work/cubrid/src/connection/tcp.c, line 1470
The css_peer_alive() is calling.
Time: 11/17/25 14:53:48.672 - DEBUG *** file /home/cubrid/work/cubrid/src/connection/tcp.c, line 1470
The css_peer_alive() is calling.
Time: 11/17/25 14:53:53.677 - DEBUG *** file /home/cubrid/work/cubrid/src/connection/tcp.c, line 1470
The css_peer_alive() is calling.
Time: 11/17/25 14:53:58.682 - DEBUG *** file /home/cubrid/work/cubrid/src/connection/tcp.c, line 1470
The css_peer_alive() is calling.
Time: 11/17/25 14:54:03.683 - DEBUG *** file /home/cubrid/work/cubrid/src/connection/tcp.c, line 1470
The css_peer_alive() is calling.
Time: 11/17/25 14:54:08.684 - DEBUG *** file /home/cubrid/work/cubrid/src/connection/tcp.c, line 1470
The css_peer_alive() is calling.
Time: 11/17/25 14:54:13.689 - DEBUG *** file /home/cubrid/work/cubrid/src/connection/tcp.c, line 1470
The css_peer_alive() is calling.
Time: 11/17/25 14:54:18.694 - DEBUG *** file /home/cubrid/work/cubrid/src/connection/tcp.c, line 1470
The css_peer_alive() is calling.
Time: 11/17/25 14:54:23.699 - DEBUG *** file /home/cubrid/work/cubrid/src/connection/tcp.c, line 1470
The css_peer_alive() is calling.
Time: 11/17/25 14:54:28.702 - DEBUG *** file /home/cubrid/work/cubrid/src/connection/tcp.c, line 1470
The css_peer_alive() is calling.
Time: 11/17/25 14:54:33.706 - DEBUG *** file /home/cubrid/work/cubrid/src/connection/tcp.c, line 1470
The css_peer_alive() is calling.
Time: 11/17/25 14:54:38.707 - DEBUG *** file /home/cubrid/work/cubrid/src/connection/tcp.c, line 1470
The css_peer_alive() is calling.
Time: 11/17/25 14:54:43.712 - DEBUG *** file /home/cubrid/work/cubrid/src/connection/tcp.c, line 1470
The css_peer_alive() is calling.
Time: 11/17/25 14:54:48.713 - DEBUG *** file /home/cubrid/work/cubrid/src/connection/tcp.c, line 1470
The css_peer_alive() is calling.
Time: 11/17/25 14:54:53.718 - DEBUG *** file /home/cubrid/work/cubrid/src/connection/tcp.c, line 1470
The css_peer_alive() is calling.
Time: 11/17/25 14:54:58.719 - DEBUG *** file /home/cubrid/work/cubrid/src/connection/tcp.c, line 1470
The css_peer_alive() is calling.
Time: 11/17/25 14:55:03.721 - DEBUG *** file /home/cubrid/work/cubrid/src/connection/tcp.c, line 1470
The css_peer_alive() is calling.
Time: 11/17/25 14:55:08.726 - DEBUG *** file /home/cubrid/work/cubrid/src/connection/tcp.c, line 1470
The css_peer_alive() is calling.
Time: 11/17/25 14:55:13.731 - DEBUG *** file /home/cubrid/work/cubrid/src/connection/tcp.c, line 1470
The css_peer_alive() is calling.
Time: 11/17/25 14:55:18.733 - DEBUG *** file /home/cubrid/work/cubrid/src/connection/tcp.c, line 1470
The css_peer_alive() is calling.
Time: 11/17/25 14:55:23.738 - DEBUG *** file /home/cubrid/work/cubrid/src/connection/tcp.c, line 1470
The css_peer_alive() is calling.
Time: 11/17/25 14:55:28.743 - DEBUG *** file /home/cubrid/work/cubrid/src/connection/tcp.c, line 1470
The css_peer_alive() is calling.
Time: 11/17/25 14:55:33.748 - DEBUG *** file /home/cubrid/work/cubrid/src/connection/tcp.c, line 1470
The css_peer_alive() is calling.
Time: 11/17/25 14:55:38.752 - DEBUG *** file /home/cubrid/work/cubrid/src/connection/tcp.c, line 1470
The css_peer_alive() is calling.
Time: 11/17/25 14:55:43.758 - DEBUG *** file /home/cubrid/work/cubrid/src/connection/tcp.c, line 1470
The css_peer_alive() is calling.
Time: 11/17/25 14:55:48.761 - DEBUG *** file /home/cubrid/work/cubrid/src/connection/tcp.c, line 1470
The css_peer_alive() is calling.
Time: 11/17/25 14:55:53.762 - DEBUG *** file /home/cubrid/work/cubrid/src/connection/tcp.c, line 1470
The css_peer_alive() is calling.
Time: 11/17/25 14:55:58.763 - DEBUG *** file /home/cubrid/work/cubrid/src/connection/tcp.c, line 1470
The css_peer_alive() is calling.
Time: 11/17/25 14:56:03.764 - DEBUG *** file /home/cubrid/work/cubrid/src/connection/tcp.c, line 1470
The css_peer_alive() is calling.
Time: 11/17/25 14:56:08.769 - DEBUG *** file /home/cubrid/work/cubrid/src/connection/tcp.c, line 1470
The css_peer_alive() is calling.
Time: 11/17/25 14:56:13.775 - DEBUG *** file /home/cubrid/work/cubrid/src/connection/tcp.c, line 1470
The css_peer_alive() is calling.
Time: 11/17/25 14:56:18.780 - DEBUG *** file /home/cubrid/work/cubrid/src/connection/tcp.c, line 1470
The css_peer_alive() is calling.
Time: 11/17/25 14:56:23.785 - DEBUG *** file /home/cubrid/work/cubrid/src/connection/tcp.c, line 1470
The css_peer_alive() is calling.
Time: 11/17/25 14:56:28.786 - DEBUG *** file /home/cubrid/work/cubrid/src/connection/tcp.c, line 1470
The css_peer_alive() is calling.
Time: 11/17/25 14:56:33.791 - DEBUG *** file /home/cubrid/work/cubrid/src/connection/tcp.c, line 1470
The css_peer_alive() is calling.
Time: 11/17/25 14:56:38.792 - DEBUG *** file /home/cubrid/work/cubrid/src/connection/tcp.c, line 1470
The css_peer_alive() is calling.
Time: 11/17/25 14:56:43.796 - DEBUG *** file /home/cubrid/work/cubrid/src/connection/tcp.c, line 1470
The css_peer_alive() is calling.
Time: 11/17/25 14:56:48.801 - DEBUG *** file /home/cubrid/work/cubrid/src/connection/tcp.c, line 1470
The css_peer_alive() is calling.
Time: 11/17/25 14:56:53.803 - DEBUG *** file /home/cubrid/work/cubrid/src/connection/tcp.c, line 1470
The css_peer_alive() is calling.
Time: 11/17/25 14:56:58.808 - DEBUG *** file /home/cubrid/work/cubrid/src/connection/tcp.c, line 1470
The css_peer_alive() is calling.
Time: 11/17/25 14:57:03.812 - DEBUG *** file /home/cubrid/work/cubrid/src/connection/tcp.c, line 1470
The css_peer_alive() is calling.
Time: 11/17/25 14:57:08.816 - DEBUG *** file /home/cubrid/work/cubrid/src/connection/tcp.c, line 1470
The css_peer_alive() is calling.
Time: 11/17/25 14:57:13.817 - DEBUG *** file /home/cubrid/work/cubrid/src/connection/tcp.c, line 1470
The css_peer_alive() is calling.
Time: 11/17/25 14:57:18.818 - DEBUG *** file /home/cubrid/work/cubrid/src/connection/tcp.c, line 1470
The css_peer_alive() is calling.
Time: 11/17/25 14:57:23.823 - DEBUG *** file /home/cubrid/work/cubrid/src/connection/tcp.c, line 1470
The css_peer_alive() is calling.
Time: 11/17/25 14:57:28.824 - DEBUG *** file /home/cubrid/work/cubrid/src/connection/tcp.c, line 1470
The css_peer_alive() is calling.
Time: 11/17/25 14:57:33.824 - DEBUG *** file /home/cubrid/work/cubrid/src/connection/tcp.c, line 1470
The css_peer_alive() is calling.
Time: 11/17/25 14:57:38.826 - DEBUG *** file /home/cubrid/work/cubrid/src/connection/tcp.c, line 1470
The css_peer_alive() is calling.
Time: 11/17/25 14:57:43.831 - DEBUG *** file /home/cubrid/work/cubrid/src/connection/tcp.c, line 1470
The css_peer_alive() is calling.
Time: 11/17/25 14:57:48.834 - DEBUG *** file /home/cubrid/work/cubrid/src/connection/tcp.c, line 1470
The css_peer_alive() is calling.
Time: 11/17/25 14:57:53.838 - DEBUG *** file /home/cubrid/work/cubrid/src/connection/tcp.c, line 1470
The css_peer_alive() is calling.
Time: 11/17/25 14:57:58.843 - DEBUG *** file /home/cubrid/work/cubrid/src/connection/tcp.c, line 1470
The css_peer_alive() is calling.
Time: 11/17/25 14:58:03.844 - DEBUG *** file /home/cubrid/work/cubrid/src/connection/tcp.c, line 1470
The css_peer_alive() is calling.
Time: 11/17/25 14:58:08.849 - DEBUG *** file /home/cubrid/work/cubrid/src/connection/tcp.c, line 1470
The css_peer_alive() is calling.
Time: 11/17/25 14:58:13.854 - DEBUG *** file /home/cubrid/work/cubrid/src/connection/tcp.c, line 1470
The css_peer_alive() is calling.
Time: 11/17/25 14:58:18.860 - DEBUG *** file /home/cubrid/work/cubrid/src/connection/tcp.c, line 1470
The css_peer_alive() is calling.
Time: 11/17/25 14:58:23.865 - DEBUG *** file /home/cubrid/work/cubrid/src/connection/tcp.c, line 1470
The css_peer_alive() is calling.
Time: 11/17/25 14:58:28.870 - DEBUG *** file /home/cubrid/work/cubrid/src/connection/tcp.c, line 1470
The css_peer_alive() is calling.
Time: 11/17/25 14:58:33.871 - DEBUG *** file /home/cubrid/work/cubrid/src/connection/tcp.c, line 1470
The css_peer_alive() is calling.
Time: 11/17/25 14:58:38.875 - DEBUG *** file /home/cubrid/work/cubrid/src/connection/tcp.c, line 1470
The css_peer_alive() is calling.
Time: 11/17/25 14:58:43.876 - DEBUG *** file /home/cubrid/work/cubrid/src/connection/tcp.c, line 1470
The css_peer_alive() is calling.
Time: 11/17/25 14:58:48.878 - DEBUG *** file /home/cubrid/work/cubrid/src/connection/tcp.c, line 1470
The css_peer_alive() is calling.
Time: 11/17/25 14:58:53.883 - DEBUG *** file /home/cubrid/work/cubrid/src/connection/tcp.c, line 1470
The css_peer_alive() is calling.
Time: 11/17/25 14:58:58.885 - DEBUG *** file /home/cubrid/work/cubrid/src/connection/tcp.c, line 1470
The css_peer_alive() is calling.
Time: 11/17/25 14:59:03.887 - DEBUG *** file /home/cubrid/work/cubrid/src/connection/tcp.c, line 1470
The css_peer_alive() is calling.
Time: 11/17/25 14:59:08.892 - DEBUG *** file /home/cubrid/work/cubrid/src/connection/tcp.c, line 1470
The css_peer_alive() is calling.
Time: 11/17/25 14:59:13.893 - DEBUG *** file /home/cubrid/work/cubrid/src/connection/tcp.c, line 1470
The css_peer_alive() is calling.
Time: 11/17/25 14:59:18.898 - DEBUG *** file /home/cubrid/work/cubrid/src/connection/tcp.c, line 1470
The css_peer_alive() is calling.
Time: 11/17/25 14:59:23.903 - DEBUG *** file /home/cubrid/work/cubrid/src/connection/tcp.c, line 1470
The css_peer_alive() is calling.
Time: 11/17/25 14:59:28.908 - DEBUG *** file /home/cubrid/work/cubrid/src/connection/tcp.c, line 1470
The css_peer_alive() is calling.
Time: 11/17/25 14:59:33.913 - DEBUG *** file /home/cubrid/work/cubrid/src/connection/tcp.c, line 1470
The css_peer_alive() is calling.
Time: 11/17/25 14:59:38.917 - DEBUG *** file /home/cubrid/work/cubrid/src/connection/tcp.c, line 1470
The css_peer_alive() is calling.
Time: 11/17/25 14:59:43.922 - DEBUG *** file /home/cubrid/work/cubrid/src/connection/tcp.c, line 1470
The css_peer_alive() is calling.
Time: 11/17/25 14:59:48.927 - DEBUG *** file /home/cubrid/work/cubrid/src/connection/tcp.c, line 1470
The css_peer_alive() is calling.
Time: 11/17/25 14:59:53.932 - DEBUG *** file /home/cubrid/work/cubrid/src/connection/tcp.c, line 1470
The css_peer_alive() is calling.
Time: 11/17/25 14:59:58.938 - DEBUG *** file /home/cubrid/work/cubrid/src/connection/tcp.c, line 1470
The css_peer_alive() is calling.
Time: 11/17/25 15:00:03.943 - DEBUG *** file /home/cubrid/work/cubrid/src/connection/tcp.c, line 1470
The css_peer_alive() is calling.
Time: 11/17/25 15:00:08.948 - DEBUG *** file /home/cubrid/work/cubrid/src/connection/tcp.c, line 1470
The css_peer_alive() is calling.
Time: 11/17/25 15:00:13.953 - DEBUG *** file /home/cubrid/work/cubrid/src/connection/tcp.c, line 1470
The css_peer_alive() is calling.
Time: 11/17/25 15:00:18.958 - DEBUG *** file /home/cubrid/work/cubrid/src/connection/tcp.c, line 1470
The css_peer_alive() is calling.
Time: 11/17/25 15:00:23.963 - DEBUG *** file /home/cubrid/work/cubrid/src/connection/tcp.c, line 1470
The css_peer_alive() is calling.
Time: 11/17/25 15:00:28.968 - DEBUG *** file /home/cubrid/work/cubrid/src/connection/tcp.c, line 1470
The css_peer_alive() is calling.
Time: 11/17/25 15:00:33.973 - DEBUG *** file /home/cubrid/work/cubrid/src/connection/tcp.c, line 1470
The css_peer_alive() is calling.
Time: 11/17/25 15:00:38.978 - DEBUG *** file /home/cubrid/work/cubrid/src/connection/tcp.c, line 1470
The css_peer_alive() is calling.
Time: 11/17/25 15:00:43.980 - DEBUG *** file /home/cubrid/work/cubrid/src/connection/tcp.c, line 1470
The css_peer_alive() is calling.
Time: 11/17/25 15:00:48.981 - DEBUG *** file /home/cubrid/work/cubrid/src/connection/tcp.c, line 1470
The css_peer_alive() is calling.
Time: 11/17/25 15:00:53.983 - DEBUG *** file /home/cubrid/work/cubrid/src/connection/tcp.c, line 1470
The css_peer_alive() is calling.
Time: 11/17/25 15:00:58.988 - DEBUG *** file /home/cubrid/work/cubrid/src/connection/tcp.c, line 1470
The css_peer_alive() is calling.
Time: 11/17/25 15:01:03.994 - DEBUG *** file /home/cubrid/work/cubrid/src/connection/tcp.c, line 1470
The css_peer_alive() is calling.
Time: 11/17/25 15:01:08.998 - DEBUG *** file /home/cubrid/work/cubrid/src/connection/tcp.c, line 1470
The css_peer_alive() is calling.
Time: 11/17/25 15:01:14.003 - DEBUG *** file /home/cubrid/work/cubrid/src/connection/tcp.c, line 1470
The css_peer_alive() is calling.
Time: 11/17/25 15:01:19.003 - DEBUG *** file /home/cubrid/work/cubrid/src/connection/tcp.c, line 1470
The css_peer_alive() is calling.
Time: 11/17/25 15:01:24.005 - DEBUG *** file /home/cubrid/work/cubrid/src/connection/tcp.c, line 1470
The css_peer_alive() is calling.
Time: 11/17/25 15:01:29.010 - DEBUG *** file /home/cubrid/work/cubrid/src/connection/tcp.c, line 1470
The css_peer_alive() is calling.
Time: 11/17/25 15:01:34.016 - DEBUG *** file /home/cubrid/work/cubrid/src/connection/tcp.c, line 1470
The css_peer_alive() is calling.
Time: 11/17/25 15:01:39.018 - DEBUG *** file /home/cubrid/work/cubrid/src/connection/tcp.c, line 1470
The css_peer_alive() is calling.
Time: 11/17/25 15:01:44.019 - DEBUG *** file /home/cubrid/work/cubrid/src/connection/tcp.c, line 1470
The css_peer_alive() is calling.
Time: 11/17/25 15:01:49.025 - DEBUG *** file /home/cubrid/work/cubrid/src/connection/tcp.c, line 1470
The css_peer_alive() is calling.
Time: 11/17/25 15:01:54.030 - DEBUG *** file /home/cubrid/work/cubrid/src/connection/tcp.c, line 1470
The css_peer_alive() is calling.
Time: 11/17/25 15:01:59.032 - DEBUG *** file /home/cubrid/work/cubrid/src/connection/tcp.c, line 1470
The css_peer_alive() is calling.
Time: 11/17/25 15:02:04.035 - DEBUG *** file /home/cubrid/work/cubrid/src/connection/tcp.c, line 1470
The css_peer_alive() is calling.
Time: 11/17/25 15:02:09.036 - DEBUG *** file /home/cubrid/work/cubrid/src/connection/tcp.c, line 1470
The css_peer_alive() is calling.
Time: 11/17/25 15:02:14.041 - DEBUG *** file /home/cubrid/work/cubrid/src/connection/tcp.c, line 1470
The css_peer_alive() is calling.
Time: 11/17/25 15:02:19.046 - DEBUG *** file /home/cubrid/work/cubrid/src/connection/tcp.c, line 1470
The css_peer_alive() is calling.
Time: 11/17/25 15:02:24.051 - DEBUG *** file /home/cubrid/work/cubrid/src/connection/tcp.c, line 1470
The css_peer_alive() is calling.
Time: 11/17/25 15:02:29.054 - DEBUG *** file /home/cubrid/work/cubrid/src/connection/tcp.c, line 1470
The css_peer_alive() is calling.
Time: 11/17/25 15:02:34.057 - DEBUG *** file /home/cubrid/work/cubrid/src/connection/tcp.c, line 1470
The css_peer_alive() is calling.
Time: 11/17/25 15:02:39.058 - DEBUG *** file /home/cubrid/work/cubrid/src/connection/tcp.c, line 1470
The css_peer_alive() is calling.
Time: 11/17/25 15:02:44.059 - DEBUG *** file /home/cubrid/work/cubrid/src/connection/tcp.c, line 1470
The css_peer_alive() is calling.
Time: 11/17/25 15:02:49.059 - DEBUG *** file /home/cubrid/work/cubrid/src/connection/tcp.c, line 1470
The css_peer_alive() is calling.
Time: 11/17/25 15:02:54.062 - DEBUG *** file /home/cubrid/work/cubrid/src/connection/tcp.c, line 1470
The css_peer_alive() is calling.
Time: 11/17/25 15:02:59.063 - DEBUG *** file /home/cubrid/work/cubrid/src/connection/tcp.c, line 1470
The css_peer_alive() is calling.
Time: 11/17/25 15:03:04.065 - DEBUG *** file /home/cubrid/work/cubrid/src/connection/tcp.c, line 1470
The css_peer_alive() is calling.
Time: 11/17/25 15:03:09.070 - DEBUG *** file /home/cubrid/work/cubrid/src/connection/tcp.c, line 1470
The css_peer_alive() is calling.
Time: 11/17/25 15:03:14.074 - DEBUG *** file /home/cubrid/work/cubrid/src/connection/tcp.c, line 1470
The css_peer_alive() is calling.
Time: 11/17/25 15:03:19.079 - DEBUG *** file /home/cubrid/work/cubrid/src/connection/tcp.c, line 1470
The css_peer_alive() is calling.
Time: 11/17/25 15:03:24.084 - DEBUG *** file /home/cubrid/work/cubrid/src/connection/tcp.c, line 1470
The css_peer_alive() is calling.
Time: 11/17/25 15:03:29.088 - DEBUG *** file /home/cubrid/work/cubrid/src/connection/tcp.c, line 1470
The css_peer_alive() is calling.
Time: 11/17/25 15:03:34.090 - DEBUG *** file /home/cubrid/work/cubrid/src/connection/tcp.c, line 1470
The css_peer_alive() is calling.
Time: 11/17/25 15:03:39.095 - DEBUG *** file /home/cubrid/work/cubrid/src/connection/tcp.c, line 1470
The css_peer_alive() is calling.
Time: 11/17/25 15:03:44.101 - DEBUG *** file /home/cubrid/work/cubrid/src/connection/tcp.c, line 1470
The css_peer_alive() is calling.
Time: 11/17/25 15:03:49.104 - DEBUG *** file /home/cubrid/work/cubrid/src/connection/tcp.c, line 1470
The css_peer_alive() is calling.
Time: 11/17/25 15:03:54.106 - DEBUG *** file /home/cubrid/work/cubrid/src/connection/tcp.c, line 1470
The css_peer_alive() is calling.
Time: 11/17/25 15:03:59.107 - DEBUG *** file /home/cubrid/work/cubrid/src/connection/tcp.c, line 1470
The css_peer_alive() is calling.
Time: 11/17/25 15:04:04.112 - DEBUG *** file /home/cubrid/work/cubrid/src/connection/tcp.c, line 1470
The css_peer_alive() is calling.
Time: 11/17/25 15:04:09.114 - DEBUG *** file /home/cubrid/work/cubrid/src/connection/tcp.c, line 1470
The css_peer_alive() is calling.
Time: 11/17/25 15:04:14.114 - DEBUG *** file /home/cubrid/work/cubrid/src/connection/tcp.c, line 1470
The css_peer_alive() is calling.
Time: 11/17/25 15:04:19.116 - DEBUG *** file /home/cubrid/work/cubrid/src/connection/tcp.c, line 1470
The css_peer_alive() is calling.
Time: 11/17/25 15:04:24.118 - DEBUG *** file /home/cubrid/work/cubrid/src/connection/tcp.c, line 1470
The css_peer_alive() is calling.
Time: 11/17/25 15:04:29.121 - DEBUG *** file /home/cubrid/work/cubrid/src/connection/tcp.c, line 1470
The css_peer_alive() is calling.
Time: 11/17/25 15:04:34.123 - DEBUG *** file /home/cubrid/work/cubrid/src/connection/tcp.c, line 1470
The css_peer_alive() is calling.
Time: 11/17/25 15:04:39.124 - DEBUG *** file /home/cubrid/work/cubrid/src/connection/tcp.c, line 1470
The css_peer_alive() is calling.
Time: 11/17/25 15:04:44.128 - DEBUG *** file /home/cubrid/work/cubrid/src/connection/tcp.c, line 1470
The css_peer_alive() is calling.
Time: 11/17/25 15:04:49.133 - DEBUG *** file /home/cubrid/work/cubrid/src/connection/tcp.c, line 1470
The css_peer_alive() is calling.
Time: 11/17/25 15:04:54.139 - DEBUG *** file /home/cubrid/work/cubrid/src/connection/tcp.c, line 1470
The css_peer_alive() is calling.
Time: 11/17/25 15:04:59.144 - DEBUG *** file /home/cubrid/work/cubrid/src/connection/tcp.c, line 1470
The css_peer_alive() is calling.
Time: 11/17/25 15:05:04.149 - DEBUG *** file /home/cubrid/work/cubrid/src/connection/tcp.c, line 1470
The css_peer_alive() is calling.
Time: 11/17/25 15:05:09.154 - DEBUG *** file /home/cubrid/work/cubrid/src/connection/tcp.c, line 1470
The css_peer_alive() is calling.
Time: 11/17/25 15:05:14.159 - DEBUG *** file /home/cubrid/work/cubrid/src/connection/tcp.c, line 1470
The css_peer_alive() is calling.
Time: 11/17/25 15:05:19.164 - DEBUG *** file /home/cubrid/work/cubrid/src/connection/tcp.c, line 1470
The css_peer_alive() is calling.
Time: 11/17/25 15:05:24.169 - DEBUG *** file /home/cubrid/work/cubrid/src/connection/tcp.c, line 1470
The css_peer_alive() is calling.
Time: 11/17/25 15:05:29.169 - DEBUG *** file /home/cubrid/work/cubrid/src/connection/tcp.c, line 1470
The css_peer_alive() is calling.
Time: 11/17/25 15:05:34.174 - DEBUG *** file /home/cubrid/work/cubrid/src/connection/tcp.c, line 1470
The css_peer_alive() is calling.
Time: 11/17/25 15:05:39.179 - DEBUG *** file /home/cubrid/work/cubrid/src/connection/tcp.c, line 1470
The css_peer_alive() is calling.
Time: 11/17/25 15:05:44.180 - DEBUG *** file /home/cubrid/work/cubrid/src/connection/tcp.c, line 1470
The css_peer_alive() is calling.
Time: 11/17/25 15:05:49.185 - DEBUG *** file /home/cubrid/work/cubrid/src/connection/tcp.c, line 1470
The css_peer_alive() is calling.
Time: 11/17/25 15:05:54.190 - DEBUG *** file /home/cubrid/work/cubrid/src/connection/tcp.c, line 1470
The css_peer_alive() is calling.
Time: 11/17/25 15:05:59.195 - DEBUG *** file /home/cubrid/work/cubrid/src/connection/tcp.c, line 1470
The css_peer_alive() is calling.
Time: 11/17/25 15:06:04.198 - DEBUG *** file /home/cubrid/work/cubrid/src/connection/tcp.c, line 1470
The css_peer_alive() is calling.
Time: 11/17/25 15:06:09.198 - DEBUG *** file /home/cubrid/work/cubrid/src/connection/tcp.c, line 1470
The css_peer_alive() is calling.
Time: 11/17/25 15:06:14.203 - DEBUG *** file /home/cubrid/work/cubrid/src/connection/tcp.c, line 1470
The css_peer_alive() is calling.
Time: 11/17/25 15:06:19.207 - DEBUG *** file /home/cubrid/work/cubrid/src/connection/tcp.c, line 1470
The css_peer_alive() is calling.
Time: 11/17/25 15:06:24.211 - DEBUG *** file /home/cubrid/work/cubrid/src/connection/tcp.c, line 1470
The css_peer_alive() is calling.
Time: 11/17/25 15:06:29.216 - DEBUG *** file /home/cubrid/work/cubrid/src/connection/tcp.c, line 1470
The css_peer_alive() is calling.
Time: 11/17/25 15:06:34.218 - DEBUG *** file /home/cubrid/work/cubrid/src/connection/tcp.c, line 1470
The css_peer_alive() is calling.
Time: 11/17/25 15:06:39.223 - DEBUG *** file /home/cubrid/work/cubrid/src/connection/tcp.c, line 1470
The css_peer_alive() is calling.
Time: 11/17/25 15:06:44.223 - DEBUG *** file /home/cubrid/work/cubrid/src/connection/tcp.c, line 1470
The css_peer_alive() is calling.
Time: 11/17/25 15:06:49.225 - DEBUG *** file /home/cubrid/work/cubrid/src/connection/tcp.c, line 1470
The css_peer_alive() is calling.
Time: 11/17/25 15:06:54.230 - DEBUG *** file /home/cubrid/work/cubrid/src/connection/tcp.c, line 1470
The css_peer_alive() is calling.
Time: 11/17/25 15:06:59.231 - DEBUG *** file /home/cubrid/work/cubrid/src/connection/tcp.c, line 1470
The css_peer_alive() is calling.
Time: 11/17/25 15:07:04.233 - DEBUG *** file /home/cubrid/work/cubrid/src/connection/tcp.c, line 1470
The css_peer_alive() is calling.
Time: 11/17/25 15:07:09.234 - DEBUG *** file /home/cubrid/work/cubrid/src/connection/tcp.c, line 1470
The css_peer_alive() is calling.
Time: 11/17/25 15:07:14.239 - DEBUG *** file /home/cubrid/work/cubrid/src/connection/tcp.c, line 1470
The css_peer_alive() is calling.
Time: 11/17/25 15:07:19.244 - DEBUG *** file /home/cubrid/work/cubrid/src/connection/tcp.c, line 1470
The css_peer_alive() is calling.
Time: 11/17/25 15:07:24.248 - DEBUG *** file /home/cubrid/work/cubrid/src/connection/tcp.c, line 1470
The css_peer_alive() is calling.
Time: 11/17/25 15:07:29.250 - DEBUG *** file /home/cubrid/work/cubrid/src/connection/tcp.c, line 1470
The css_peer_alive() is calling.
Time: 11/17/25 15:07:34.255 - DEBUG *** file /home/cubrid/work/cubrid/src/connection/tcp.c, line 1470
The css_peer_alive() is calling.
Time: 11/17/25 15:07:39.260 - DEBUG *** file /home/cubrid/work/cubrid/src/connection/tcp.c, line 1470
The css_peer_alive() is calling.
Time: 11/17/25 15:07:44.262 - DEBUG *** file /home/cubrid/work/cubrid/src/connection/tcp.c, line 1470
The css_peer_alive() is calling.
Time: 11/17/25 15:07:49.264 - DEBUG *** file /home/cubrid/work/cubrid/src/connection/tcp.c, line 1470
The css_peer_alive() is calling.
Time: 11/17/25 15:07:54.265 - DEBUG *** file /home/cubrid/work/cubrid/src/connection/tcp.c, line 1470
The css_peer_alive() is calling.
Time: 11/17/25 15:07:59.269 - DEBUG *** file /home/cubrid/work/cubrid/src/connection/tcp.c, line 1470
The css_peer_alive() is calling.
Time: 11/17/25 15:08:04.274 - DEBUG *** file /home/cubrid/work/cubrid/src/connection/tcp.c, line 1470
The css_peer_alive() is calling.
Time: 11/17/25 15:08:09.279 - DEBUG *** file /home/cubrid/work/cubrid/src/connection/tcp.c, line 1470
The css_peer_alive() is calling.
Time: 11/17/25 15:08:14.284 - DEBUG *** file /home/cubrid/work/cubrid/src/connection/tcp.c, line 1470
The css_peer_alive() is calling.
Time: 11/17/25 15:08:19.288 - DEBUG *** file /home/cubrid/work/cubrid/src/connection/tcp.c, line 1470
The css_peer_alive() is calling.
Time: 11/17/25 15:08:24.292 - DEBUG *** file /home/cubrid/work/cubrid/src/connection/tcp.c, line 1470
The css_peer_alive() is calling.
Time: 11/17/25 15:08:29.293 - DEBUG *** file /home/cubrid/work/cubrid/src/connection/tcp.c, line 1470
The css_peer_alive() is calling.
Time: 11/17/25 15:08:34.294 - DEBUG *** file /home/cubrid/work/cubrid/src/connection/tcp.c, line 1470
The css_peer_alive() is calling.
Time: 11/17/25 15:08:39.299 - DEBUG *** file /home/cubrid/work/cubrid/src/connection/tcp.c, line 1470
The css_peer_alive() is calling.
Time: 11/17/25 15:08:44.303 - DEBUG *** file /home/cubrid/work/cubrid/src/connection/tcp.c, line 1470
The css_peer_alive() is calling.
Time: 11/17/25 15:08:49.304 - DEBUG *** file /home/cubrid/work/cubrid/src/connection/tcp.c, line 1470
The css_peer_alive() is calling.
Time: 11/17/25 15:08:54.309 - DEBUG *** file /home/cubrid/work/cubrid/src/connection/tcp.c, line 1470
The css_peer_alive() is calling.
Time: 11/17/25 15:08:59.309 - DEBUG *** file /home/cubrid/work/cubrid/src/connection/tcp.c, line 1470
The css_peer_alive() is calling.
Time: 11/17/25 15:09:04.314 - DEBUG *** file /home/cubrid/work/cubrid/src/connection/tcp.c, line 1470
The css_peer_alive() is calling.
Time: 11/17/25 15:09:09.316 - DEBUG *** file /home/cubrid/work/cubrid/src/connection/tcp.c, line 1470
The css_peer_alive() is calling.
Time: 11/17/25 15:09:14.319 - DEBUG *** file /home/cubrid/work/cubrid/src/connection/tcp.c, line 1470
The css_peer_alive() is calling.
Time: 11/17/25 15:09:19.321 - DEBUG *** file /home/cubrid/work/cubrid/src/connection/tcp.c, line 1470
The css_peer_alive() is calling.
Time: 11/17/25 15:09:24.323 - DEBUG *** file /home/cubrid/work/cubrid/src/connection/tcp.c, line 1470
The css_peer_alive() is calling.
Time: 11/17/25 15:09:29.326 - DEBUG *** file /home/cubrid/work/cubrid/src/connection/tcp.c, line 1470
The css_peer_alive() is calling.
Time: 11/17/25 15:09:34.330 - DEBUG *** file /home/cubrid/work/cubrid/src/connection/tcp.c, line 1470
The css_peer_alive() is calling.
Time: 11/17/25 15:09:39.335 - DEBUG *** file /home/cubrid/work/cubrid/src/connection/tcp.c, line 1470
The css_peer_alive() is calling.
Time: 11/17/25 15:09:44.340 - DEBUG *** file /home/cubrid/work/cubrid/src/connection/tcp.c, line 1470
The css_peer_alive() is calling.
Time: 11/17/25 15:09:49.342 - DEBUG *** file /home/cubrid/work/cubrid/src/connection/tcp.c, line 1470
The css_peer_alive() is calling.
Time: 11/17/25 15:09:54.346 - DEBUG *** file /home/cubrid/work/cubrid/src/connection/tcp.c, line 1470
The css_peer_alive() is calling.
Time: 11/17/25 15:09:59.348 - DEBUG *** file /home/cubrid/work/cubrid/src/connection/tcp.c, line 1470
The css_peer_alive() is calling.
Time: 11/17/25 15:10:04.351 - DEBUG *** file /home/cubrid/work/cubrid/src/connection/tcp.c, line 1470
The css_peer_alive() is calling.
Time: 11/17/25 15:10:09.354 - DEBUG *** file /home/cubrid/work/cubrid/src/connection/tcp.c, line 1470
The css_peer_alive() is calling.
Time: 11/17/25 15:10:14.359 - DEBUG *** file /home/cubrid/work/cubrid/src/connection/tcp.c, line 1470
The css_peer_alive() is calling.
Time: 11/17/25 15:10:19.364 - DEBUG *** file /home/cubrid/work/cubrid/src/connection/tcp.c, line 1470
The css_peer_alive() is calling.
Time: 11/17/25 15:10:24.369 - DEBUG *** file /home/cubrid/work/cubrid/src/connection/tcp.c, line 1470
The css_peer_alive() is calling.
Time: 11/17/25 15:10:29.374 - DEBUG *** file /home/cubrid/work/cubrid/src/connection/tcp.c, line 1470
The css_peer_alive() is calling.
Time: 11/17/25 15:10:34.379 - DEBUG *** file /home/cubrid/work/cubrid/src/connection/tcp.c, line 1470
The css_peer_alive() is calling.
Time: 11/17/25 15:10:39.384 - DEBUG *** file /home/cubrid/work/cubrid/src/connection/tcp.c, line 1470
The css_peer_alive() is calling.
Time: 11/17/25 15:10:44.389 - DEBUG *** file /home/cubrid/work/cubrid/src/connection/tcp.c, line 1470
The css_peer_alive() is calling.
Time: 11/17/25 15:10:49.394 - DEBUG *** file /home/cubrid/work/cubrid/src/connection/tcp.c, line 1470
The css_peer_alive() is calling.
Time: 11/17/25 15:10:54.399 - DEBUG *** file /home/cubrid/work/cubrid/src/connection/tcp.c, line 1470
The css_peer_alive() is calling.
Time: 11/17/25 15:10:59.404 - DEBUG *** file /home/cubrid/work/cubrid/src/connection/tcp.c, line 1470
The css_peer_alive() is calling.
Time: 11/17/25 15:11:04.409 - DEBUG *** file /home/cubrid/work/cubrid/src/connection/tcp.c, line 1470
The css_peer_alive() is calling.
Time: 11/17/25 15:11:09.414 - DEBUG *** file /home/cubrid/work/cubrid/src/connection/tcp.c, line 1470
The css_peer_alive() is calling.
Time: 11/17/25 15:11:14.419 - DEBUG *** file /home/cubrid/work/cubrid/src/connection/tcp.c, line 1470
The css_peer_alive() is calling.
Time: 11/17/25 15:11:19.424 - DEBUG *** file /home/cubrid/work/cubrid/src/connection/tcp.c, line 1470
The css_peer_alive() is calling.
Time: 11/17/25 15:11:24.429 - DEBUG *** file /home/cubrid/work/cubrid/src/connection/tcp.c, line 1470
The css_peer_alive() is calling.
Time: 11/17/25 15:11:29.434 - DEBUG *** file /home/cubrid/work/cubrid/src/connection/tcp.c, line 1470
The css_peer_alive() is calling.
Time: 11/17/25 15:11:34.439 - DEBUG *** file /home/cubrid/work/cubrid/src/connection/tcp.c, line 1470
The css_peer_alive() is calling.
Time: 11/17/25 15:11:39.444 - DEBUG *** file /home/cubrid/work/cubrid/src/connection/tcp.c, line 1470
The css_peer_alive() is calling.
Time: 11/17/25 15:11:44.449 - DEBUG *** file /home/cubrid/work/cubrid/src/connection/tcp.c, line 1470
The css_peer_alive() is calling.
Time: 11/17/25 15:11:49.454 - DEBUG *** file /home/cubrid/work/cubrid/src/connection/tcp.c, line 1470
The css_peer_alive() is calling.
Time: 11/17/25 15:11:54.459 - DEBUG *** file /home/cubrid/work/cubrid/src/connection/tcp.c, line 1470
The css_peer_alive() is calling.
Time: 11/17/25 15:11:59.464 - DEBUG *** file /home/cubrid/work/cubrid/src/connection/tcp.c, line 1470
The css_peer_alive() is calling.
Time: 11/17/25 15:12:04.469 - DEBUG *** file /home/cubrid/work/cubrid/src/connection/tcp.c, line 1470
The css_peer_alive() is calling.
Time: 11/17/25 15:12:09.474 - DEBUG *** file /home/cubrid/work/cubrid/src/connection/tcp.c, line 1470
The css_peer_alive() is calling.
Time: 11/17/25 15:12:14.479 - DEBUG *** file /home/cubrid/work/cubrid/src/connection/tcp.c, line 1470
The css_peer_alive() is calling.
Time: 11/17/25 15:12:19.484 - DEBUG *** file /home/cubrid/work/cubrid/src/connection/tcp.c, line 1470
The css_peer_alive() is calling.
Time: 11/17/25 15:12:24.489 - DEBUG *** file /home/cubrid/work/cubrid/src/connection/tcp.c, line 1470
The css_peer_alive() is calling.
Time: 11/17/25 15:12:29.494 - DEBUG *** file /home/cubrid/work/cubrid/src/connection/tcp.c, line 1470
The css_peer_alive() is calling.
Time: 11/17/25 15:12:34.499 - DEBUG *** file /home/cubrid/work/cubrid/src/connection/tcp.c, line 1470
The css_peer_alive() is calling.
Time: 11/17/25 15:12:39.504 - DEBUG *** file /home/cubrid/work/cubrid/src/connection/tcp.c, line 1470
The css_peer_alive() is calling.
Time: 11/17/25 15:12:44.506 - DEBUG *** file /home/cubrid/work/cubrid/src/connection/tcp.c, line 1470
The css_peer_alive() is calling.
Time: 11/17/25 15:12:49.510 - DEBUG *** file /home/cubrid/work/cubrid/src/connection/tcp.c, line 1470
The css_peer_alive() is calling.
Time: 11/17/25 15:12:54.515 - DEBUG *** file /home/cubrid/work/cubrid/src/connection/tcp.c, line 1470
The css_peer_alive() is calling.
Time: 11/17/25 15:12:59.520 - DEBUG *** file /home/cubrid/work/cubrid/src/connection/tcp.c, line 1470
The css_peer_alive() is calling.
Time: 11/17/25 15:13:04.525 - DEBUG *** file /home/cubrid/work/cubrid/src/connection/tcp.c, line 1470
The css_peer_alive() is calling.
Time: 11/17/25 15:13:09.530 - DEBUG *** file /home/cubrid/work/cubrid/src/connection/tcp.c, line 1470
The css_peer_alive() is calling.
Time: 11/17/25 15:13:14.534 - DEBUG *** file /home/cubrid/work/cubrid/src/connection/tcp.c, line 1470
The css_peer_alive() is calling.
Time: 11/17/25 15:13:19.539 - DEBUG *** file /home/cubrid/work/cubrid/src/connection/tcp.c, line 1470
The css_peer_alive() is calling.
Time: 11/17/25 15:13:24.544 - DEBUG *** file /home/cubrid/work/cubrid/src/connection/tcp.c, line 1470
The css_peer_alive() is calling.
Time: 11/17/25 15:13:29.549 - DEBUG *** file /home/cubrid/work/cubrid/src/connection/tcp.c, line 1470
The css_peer_alive() is calling.
Time: 11/17/25 15:13:34.554 - DEBUG *** file /home/cubrid/work/cubrid/src/connection/tcp.c, line 1470
The css_peer_alive() is calling.
Time: 11/17/25 15:13:39.559 - DEBUG *** file /home/cubrid/work/cubrid/src/connection/tcp.c, line 1470
The css_peer_alive() is calling.
Time: 11/17/25 15:13:44.564 - DEBUG *** file /home/cubrid/work/cubrid/src/connection/tcp.c, line 1470
The css_peer_alive() is calling.
Time: 11/17/25 15:13:49.569 - DEBUG *** file /home/cubrid/work/cubrid/src/connection/tcp.c, line 1470
The css_peer_alive() is calling.
Time: 11/17/25 15:13:54.574 - DEBUG *** file /home/cubrid/work/cubrid/src/connection/tcp.c, line 1470
The css_peer_alive() is calling.
Time: 11/17/25 15:13:59.579 - DEBUG *** file /home/cubrid/work/cubrid/src/connection/tcp.c, line 1470
The css_peer_alive() is calling.
Time: 11/17/25 15:14:04.584 - DEBUG *** file /home/cubrid/work/cubrid/src/connection/tcp.c, line 1470
The css_peer_alive() is calling.
Time: 11/17/25 15:14:09.589 - DEBUG *** file /home/cubrid/work/cubrid/src/connection/tcp.c, line 1470
The css_peer_alive() is calling.
Time: 11/17/25 15:14:14.594 - DEBUG *** file /home/cubrid/work/cubrid/src/connection/tcp.c, line 1470
The css_peer_alive() is calling.
Time: 11/17/25 15:14:19.599 - DEBUG *** file /home/cubrid/work/cubrid/src/connection/tcp.c, line 1470
The css_peer_alive() is calling.
Time: 11/17/25 15:14:24.604 - DEBUG *** file /home/cubrid/work/cubrid/src/connection/tcp.c, line 1470
The css_peer_alive() is calling.
Time: 11/17/25 15:14:29.609 - DEBUG *** file /home/cubrid/work/cubrid/src/connection/tcp.c, line 1470
The css_peer_alive() is calling.
Time: 11/17/25 15:14:34.614 - DEBUG *** file /home/cubrid/work/cubrid/src/connection/tcp.c, line 1470
The css_peer_alive() is calling.
Time: 11/17/25 15:14:39.619 - DEBUG *** file /home/cubrid/work/cubrid/src/connection/tcp.c, line 1470
The css_peer_alive() is calling.
Time: 11/17/25 15:14:44.624 - DEBUG *** file /home/cubrid/work/cubrid/src/connection/tcp.c, line 1470
The css_peer_alive() is calling.
Time: 11/17/25 15:14:49.625 - DEBUG *** file /home/cubrid/work/cubrid/src/connection/tcp.c, line 1470
The css_peer_alive() is calling.
Time: 11/17/25 15:14:54.629 - DEBUG *** file /home/cubrid/work/cubrid/src/connection/tcp.c, line 1470
The css_peer_alive() is calling.
Time: 11/17/25 15:14:59.634 - DEBUG *** file /home/cubrid/work/cubrid/src/connection/tcp.c, line 1470
The css_peer_alive() is calling.
Time: 11/17/25 15:15:04.639 - DEBUG *** file /home/cubrid/work/cubrid/src/connection/tcp.c, line 1470
The css_peer_alive() is calling.
Time: 11/17/25 15:15:09.646 - DEBUG *** file /home/cubrid/work/cubrid/src/connection/tcp.c, line 1470
The css_peer_alive() is calling.
Time: 11/17/25 15:15:14.650 - DEBUG *** file /home/cubrid/work/cubrid/src/connection/tcp.c, line 1470
The css_peer_alive() is calling.
Time: 11/17/25 15:15:19.655 - DEBUG *** file /home/cubrid/work/cubrid/src/connection/tcp.c, line 1470
The css_peer_alive() is calling.
Time: 11/17/25 15:15:24.660 - DEBUG *** file /home/cubrid/work/cubrid/src/connection/tcp.c, line 1470
The css_peer_alive() is calling.
Time: 11/17/25 15:15:29.665 - DEBUG *** file /home/cubrid/work/cubrid/src/connection/tcp.c, line 1470
The css_peer_alive() is calling.
Time: 11/17/25 15:15:34.670 - DEBUG *** file /home/cubrid/work/cubrid/src/connection/tcp.c, line 1470
The css_peer_alive() is calling.
Time: 11/17/25 15:15:39.675 - DEBUG *** file /home/cubrid/work/cubrid/src/connection/tcp.c, line 1470
The css_peer_alive() is calling.
Time: 11/17/25 15:15:44.681 - DEBUG *** file /home/cubrid/work/cubrid/src/connection/tcp.c, line 1470
The css_peer_alive() is calling.
Time: 11/17/25 15:15:49.685 - DEBUG *** file /home/cubrid/work/cubrid/src/connection/tcp.c, line 1470
The css_peer_alive() is calling.
Time: 11/17/25 15:15:54.690 - DEBUG *** file /home/cubrid/work/cubrid/src/connection/tcp.c, line 1470
The css_peer_alive() is calling.
Time: 11/17/25 15:15:59.695 - DEBUG *** file /home/cubrid/work/cubrid/src/connection/tcp.c, line 1470
The css_peer_alive() is calling.
Time: 11/17/25 15:16:04.700 - DEBUG *** file /home/cubrid/work/cubrid/src/connection/tcp.c, line 1470
The css_peer_alive() is calling.
Time: 11/17/25 15:16:09.705 - DEBUG *** file /home/cubrid/work/cubrid/src/connection/tcp.c, line 1470
The css_peer_alive() is calling.
Time: 11/17/25 15:16:14.710 - DEBUG *** file /home/cubrid/work/cubrid/src/connection/tcp.c, line 1470
The css_peer_alive() is calling.
Time: 11/17/25 15:17:53.120 - DEBUG *** file /home/cubrid/work/cubrid/src/connection/tcp.c, line 1470
The css_peer_alive() is calling.
Time: 11/17/25 15:17:58.122 - DEBUG *** file /home/cubrid/work/cubrid/src/connection/tcp.c, line 1470
The css_peer_alive() is calling.
Time: 11/17/25 15:18:03.127 - DEBUG *** file /home/cubrid/work/cubrid/src/connection/tcp.c, line 1470
The css_peer_alive() is calling.
Time: 11/17/25 15:18:08.132 - DEBUG *** file /home/cubrid/work/cubrid/src/connection/tcp.c, line 1470
The css_peer_alive() is calling.
Time: 11/17/25 15:18:13.132 - DEBUG *** file /home/cubrid/work/cubrid/src/connection/tcp.c, line 1470
The css_peer_alive() is calling.
Time: 11/17/25 15:18:18.137 - DEBUG *** file /home/cubrid/work/cubrid/src/connection/tcp.c, line 1470
The css_peer_alive() is calling.
Time: 11/17/25 15:18:23.142 - DEBUG *** file /home/cubrid/work/cubrid/src/connection/tcp.c, line 1470
The css_peer_alive() is calling.
Time: 11/17/25 15:18:28.147 - DEBUG *** file /home/cubrid/work/cubrid/src/connection/tcp.c, line 1470
The css_peer_alive() is calling.
Time: 11/17/25 15:18:33.152 - DEBUG *** file /home/cubrid/work/cubrid/src/connection/tcp.c, line 1470
The css_peer_alive() is calling.
Time: 11/17/25 15:18:38.157 - DEBUG *** file /home/cubrid/work/cubrid/src/connection/tcp.c, line 1470
The css_peer_alive() is calling.
Time: 11/17/25 15:18:43.162 - DEBUG *** file /home/cubrid/work/cubrid/src/connection/tcp.c, line 1470
The css_peer_alive() is calling.
Time: 11/17/25 15:18:48.165 - DEBUG *** file /home/cubrid/work/cubrid/src/connection/tcp.c, line 1470
The css_peer_alive() is calling.
Time: 11/17/25 15:18:53.166 - DEBUG *** file /home/cubrid/work/cubrid/src/connection/tcp.c, line 1470
The css_peer_alive() is calling.
Time: 11/17/25 15:18:58.171 - DEBUG *** file /home/cubrid/work/cubrid/src/connection/tcp.c, line 1470
The css_peer_alive() is calling.
Time: 11/17/25 15:19:03.176 - DEBUG *** file /home/cubrid/work/cubrid/src/connection/tcp.c, line 1470
The css_peer_alive() is calling.
Time: 11/17/25 15:19:08.179 - DEBUG *** file /home/cubrid/work/cubrid/src/connection/tcp.c, line 1470
The css_peer_alive() is calling.
Time: 11/17/25 15:19:13.184 - DEBUG *** file /home/cubrid/work/cubrid/src/connection/tcp.c, line 1470
The css_peer_alive() is calling.
Time: 11/17/25 15:19:18.190 - DEBUG *** file /home/cubrid/work/cubrid/src/connection/tcp.c, line 1470
The css_peer_alive() is calling.
Time: 11/17/25 15:19:23.194 - DEBUG *** file /home/cubrid/work/cubrid/src/connection/tcp.c, line 1470
The css_peer_alive() is calling.
Time: 11/17/25 15:19:28.199 - DEBUG *** file /home/cubrid/work/cubrid/src/connection/tcp.c, line 1470
The css_peer_alive() is calling.
Time: 11/17/25 15:19:33.204 - DEBUG *** file /home/cubrid/work/cubrid/src/connection/tcp.c, line 1470
The css_peer_alive() is calling.
Time: 11/17/25 15:19:38.209 - DEBUG *** file /home/cubrid/work/cubrid/src/connection/tcp.c, line 1470
The css_peer_alive() is calling.
Time: 11/17/25 15:19:43.214 - DEBUG *** file /home/cubrid/work/cubrid/src/connection/tcp.c, line 1470
The css_peer_alive() is calling.
Time: 11/17/25 15:19:48.218 - DEBUG *** file /home/cubrid/work/cubrid/src/connection/tcp.c, line 1470
The css_peer_alive() is calling.
Time: 11/17/25 15:19:53.223 - DEBUG *** file /home/cubrid/work/cubrid/src/connection/tcp.c, line 1470
The css_peer_alive() is calling.
Time: 11/17/25 15:19:58.228 - DEBUG *** file /home/cubrid/work/cubrid/src/connection/tcp.c, line 1470
The css_peer_alive() is calling.
Time: 11/17/25 15:20:03.234 - DEBUG *** file /home/cubrid/work/cubrid/src/connection/tcp.c, line 1470
The css_peer_alive() is calling.
Time: 11/17/25 15:20:08.239 - DEBUG *** file /home/cubrid/work/cubrid/src/connection/tcp.c, line 1470
The css_peer_alive() is calling.
Time: 11/17/25 15:20:13.244 - DEBUG *** file /home/cubrid/work/cubrid/src/connection/tcp.c, line 1470
The css_peer_alive() is calling.
Time: 11/17/25 15:20:18.249 - DEBUG *** file /home/cubrid/work/cubrid/src/connection/tcp.c, line 1470
The css_peer_alive() is calling.
Time: 11/17/25 15:20:23.254 - DEBUG *** file /home/cubrid/work/cubrid/src/connection/tcp.c, line 1470
The css_peer_alive() is calling.
Time: 11/17/25 15:20:28.259 - DEBUG *** file /home/cubrid/work/cubrid/src/connection/tcp.c, line 1470
The css_peer_alive() is calling.
Time: 11/17/25 15:20:33.264 - DEBUG *** file /home/cubrid/work/cubrid/src/connection/tcp.c, line 1470
The css_peer_alive() is calling.
Time: 11/17/25 15:20:38.269 - DEBUG *** file /home/cubrid/work/cubrid/src/connection/tcp.c, line 1470
The css_peer_alive() is calling.
Time: 11/17/25 15:20:43.275 - DEBUG *** file /home/cubrid/work/cubrid/src/connection/tcp.c, line 1470
The css_peer_alive() is calling.
Time: 11/17/25 15:20:48.280 - DEBUG *** file /home/cubrid/work/cubrid/src/connection/tcp.c, line 1470
The css_peer_alive() is calling.
Time: 11/17/25 15:20:53.285 - DEBUG *** file /home/cubrid/work/cubrid/src/connection/tcp.c, line 1470
The css_peer_alive() is calling.
Time: 11/17/25 15:20:58.290 - DEBUG *** file /home/cubrid/work/cubrid/src/connection/tcp.c, line 1470
The css_peer_alive() is calling.
Time: 11/17/25 15:21:03.295 - DEBUG *** file /home/cubrid/work/cubrid/src/connection/tcp.c, line 1470
The css_peer_alive() is calling.
Time: 11/17/25 15:21:08.300 - DEBUG *** file /home/cubrid/work/cubrid/src/connection/tcp.c, line 1470
The css_peer_alive() is calling.
Time: 11/17/25 15:21:13.305 - DEBUG *** file /home/cubrid/work/cubrid/src/connection/tcp.c, line 1470
The css_peer_alive() is calling.
Time: 11/17/25 15:21:18.310 - DEBUG *** file /home/cubrid/work/cubrid/src/connection/tcp.c, line 1470
The css_peer_alive() is calling.
Time: 11/17/25 15:21:23.316 - DEBUG *** file /home/cubrid/work/cubrid/src/connection/tcp.c, line 1470
The css_peer_alive() is calling.
Time: 11/17/25 15:21:28.321 - DEBUG *** file /home/cubrid/work/cubrid/src/connection/tcp.c, line 1470
The css_peer_alive() is calling.
Time: 11/17/25 15:21:33.323 - DEBUG *** file /home/cubrid/work/cubrid/src/connection/tcp.c, line 1470
The css_peer_alive() is calling.
Time: 11/17/25 15:21:38.328 - DEBUG *** file /home/cubrid/work/cubrid/src/connection/tcp.c, line 1470
The css_peer_alive() is calling.
Time: 11/17/25 15:21:43.333 - DEBUG *** file /home/cubrid/work/cubrid/src/connection/tcp.c, line 1470
The css_peer_alive() is calling.
Time: 11/17/25 15:21:48.338 - DEBUG *** file /home/cubrid/work/cubrid/src/connection/tcp.c, line 1470
The css_peer_alive() is calling.
Time: 11/17/25 15:21:53.342 - DEBUG *** file /home/cubrid/work/cubrid/src/connection/tcp.c, line 1470
The css_peer_alive() is calling.
Time: 11/17/25 15:21:58.344 - DEBUG *** file /home/cubrid/work/cubrid/src/connection/tcp.c, line 1470
The css_peer_alive() is calling.
Time: 11/17/25 15:22:03.349 - DEBUG *** file /home/cubrid/work/cubrid/src/connection/tcp.c, line 1470
The css_peer_alive() is calling.
Time: 11/17/25 15:22:08.352 - DEBUG *** file /home/cubrid/work/cubrid/src/connection/tcp.c, line 1470
The css_peer_alive() is calling.
Time: 11/17/25 15:22:13.357 - DEBUG *** file /home/cubrid/work/cubrid/src/connection/tcp.c, line 1470
The css_peer_alive() is calling.
Time: 11/17/25 15:22:18.362 - DEBUG *** file /home/cubrid/work/cubrid/src/connection/tcp.c, line 1470
The css_peer_alive() is calling.
Time: 11/17/25 15:22:23.367 - DEBUG *** file /home/cubrid/work/cubrid/src/connection/tcp.c, line 1470
The css_peer_alive() is calling.
Time: 11/17/25 15:22:28.368 - DEBUG *** file /home/cubrid/work/cubrid/src/connection/tcp.c, line 1470
The css_peer_alive() is calling.
Time: 11/17/25 15:22:33.371 - DEBUG *** file /home/cubrid/work/cubrid/src/connection/tcp.c, line 1470
The css_peer_alive() is calling.
Time: 11/17/25 15:22:38.373 - DEBUG *** file /home/cubrid/work/cubrid/src/connection/tcp.c, line 1470
The css_peer_alive() is calling.
Time: 11/17/25 15:22:43.377 - DEBUG *** file /home/cubrid/work/cubrid/src/connection/tcp.c, line 1470
The css_peer_alive() is calling.
Time: 11/17/25 15:22:48.381 - DEBUG *** file /home/cubrid/work/cubrid/src/connection/tcp.c, line 1470
The css_peer_alive() is calling.
Time: 11/17/25 15:22:53.386 - DEBUG *** file /home/cubrid/work/cubrid/src/connection/tcp.c, line 1470
The css_peer_alive() is calling.
Time: 11/17/25 15:22:58.387 - DEBUG *** file /home/cubrid/work/cubrid/src/connection/tcp.c, line 1470
The css_peer_alive() is calling.
Time: 11/17/25 15:23:03.392 - DEBUG *** file /home/cubrid/work/cubrid/src/connection/tcp.c, line 1470
The css_peer_alive() is calling.
Time: 11/17/25 15:23:08.397 - DEBUG *** file /home/cubrid/work/cubrid/src/connection/tcp.c, line 1470
The css_peer_alive() is calling.
Time: 11/17/25 15:23:13.402 - DEBUG *** file /home/cubrid/work/cubrid/src/connection/tcp.c, line 1470
The css_peer_alive() is calling.
Time: 11/17/25 15:23:18.402 - DEBUG *** file /home/cubrid/work/cubrid/src/connection/tcp.c, line 1470
The css_peer_alive() is calling.
Time: 11/17/25 15:23:23.407 - DEBUG *** file /home/cubrid/work/cubrid/src/connection/tcp.c, line 1470
The css_peer_alive() is calling.
Time: 11/17/25 15:23:28.409 - DEBUG *** file /home/cubrid/work/cubrid/src/connection/tcp.c, line 1470
The css_peer_alive() is calling.
Time: 11/17/25 15:23:33.413 - DEBUG *** file /home/cubrid/work/cubrid/src/connection/tcp.c, line 1470
The css_peer_alive() is calling.
Time: 11/17/25 15:23:38.418 - DEBUG *** file /home/cubrid/work/cubrid/src/connection/tcp.c, line 1470
The css_peer_alive() is calling.
Time: 11/17/25 15:23:43.423 - DEBUG *** file /home/cubrid/work/cubrid/src/connection/tcp.c, line 1470
The css_peer_alive() is calling.
Time: 11/17/25 15:23:48.429 - DEBUG *** file /home/cubrid/work/cubrid/src/connection/tcp.c, line 1470
The css_peer_alive() is calling.
Time: 11/17/25 15:23:53.434 - DEBUG *** file /home/cubrid/work/cubrid/src/connection/tcp.c, line 1470
The css_peer_alive() is calling.
Time: 11/17/25 15:23:58.439 - DEBUG *** file /home/cubrid/work/cubrid/src/connection/tcp.c, line 1470
The css_peer_alive() is calling.
Time: 11/17/25 15:24:03.444 - DEBUG *** file /home/cubrid/work/cubrid/src/connection/tcp.c, line 1470
The css_peer_alive() is calling.
Time: 11/17/25 15:24:08.447 - DEBUG *** file /home/cubrid/work/cubrid/src/connection/tcp.c, line 1470
The css_peer_alive() is calling.
Time: 11/17/25 15:24:13.447 - DEBUG *** file /home/cubrid/work/cubrid/src/connection/tcp.c, line 1470
The css_peer_alive() is calling.
Time: 11/17/25 15:24:18.452 - DEBUG *** file /home/cubrid/work/cubrid/src/connection/tcp.c, line 1470
The css_peer_alive() is calling.
Time: 11/17/25 15:24:23.457 - DEBUG *** file /home/cubrid/work/cubrid/src/connection/tcp.c, line 1470
The css_peer_alive() is calling.
Time: 11/17/25 15:24:28.462 - DEBUG *** file /home/cubrid/work/cubrid/src/connection/tcp.c, line 1470
The css_peer_alive() is calling.
Time: 11/17/25 15:24:33.467 - DEBUG *** file /home/cubrid/work/cubrid/src/connection/tcp.c, line 1470
The css_peer_alive() is calling.
Time: 11/17/25 15:24:38.473 - DEBUG *** file /home/cubrid/work/cubrid/src/connection/tcp.c, line 1470
The css_peer_alive() is calling.
Time: 11/17/25 15:24:43.478 - DEBUG *** file /home/cubrid/work/cubrid/src/connection/tcp.c, line 1470
The css_peer_alive() is calling.
Time: 11/17/25 15:24:48.478 - DEBUG *** file /home/cubrid/work/cubrid/src/connection/tcp.c, line 1470
The css_peer_alive() is calling.
Time: 11/17/25 15:24:53.478 - DEBUG *** file /home/cubrid/work/cubrid/src/connection/tcp.c, line 1470
The css_peer_alive() is calling.
Time: 11/17/25 15:24:58.483 - DEBUG *** file /home/cubrid/work/cubrid/src/connection/tcp.c, line 1470
The css_peer_alive() is calling.
Time: 11/17/25 15:25:03.488 - DEBUG *** file /home/cubrid/work/cubrid/src/connection/tcp.c, line 1470
The css_peer_alive() is calling.
Time: 11/17/25 15:25:08.494 - DEBUG *** file /home/cubrid/work/cubrid/src/connection/tcp.c, line 1470
The css_peer_alive() is calling.
Time: 11/17/25 15:25:13.499 - DEBUG *** file /home/cubrid/work/cubrid/src/connection/tcp.c, line 1470
The css_peer_alive() is calling.
Time: 11/17/25 15:25:18.499 - DEBUG *** file /home/cubrid/work/cubrid/src/connection/tcp.c, line 1470
The css_peer_alive() is calling.
Time: 11/17/25 15:25:23.500 - DEBUG *** file /home/cubrid/work/cubrid/src/connection/tcp.c, line 1470
The css_peer_alive() is calling.
Time: 11/17/25 15:25:28.502 - DEBUG *** file /home/cubrid/work/cubrid/src/connection/tcp.c, line 1470
The css_peer_alive() is calling.
Time: 11/17/25 15:25:33.507 - DEBUG *** file /home/cubrid/work/cubrid/src/connection/tcp.c, line 1470
The css_peer_alive() is calling.
Time: 11/17/25 15:25:38.512 - DEBUG *** file /home/cubrid/work/cubrid/src/connection/tcp.c, line 1470
The css_peer_alive() is calling.
Time: 11/17/25 15:25:43.517 - DEBUG *** file /home/cubrid/work/cubrid/src/connection/tcp.c, line 1470
The css_peer_alive() is calling.
Time: 11/17/25 15:25:48.520 - DEBUG *** file /home/cubrid/work/cubrid/src/connection/tcp.c, line 1470
The css_peer_alive() is calling.
Time: 11/17/25 15:25:53.525 - DEBUG *** file /home/cubrid/work/cubrid/src/connection/tcp.c, line 1470
The css_peer_alive() is calling.
Time: 11/17/25 15:25:58.531 - DEBUG *** file /home/cubrid/work/cubrid/src/connection/tcp.c, line 1470
The css_peer_alive() is calling.
Time: 11/17/25 15:26:03.535 - DEBUG *** file /home/cubrid/work/cubrid/src/connection/tcp.c, line 1470
The css_peer_alive() is calling.
Time: 11/17/25 15:26:08.538 - DEBUG *** file /home/cubrid/work/cubrid/src/connection/tcp.c, line 1470
The css_peer_alive() is calling.
Time: 11/17/25 15:26:13.543 - DEBUG *** file /home/cubrid/work/cubrid/src/connection/tcp.c, line 1470
The css_peer_alive() is calling.
Time: 11/17/25 15:26:18.548 - DEBUG *** file /home/cubrid/work/cubrid/src/connection/tcp.c, line 1470
The css_peer_alive() is calling.
Time: 11/17/25 15:26:23.553 - DEBUG *** file /home/cubrid/work/cubrid/src/connection/tcp.c, line 1470
The css_peer_alive() is calling.
Time: 11/17/25 15:26:28.558 - DEBUG *** file /home/cubrid/work/cubrid/src/connection/tcp.c, line 1470
The css_peer_alive() is calling.
Time: 11/17/25 15:26:33.559 - DEBUG *** file /home/cubrid/work/cubrid/src/connection/tcp.c, line 1470
The css_peer_alive() is calling.
Time: 11/17/25 15:26:38.564 - DEBUG *** file /home/cubrid/work/cubrid/src/connection/tcp.c, line 1470
The css_peer_alive() is calling.
Time: 11/17/25 15:26:43.567 - DEBUG *** file /home/cubrid/work/cubrid/src/connection/tcp.c, line 1470
The css_peer_alive() is calling.
Time: 11/17/25 15:26:48.572 - DEBUG *** file /home/cubrid/work/cubrid/src/connection/tcp.c, line 1470
The css_peer_alive() is calling.
Time: 11/17/25 15:26:53.575 - DEBUG *** file /home/cubrid/work/cubrid/src/connection/tcp.c, line 1470
The css_peer_alive() is calling.
Time: 11/17/25 15:26:58.580 - DEBUG *** file /home/cubrid/work/cubrid/src/connection/tcp.c, line 1470
The css_peer_alive() is calling.
Time: 11/17/25 15:27:03.585 - DEBUG *** file /home/cubrid/work/cubrid/src/connection/tcp.c, line 1470
The css_peer_alive() is calling.
Time: 11/17/25 15:27:08.590 - DEBUG *** file /home/cubrid/work/cubrid/src/connection/tcp.c, line 1470
The css_peer_alive() is calling.
Time: 11/17/25 15:27:13.595 - DEBUG *** file /home/cubrid/work/cubrid/src/connection/tcp.c, line 1470
The css_peer_alive() is calling.
Time: 11/17/25 15:27:18.598 - DEBUG *** file /home/cubrid/work/cubrid/src/connection/tcp.c, line 1470
The css_peer_alive() is calling.
Time: 11/17/25 15:27:23.603 - DEBUG *** file /home/cubrid/work/cubrid/src/connection/tcp.c, line 1470
The css_peer_alive() is calling.
Time: 11/17/25 15:27:28.606 - DEBUG *** file /home/cubrid/work/cubrid/src/connection/tcp.c, line 1470
The css_peer_alive() is calling.
Time: 11/17/25 15:27:33.609 - DEBUG *** file /home/cubrid/work/cubrid/src/connection/tcp.c, line 1470
The css_peer_alive() is calling.
Time: 11/17/25 15:27:38.613 - DEBUG *** file /home/cubrid/work/cubrid/src/connection/tcp.c, line 1470
The css_peer_alive() is calling.
Time: 11/17/25 15:27:43.617 - DEBUG *** file /home/cubrid/work/cubrid/src/connection/tcp.c, line 1470
The css_peer_alive() is calling.
Time: 11/17/25 15:27:48.621 - DEBUG *** file /home/cubrid/work/cubrid/src/connection/tcp.c, line 1470
The css_peer_alive() is calling.
Time: 11/17/25 15:27:53.626 - DEBUG *** file /home/cubrid/work/cubrid/src/connection/tcp.c, line 1470
The css_peer_alive() is calling.
Time: 11/17/25 15:27:58.631 - DEBUG *** file /home/cubrid/work/cubrid/src/connection/tcp.c, line 1470
The css_peer_alive() is calling.
Time: 11/17/25 15:28:03.637 - DEBUG *** file /home/cubrid/work/cubrid/src/connection/tcp.c, line 1470
The css_peer_alive() is calling.
Time: 11/17/25 15:28:08.642 - DEBUG *** file /home/cubrid/work/cubrid/src/connection/tcp.c, line 1470
The css_peer_alive() is calling.
Time: 11/17/25 15:28:13.647 - DEBUG *** file /home/cubrid/work/cubrid/src/connection/tcp.c, line 1470
The css_peer_alive() is calling.
Time: 11/17/25 15:28:18.648 - DEBUG *** file /home/cubrid/work/cubrid/src/connection/tcp.c, line 1470
The css_peer_alive() is calling.
Time: 11/17/25 15:28:23.653 - DEBUG *** file /home/cubrid/work/cubrid/src/connection/tcp.c, line 1470
The css_peer_alive() is calling.
Time: 11/17/25 15:28:28.654 - DEBUG *** file /home/cubrid/work/cubrid/src/connection/tcp.c, line 1470
The css_peer_alive() is calling.
Time: 11/17/25 15:28:33.658 - DEBUG *** file /home/cubrid/work/cubrid/src/connection/tcp.c, line 1470
The css_peer_alive() is calling.
Time: 11/17/25 15:28:38.663 - DEBUG *** file /home/cubrid/work/cubrid/src/connection/tcp.c, line 1470
The css_peer_alive() is calling.
Time: 11/17/25 15:28:43.666 - DEBUG *** file /home/cubrid/work/cubrid/src/connection/tcp.c, line 1470
The css_peer_alive() is calling.
Time: 11/17/25 15:28:48.668 - DEBUG *** file /home/cubrid/work/cubrid/src/connection/tcp.c, line 1470
The css_peer_alive() is calling.
Time: 11/17/25 15:28:53.668 - DEBUG *** file /home/cubrid/work/cubrid/src/connection/tcp.c, line 1470
The css_peer_alive() is calling.
Time: 11/17/25 15:28:58.673 - DEBUG *** file /home/cubrid/work/cubrid/src/connection/tcp.c, line 1470
The css_peer_alive() is calling.
Time: 11/17/25 15:29:03.678 - DEBUG *** file /home/cubrid/work/cubrid/src/connection/tcp.c, line 1470
The css_peer_alive() is calling.
Time: 11/17/25 15:29:08.681 - DEBUG *** file /home/cubrid/work/cubrid/src/connection/tcp.c, line 1470
The css_peer_alive() is calling.
Time: 11/17/25 15:29:13.682 - DEBUG *** file /home/cubrid/work/cubrid/src/connection/tcp.c, line 1470
The css_peer_alive() is calling.
Time: 11/17/25 15:29:18.687 - DEBUG *** file /home/cubrid/work/cubrid/src/connection/tcp.c, line 1470
The css_peer_alive() is calling.
Time: 11/17/25 15:29:23.691 - DEBUG *** file /home/cubrid/work/cubrid/src/connection/tcp.c, line 1470
The css_peer_alive() is calling.
Time: 11/17/25 15:29:28.693 - DEBUG *** file /home/cubrid/work/cubrid/src/connection/tcp.c, line 1470
The css_peer_alive() is calling.
Time: 11/17/25 15:29:33.698 - DEBUG *** file /home/cubrid/work/cubrid/src/connection/tcp.c, line 1470
The css_peer_alive() is calling.
Time: 11/17/25 15:29:38.703 - DEBUG *** file /home/cubrid/work/cubrid/src/connection/tcp.c, line 1470
The css_peer_alive() is calling.
Time: 11/17/25 15:29:43.708 - DEBUG *** file /home/cubrid/work/cubrid/src/connection/tcp.c, line 1470
The css_peer_alive() is calling.
Time: 11/17/25 15:29:48.714 - DEBUG *** file /home/cubrid/work/cubrid/src/connection/tcp.c, line 1470
The css_peer_alive() is calling.
Time: 11/17/25 15:29:53.714 - DEBUG *** file /home/cubrid/work/cubrid/src/connection/tcp.c, line 1470
The css_peer_alive() is calling.
Time: 11/17/25 15:29:58.715 - DEBUG *** file /home/cubrid/work/cubrid/src/connection/tcp.c, line 1470
The css_peer_alive() is calling.
Time: 11/17/25 15:30:03.720 - DEBUG *** file /home/cubrid/work/cubrid/src/connection/tcp.c, line 1470
The css_peer_alive() is calling.
Time: 11/17/25 15:30:08.724 - DEBUG *** file /home/cubrid/work/cubrid/src/connection/tcp.c, line 1470
The css_peer_alive() is calling.
Time: 11/17/25 15:30:13.726 - DEBUG *** file /home/cubrid/work/cubrid/src/connection/tcp.c, line 1470
The css_peer_alive() is calling.
Time: 11/17/25 15:30:18.727 - DEBUG *** file /home/cubrid/work/cubrid/src/connection/tcp.c, line 1470
The css_peer_alive() is calling.
Time: 11/17/25 15:30:23.729 - DEBUG *** file /home/cubrid/work/cubrid/src/connection/tcp.c, line 1470
The css_peer_alive() is calling.
Time: 11/17/25 15:30:28.731 - DEBUG *** file /home/cubrid/work/cubrid/src/connection/tcp.c, line 1470
The css_peer_alive() is calling.
Time: 11/17/25 15:30:33.736 - DEBUG *** file /home/cubrid/work/cubrid/src/connection/tcp.c, line 1470
The css_peer_alive() is calling.
Time: 11/17/25 15:30:38.738 - DEBUG *** file /home/cubrid/work/cubrid/src/connection/tcp.c, line 1470
The css_peer_alive() is calling.
Time: 11/17/25 15:30:43.743 - DEBUG *** file /home/cubrid/work/cubrid/src/connection/tcp.c, line 1470
The css_peer_alive() is calling.
Time: 11/17/25 15:30:48.749 - DEBUG *** file /home/cubrid/work/cubrid/src/connection/tcp.c, line 1470
The css_peer_alive() is calling.
Time: 11/17/25 15:30:53.752 - DEBUG *** file /home/cubrid/work/cubrid/src/connection/tcp.c, line 1470
The css_peer_alive() is calling.
Time: 11/17/25 15:30:58.752 - DEBUG *** file /home/cubrid/work/cubrid/src/connection/tcp.c, line 1470
The css_peer_alive() is calling.
Time: 11/17/25 15:31:03.753 - DEBUG *** file /home/cubrid/work/cubrid/src/connection/tcp.c, line 1470
The css_peer_alive() is calling.
Time: 11/17/25 15:31:08.758 - DEBUG *** file /home/cubrid/work/cubrid/src/connection/tcp.c, line 1470
The css_peer_alive() is calling.
Time: 11/17/25 15:31:13.763 - DEBUG *** file /home/cubrid/work/cubrid/src/connection/tcp.c, line 1470
The css_peer_alive() is calling.
Time: 11/17/25 15:31:18.768 - DEBUG *** file /home/cubrid/work/cubrid/src/connection/tcp.c, line 1470
The css_peer_alive() is calling.
Time: 11/17/25 15:31:23.773 - DEBUG *** file /home/cubrid/work/cubrid/src/connection/tcp.c, line 1470
The css_peer_alive() is calling.
Time: 11/17/25 15:31:28.778 - DEBUG *** file /home/cubrid/work/cubrid/src/connection/tcp.c, line 1470
The css_peer_alive() is calling.
Time: 11/17/25 15:31:33.784 - DEBUG *** file /home/cubrid/work/cubrid/src/connection/tcp.c, line 1470
The css_peer_alive() is calling.
Time: 11/17/25 15:31:38.789 - DEBUG *** file /home/cubrid/work/cubrid/src/connection/tcp.c, line 1470
The css_peer_alive() is calling.
Time: 11/17/25 15:31:43.792 - DEBUG *** file /home/cubrid/work/cubrid/src/connection/tcp.c, line 1470
The css_peer_alive() is calling.
Time: 11/17/25 15:31:48.797 - DEBUG *** file /home/cubrid/work/cubrid/src/connection/tcp.c, line 1470
The css_peer_alive() is calling.
Time: 11/17/25 15:31:53.802 - DEBUG *** file /home/cubrid/work/cubrid/src/connection/tcp.c, line 1470
The css_peer_alive() is calling.
Time: 11/17/25 15:31:58.805 - DEBUG *** file /home/cubrid/work/cubrid/src/connection/tcp.c, line 1470
The css_peer_alive() is calling.
Time: 11/17/25 15:32:03.809 - DEBUG *** file /home/cubrid/work/cubrid/src/connection/tcp.c, line 1470
The css_peer_alive() is calling.
Time: 11/17/25 15:32:08.814 - DEBUG *** file /home/cubrid/work/cubrid/src/connection/tcp.c, line 1470
The css_peer_alive() is calling.
Time: 11/17/25 15:32:13.819 - DEBUG *** file /home/cubrid/work/cubrid/src/connection/tcp.c, line 1470
The css_peer_alive() is calling.
Time: 11/17/25 15:32:18.823 - DEBUG *** file /home/cubrid/work/cubrid/src/connection/tcp.c, line 1470
The css_peer_alive() is calling.
Time: 11/17/25 15:32:23.828 - DEBUG *** file /home/cubrid/work/cubrid/src/connection/tcp.c, line 1470
The css_peer_alive() is calling.
Time: 11/17/25 15:32:28.828 - DEBUG *** file /home/cubrid/work/cubrid/src/connection/tcp.c, line 1470
The css_peer_alive() is calling.
Time: 11/17/25 15:32:33.829 - DEBUG *** file /home/cubrid/work/cubrid/src/connection/tcp.c, line 1470
The css_peer_alive() is calling.
Time: 11/17/25 15:32:38.834 - DEBUG *** file /home/cubrid/work/cubrid/src/connection/tcp.c, line 1470
The css_peer_alive() is calling.
Time: 11/17/25 15:32:43.835 - DEBUG *** file /home/cubrid/work/cubrid/src/connection/tcp.c, line 1470
The css_peer_alive() is calling.
Time: 11/17/25 15:32:48.840 - DEBUG *** file /home/cubrid/work/cubrid/src/connection/tcp.c, line 1470
The css_peer_alive() is calling.
Time: 11/17/25 15:32:53.843 - DEBUG *** file /home/cubrid/work/cubrid/src/connection/tcp.c, line 1470
The css_peer_alive() is calling.
Time: 11/17/25 15:32:58.848 - DEBUG *** file /home/cubrid/work/cubrid/src/connection/tcp.c, line 1470
The css_peer_alive() is calling.
Time: 11/17/25 15:33:03.850 - DEBUG *** file /home/cubrid/work/cubrid/src/connection/tcp.c, line 1470
The css_peer_alive() is calling.
Time: 11/17/25 15:33:08.852 - DEBUG *** file /home/cubrid/work/cubrid/src/connection/tcp.c, line 1470
The css_peer_alive() is calling.
Time: 11/17/25 15:33:13.857 - DEBUG *** file /home/cubrid/work/cubrid/src/connection/tcp.c, line 1470
The css_peer_alive() is calling.
Time: 11/17/25 15:33:18.861 - DEBUG *** file /home/cubrid/work/cubrid/src/connection/tcp.c, line 1470
The css_peer_alive() is calling.
Time: 11/17/25 15:33:23.866 - DEBUG *** file /home/cubrid/work/cubrid/src/connection/tcp.c, line 1470
The css_peer_alive() is calling.
Time: 11/17/25 15:33:28.868 - DEBUG *** file /home/cubrid/work/cubrid/src/connection/tcp.c, line 1470
The css_peer_alive() is calling.
Time: 11/17/25 15:33:33.869 - DEBUG *** file /home/cubrid/work/cubrid/src/connection/tcp.c, line 1470
The css_peer_alive() is calling.
Time: 11/17/25 15:33:38.871 - DEBUG *** file /home/cubrid/work/cubrid/src/connection/tcp.c, line 1470
The css_peer_alive() is calling.
Time: 11/17/25 15:33:43.876 - DEBUG *** file /home/cubrid/work/cubrid/src/connection/tcp.c, line 1470
The css_peer_alive() is calling.
Time: 11/17/25 15:33:48.881 - DEBUG *** file /home/cubrid/work/cubrid/src/connection/tcp.c, line 1470
The css_peer_alive() is calling.
Time: 11/17/25 15:33:53.886 - DEBUG *** file /home/cubrid/work/cubrid/src/connection/tcp.c, line 1470
The css_peer_alive() is calling.
Time: 11/17/25 15:33:58.887 - DEBUG *** file /home/cubrid/work/cubrid/src/connection/tcp.c, line 1470
The css_peer_alive() is calling.
Time: 11/17/25 15:34:03.888 - DEBUG *** file /home/cubrid/work/cubrid/src/connection/tcp.c, line 1470
The css_peer_alive() is calling.
Time: 11/17/25 15:34:08.893 - DEBUG *** file /home/cubrid/work/cubrid/src/connection/tcp.c, line 1470
The css_peer_alive() is calling.
Time: 11/17/25 15:34:13.898 - DEBUG *** file /home/cubrid/work/cubrid/src/connection/tcp.c, line 1470
The css_peer_alive() is calling.
Time: 11/17/25 15:34:18.903 - DEBUG *** file /home/cubrid/work/cubrid/src/connection/tcp.c, line 1470
The css_peer_alive() is calling.
Time: 11/17/25 15:34:23.909 - DEBUG *** file /home/cubrid/work/cubrid/src/connection/tcp.c, line 1470
The css_peer_alive() is calling.
Time: 11/17/25 15:34:28.914 - DEBUG *** file /home/cubrid/work/cubrid/src/connection/tcp.c, line 1470
The css_peer_alive() is calling.
Time: 11/17/25 15:34:33.918 - DEBUG *** file /home/cubrid/work/cubrid/src/connection/tcp.c, line 1470
The css_peer_alive() is calling.
Time: 11/17/25 15:34:38.921 - DEBUG *** file /home/cubrid/work/cubrid/src/connection/tcp.c, line 1470
The css_peer_alive() is calling.
Time: 11/17/25 15:34:43.922 - DEBUG *** file /home/cubrid/work/cubrid/src/connection/tcp.c, line 1470
The css_peer_alive() is calling.
Time: 11/17/25 15:34:48.927 - DEBUG *** file /home/cubrid/work/cubrid/src/connection/tcp.c, line 1470
The css_peer_alive() is calling.
Time: 11/17/25 15:34:53.929 - DEBUG *** file /home/cubrid/work/cubrid/src/connection/tcp.c, line 1470
The css_peer_alive() is calling.
Time: 11/17/25 15:34:58.932 - DEBUG *** file /home/cubrid/work/cubrid/src/connection/tcp.c, line 1470
The css_peer_alive() is calling.
Time: 11/17/25 15:35:03.933 - DEBUG *** file /home/cubrid/work/cubrid/src/connection/tcp.c, line 1470
The css_peer_alive() is calling.
Time: 11/17/25 15:35:08.936 - DEBUG *** file /home/cubrid/work/cubrid/src/connection/tcp.c, line 1470
The css_peer_alive() is calling.
Time: 11/17/25 15:35:13.937 - DEBUG *** file /home/cubrid/work/cubrid/src/connection/tcp.c, line 1470
The css_peer_alive() is calling.
Time: 11/17/25 15:35:18.941 - DEBUG *** file /home/cubrid/work/cubrid/src/connection/tcp.c, line 1470
The css_peer_alive() is calling.
Time: 11/17/25 15:35:23.946 - DEBUG *** file /home/cubrid/work/cubrid/src/connection/tcp.c, line 1470
The css_peer_alive() is calling.
Time: 11/17/25 15:35:28.951 - DEBUG *** file /home/cubrid/work/cubrid/src/connection/tcp.c, line 1470
The css_peer_alive() is calling.
Time: 11/17/25 15:35:33.956 - DEBUG *** file /home/cubrid/work/cubrid/src/connection/tcp.c, line 1470
The css_peer_alive() is calling.
Time: 11/17/25 15:35:38.960 - DEBUG *** file /home/cubrid/work/cubrid/src/connection/tcp.c, line 1470
The css_peer_alive() is calling.
Time: 11/17/25 15:35:43.961 - DEBUG *** file /home/cubrid/work/cubrid/src/connection/tcp.c, line 1470
The css_peer_alive() is calling.
Time: 11/17/25 15:35:48.964 - DEBUG *** file /home/cubrid/work/cubrid/src/connection/tcp.c, line 1470
The css_peer_alive() is calling.
Time: 11/17/25 15:35:53.964 - DEBUG *** file /home/cubrid/work/cubrid/src/connection/tcp.c, line 1470
The css_peer_alive() is calling.
Time: 11/17/25 15:35:58.969 - DEBUG *** file /home/cubrid/work/cubrid/src/connection/tcp.c, line 1470
The css_peer_alive() is calling.
Time: 11/17/25 15:36:03.974 - DEBUG *** file /home/cubrid/work/cubrid/src/connection/tcp.c, line 1470
The css_peer_alive() is calling.
Time: 11/17/25 15:36:08.975 - DEBUG *** file /home/cubrid/work/cubrid/src/connection/tcp.c, line 1470
The css_peer_alive() is calling.
Time: 11/17/25 15:36:13.978 - DEBUG *** file /home/cubrid/work/cubrid/src/connection/tcp.c, line 1470
The css_peer_alive() is calling.
Time: 11/17/25 15:36:18.979 - DEBUG *** file /home/cubrid/work/cubrid/src/connection/tcp.c, line 1470
The css_peer_alive() is calling.
Time: 11/17/25 15:36:23.979 - DEBUG *** file /home/cubrid/work/cubrid/src/connection/tcp.c, line 1470
The css_peer_alive() is calling.
Time: 11/17/25 15:36:28.983 - DEBUG *** file /home/cubrid/work/cubrid/src/connection/tcp.c, line 1470
The css_peer_alive() is calling.
Time: 11/17/25 15:36:33.988 - DEBUG *** file /home/cubrid/work/cubrid/src/connection/tcp.c, line 1470
The css_peer_alive() is calling.
Time: 11/17/25 15:36:38.994 - DEBUG *** file /home/cubrid/work/cubrid/src/connection/tcp.c, line 1470
The css_peer_alive() is calling.
Time: 11/17/25 15:36:43.999 - DEBUG *** file /home/cubrid/work/cubrid/src/connection/tcp.c, line 1470
The css_peer_alive() is calling.
Time: 11/17/25 15:36:49.001 - DEBUG *** file /home/cubrid/work/cubrid/src/connection/tcp.c, line 1470
The css_peer_alive() is calling.
Time: 11/17/25 15:36:54.001 - DEBUG *** file /home/cubrid/work/cubrid/src/connection/tcp.c, line 1470
The css_peer_alive() is calling.
Time: 11/17/25 15:36:59.004 - DEBUG *** file /home/cubrid/work/cubrid/src/connection/tcp.c, line 1470
The css_peer_alive() is calling.
Time: 11/17/25 15:37:04.006 - DEBUG *** file /home/cubrid/work/cubrid/src/connection/tcp.c, line 1470
The css_peer_alive() is calling.
Time: 11/17/25 15:37:09.008 - DEBUG *** file /home/cubrid/work/cubrid/src/connection/tcp.c, line 1470
The css_peer_alive() is calling.
Time: 11/17/25 15:37:14.013 - DEBUG *** file /home/cubrid/work/cubrid/src/connection/tcp.c, line 1470
The css_peer_alive() is calling.
Time: 11/17/25 15:37:19.020 - DEBUG *** file /home/cubrid/work/cubrid/src/connection/tcp.c, line 1470
The css_peer_alive() is calling.
Time: 11/17/25 15:37:24.025 - DEBUG *** file /home/cubrid/work/cubrid/src/connection/tcp.c, line 1470
The css_peer_alive() is calling.
Time: 11/17/25 15:37:29.030 - DEBUG *** file /home/cubrid/work/cubrid/src/connection/tcp.c, line 1470
The css_peer_alive() is calling.
Time: 11/17/25 15:37:34.035 - DEBUG *** file /home/cubrid/work/cubrid/src/connection/tcp.c, line 1470
The css_peer_alive() is calling.
Time: 11/17/25 15:37:39.040 - DEBUG *** file /home/cubrid/work/cubrid/src/connection/tcp.c, line 1470
The css_peer_alive() is calling.
Time: 11/17/25 15:37:44.045 - DEBUG *** file /home/cubrid/work/cubrid/src/connection/tcp.c, line 1470
The css_peer_alive() is calling.
Time: 11/17/25 15:37:49.050 - DEBUG *** file /home/cubrid/work/cubrid/src/connection/tcp.c, line 1470
The css_peer_alive() is calling.
Time: 11/17/25 15:37:54.055 - DEBUG *** file /home/cubrid/work/cubrid/src/connection/tcp.c, line 1470
The css_peer_alive() is calling.
Time: 11/17/25 15:37:59.057 - DEBUG *** file /home/cubrid/work/cubrid/src/connection/tcp.c, line 1470
The css_peer_alive() is calling.
Time: 11/17/25 15:38:04.062 - DEBUG *** file /home/cubrid/work/cubrid/src/connection/tcp.c, line 1470
The css_peer_alive() is calling.
Time: 11/17/25 15:38:09.067 - DEBUG *** file /home/cubrid/work/cubrid/src/connection/tcp.c, line 1470
The css_peer_alive() is calling.
Time: 11/17/25 15:38:14.071 - DEBUG *** file /home/cubrid/work/cubrid/src/connection/tcp.c, line 1470
The css_peer_alive() is calling.
Time: 11/17/25 15:38:19.076 - DEBUG *** file /home/cubrid/work/cubrid/src/connection/tcp.c, line 1470
The css_peer_alive() is calling.
Time: 11/17/25 15:38:24.081 - DEBUG *** file /home/cubrid/work/cubrid/src/connection/tcp.c, line 1470
The css_peer_alive() is calling.
Time: 11/17/25 15:38:29.086 - DEBUG *** file /home/cubrid/work/cubrid/src/connection/tcp.c, line 1470
The css_peer_alive() is calling.
Time: 11/17/25 15:38:34.092 - DEBUG *** file /home/cubrid/work/cubrid/src/connection/tcp.c, line 1470
The css_peer_alive() is calling.
Time: 11/17/25 15:38:39.096 - DEBUG *** file /home/cubrid/work/cubrid/src/connection/tcp.c, line 1470
The css_peer_alive() is calling.
Time: 11/17/25 15:38:44.101 - DEBUG *** file /home/cubrid/work/cubrid/src/connection/tcp.c, line 1470
The css_peer_alive() is calling.
Time: 11/17/25 15:38:49.102 - DEBUG *** file /home/cubrid/work/cubrid/src/connection/tcp.c, line 1470
The css_peer_alive() is calling.
Time: 11/17/25 15:38:54.105 - DEBUG *** file /home/cubrid/work/cubrid/src/connection/tcp.c, line 1470
The css_peer_alive() is calling.
Time: 11/17/25 15:38:59.110 - DEBUG *** file /home/cubrid/work/cubrid/src/connection/tcp.c, line 1470
The css_peer_alive() is calling.
Time: 11/17/25 15:39:04.111 - DEBUG *** file /home/cubrid/work/cubrid/src/connection/tcp.c, line 1470
The css_peer_alive() is calling.
Time: 11/17/25 15:39:09.116 - DEBUG *** file /home/cubrid/work/cubrid/src/connection/tcp.c, line 1470
The css_peer_alive() is calling.
Time: 11/17/25 15:39:14.121 - DEBUG *** file /home/cubrid/work/cubrid/src/connection/tcp.c, line 1470
The css_peer_alive() is calling.
Time: 11/17/25 15:39:19.126 - DEBUG *** file /home/cubrid/work/cubrid/src/connection/tcp.c, line 1470
The css_peer_alive() is calling.
Time: 11/17/25 15:39:24.127 - DEBUG *** file /home/cubrid/work/cubrid/src/connection/tcp.c, line 1470
The css_peer_alive() is calling.
Time: 11/17/25 15:39:29.131 - DEBUG *** file /home/cubrid/work/cubrid/src/connection/tcp.c, line 1470
The css_peer_alive() is calling.
Time: 11/17/25 15:39:34.136 - DEBUG *** file /home/cubrid/work/cubrid/src/connection/tcp.c, line 1470
The css_peer_alive() is calling.
Time: 11/17/25 15:39:39.141 - DEBUG *** file /home/cubrid/work/cubrid/src/connection/tcp.c, line 1470
The css_peer_alive() is calling.
Time: 11/17/25 15:39:44.146 - DEBUG *** file /home/cubrid/work/cubrid/src/connection/tcp.c, line 1470
The css_peer_alive() is calling.
Time: 11/17/25 15:39:49.151 - DEBUG *** file /home/cubrid/work/cubrid/src/connection/tcp.c, line 1470
The css_peer_alive() is calling.
Time: 11/17/25 15:39:54.156 - DEBUG *** file /home/cubrid/work/cubrid/src/connection/tcp.c, line 1470
The css_peer_alive() is calling.
Time: 11/17/25 15:39:59.161 - DEBUG *** file /home/cubrid/work/cubrid/src/connection/tcp.c, line 1470
The css_peer_alive() is calling.
Time: 11/17/25 15:40:04.166 - DEBUG *** file /home/cubrid/work/cubrid/src/connection/tcp.c, line 1470
The css_peer_alive() is calling.
Time: 11/17/25 15:40:09.170 - DEBUG *** file /home/cubrid/work/cubrid/src/connection/tcp.c, line 1470
The css_peer_alive() is calling.
Time: 11/17/25 15:40:14.172 - DEBUG *** file /home/cubrid/work/cubrid/src/connection/tcp.c, line 1470
The css_peer_alive() is calling.
Time: 11/17/25 15:40:19.177 - DEBUG *** file /home/cubrid/work/cubrid/src/connection/tcp.c, line 1470
The css_peer_alive() is calling.
Time: 11/17/25 15:40:24.182 - DEBUG *** file /home/cubrid/work/cubrid/src/connection/tcp.c, line 1470
The css_peer_alive() is calling.
Time: 11/17/25 15:40:29.187 - DEBUG *** file /home/cubrid/work/cubrid/src/connection/tcp.c, line 1470
The css_peer_alive() is calling.
Time: 11/17/25 15:40:34.192 - DEBUG *** file /home/cubrid/work/cubrid/src/connection/tcp.c, line 1470
The css_peer_alive() is calling.
Time: 11/17/25 15:40:39.197 - DEBUG *** file /home/cubrid/work/cubrid/src/connection/tcp.c, line 1470
The css_peer_alive() is calling.
Time: 11/17/25 15:40:44.202 - DEBUG *** file /home/cubrid/work/cubrid/src/connection/tcp.c, line 1470
The css_peer_alive() is calling.
Time: 11/17/25 15:40:49.207 - DEBUG *** file /home/cubrid/work/cubrid/src/connection/tcp.c, line 1470
The css_peer_alive() is calling.
Time: 11/17/25 15:40:54.210 - DEBUG *** file /home/cubrid/work/cubrid/src/connection/tcp.c, line 1470
The css_peer_alive() is calling.
Time: 11/17/25 15:40:59.215 - DEBUG *** file /home/cubrid/work/cubrid/src/connection/tcp.c, line 1470
The css_peer_alive() is calling.
Time: 11/17/25 15:41:04.216 - DEBUG *** file /home/cubrid/work/cubrid/src/connection/tcp.c, line 1470
The css_peer_alive() is calling.
Time: 11/17/25 15:41:09.221 - DEBUG *** file /home/cubrid/work/cubrid/src/connection/tcp.c, line 1470
The css_peer_alive() is calling.
Time: 11/17/25 15:41:14.225 - DEBUG *** file /home/cubrid/work/cubrid/src/connection/tcp.c, line 1470
The css_peer_alive() is calling.
Time: 11/17/25 15:41:19.230 - DEBUG *** file /home/cubrid/work/cubrid/src/connection/tcp.c, line 1470
The css_peer_alive() is calling.
Time: 11/17/25 15:41:24.234 - DEBUG *** file /home/cubrid/work/cubrid/src/connection/tcp.c, line 1470
The css_peer_alive() is calling.
Time: 11/17/25 15:41:29.239 - DEBUG *** file /home/cubrid/work/cubrid/src/connection/tcp.c, line 1470
The css_peer_alive() is calling.
Time: 11/17/25 15:41:34.242 - DEBUG *** file /home/cubrid/work/cubrid/src/connection/tcp.c, line 1470
The css_peer_alive() is calling.
Time: 11/17/25 15:41:39.246 - DEBUG *** file /home/cubrid/work/cubrid/src/connection/tcp.c, line 1470
The css_peer_alive() is calling.
Time: 11/17/25 15:41:44.247 - DEBUG *** file /home/cubrid/work/cubrid/src/connection/tcp.c, line 1470
The css_peer_alive() is calling.
Time: 11/17/25 15:41:49.250 - DEBUG *** file /home/cubrid/work/cubrid/src/connection/tcp.c, line 1470
The css_peer_alive() is calling.
Time: 11/17/25 15:41:54.253 - DEBUG *** file /home/cubrid/work/cubrid/src/connection/tcp.c, line 1470
The css_peer_alive() is calling.
Time: 11/17/25 15:41:59.255 - DEBUG *** file /home/cubrid/work/cubrid/src/connection/tcp.c, line 1470
The css_peer_alive() is calling.
Time: 11/17/25 15:42:04.260 - DEBUG *** file /home/cubrid/work/cubrid/src/connection/tcp.c, line 1470
The css_peer_alive() is calling.
Time: 11/17/25 15:42:09.265 - DEBUG *** file /home/cubrid/work/cubrid/src/connection/tcp.c, line 1470
The css_peer_alive() is calling.
Time: 11/17/25 15:42:14.266 - DEBUG *** file /home/cubrid/work/cubrid/src/connection/tcp.c, line 1470
The css_peer_alive() is calling.
Time: 11/17/25 15:42:19.267 - DEBUG *** file /home/cubrid/work/cubrid/src/connection/tcp.c, line 1470
The css_peer_alive() is calling.
Time: 11/17/25 15:42:24.273 - DEBUG *** file /home/cubrid/work/cubrid/src/connection/tcp.c, line 1470
The css_peer_alive() is calling.
Time: 11/17/25 15:42:29.273 - DEBUG *** file /home/cubrid/work/cubrid/src/connection/tcp.c, line 1470
The css_peer_alive() is calling.
Time: 11/17/25 15:42:34.278 - DEBUG *** file /home/cubrid/work/cubrid/src/connection/tcp.c, line 1470
The css_peer_alive() is calling.
Time: 11/17/25 15:42:39.280 - DEBUG *** file /home/cubrid/work/cubrid/src/connection/tcp.c, line 1470
The css_peer_alive() is calling.
Time: 11/17/25 15:42:44.285 - DEBUG *** file /home/cubrid/work/cubrid/src/connection/tcp.c, line 1470
The css_peer_alive() is calling.
Time: 11/17/25 15:42:49.288 - DEBUG *** file /home/cubrid/work/cubrid/src/connection/tcp.c, line 1470
The css_peer_alive() is calling.
Time: 11/17/25 15:42:54.293 - DEBUG *** file /home/cubrid/work/cubrid/src/connection/tcp.c, line 1470
The css_peer_alive() is calling.
Time: 11/17/25 15:42:59.294 - DEBUG *** file /home/cubrid/work/cubrid/src/connection/tcp.c, line 1470
The css_peer_alive() is calling.
Time: 11/17/25 15:43:04.299 - DEBUG *** file /home/cubrid/work/cubrid/src/connection/tcp.c, line 1470
The css_peer_alive() is calling.
Time: 11/17/25 15:43:09.305 - DEBUG *** file /home/cubrid/work/cubrid/src/connection/tcp.c, line 1470
The css_peer_alive() is calling.
Time: 11/17/25 15:43:14.310 - DEBUG *** file /home/cubrid/work/cubrid/src/connection/tcp.c, line 1470
The css_peer_alive() is calling.
Time: 11/17/25 15:43:19.315 - DEBUG *** file /home/cubrid/work/cubrid/src/connection/tcp.c, line 1470
The css_peer_alive() is calling.
Time: 11/17/25 15:43:24.320 - DEBUG *** file /home/cubrid/work/cubrid/src/connection/tcp.c, line 1470
The css_peer_alive() is calling.
Time: 11/17/25 15:43:29.322 - DEBUG *** file /home/cubrid/work/cubrid/src/connection/tcp.c, line 1470
The css_peer_alive() is calling.
Time: 11/17/25 15:43:34.326 - DEBUG *** file /home/cubrid/work/cubrid/src/connection/tcp.c, line 1470
The css_peer_alive() is calling.
Time: 11/17/25 15:43:39.331 - DEBUG *** file /home/cubrid/work/cubrid/src/connection/tcp.c, line 1470
The css_peer_alive() is calling.
Time: 11/17/25 15:43:44.335 - DEBUG *** file /home/cubrid/work/cubrid/src/connection/tcp.c, line 1470
The css_peer_alive() is calling.
Time: 11/17/25 15:43:49.340 - DEBUG *** file /home/cubrid/work/cubrid/src/connection/tcp.c, line 1470
The css_peer_alive() is calling.
Time: 11/17/25 15:43:54.345 - DEBUG *** file /home/cubrid/work/cubrid/src/connection/tcp.c, line 1470
The css_peer_alive() is calling.
Time: 11/17/25 15:43:59.350 - DEBUG *** file /home/cubrid/work/cubrid/src/connection/tcp.c, line 1470
The css_peer_alive() is calling.
Time: 11/17/25 15:44:04.355 - DEBUG *** file /home/cubrid/work/cubrid/src/connection/tcp.c, line 1470
The css_peer_alive() is calling.
Time: 11/17/25 15:44:09.359 - DEBUG *** file /home/cubrid/work/cubrid/src/connection/tcp.c, line 1470
The css_peer_alive() is calling.
Time: 11/17/25 15:44:14.364 - DEBUG *** file /home/cubrid/work/cubrid/src/connection/tcp.c, line 1470
The css_peer_alive() is calling.
Time: 11/17/25 15:44:19.370 - DEBUG *** file /home/cubrid/work/cubrid/src/connection/tcp.c, line 1470
The css_peer_alive() is calling.
Time: 11/17/25 15:44:24.375 - DEBUG *** file /home/cubrid/work/cubrid/src/connection/tcp.c, line 1470
The css_peer_alive() is calling.
Time: 11/17/25 15:44:29.380 - DEBUG *** file /home/cubrid/work/cubrid/src/connection/tcp.c, line 1470
The css_peer_alive() is calling.
Time: 11/17/25 15:44:34.383 - DEBUG *** file /home/cubrid/work/cubrid/src/connection/tcp.c, line 1470
The css_peer_alive() is calling.
Time: 11/17/25 15:44:39.384 - DEBUG *** file /home/cubrid/work/cubrid/src/connection/tcp.c, line 1470
The css_peer_alive() is calling.
Time: 11/17/25 15:44:44.385 - DEBUG *** file /home/cubrid/work/cubrid/src/connection/tcp.c, line 1470
The css_peer_alive() is calling.
Time: 11/17/25 15:44:49.387 - DEBUG *** file /home/cubrid/work/cubrid/src/connection/tcp.c, line 1470
The css_peer_alive() is calling.
Time: 11/17/25 15:44:54.392 - DEBUG *** file /home/cubrid/work/cubrid/src/connection/tcp.c, line 1470
The css_peer_alive() is calling.
Time: 11/17/25 15:44:59.393 - DEBUG *** file /home/cubrid/work/cubrid/src/connection/tcp.c, line 1470
The css_peer_alive() is calling.
Time: 11/17/25 15:45:04.394 - DEBUG *** file /home/cubrid/work/cubrid/src/connection/tcp.c, line 1470
The css_peer_alive() is calling.
Time: 11/17/25 15:45:09.399 - DEBUG *** file /home/cubrid/work/cubrid/src/connection/tcp.c, line 1470
The css_peer_alive() is calling.
Time: 11/17/25 15:45:14.404 - DEBUG *** file /home/cubrid/work/cubrid/src/connection/tcp.c, line 1470
The css_peer_alive() is calling.
Time: 11/17/25 15:45:19.410 - DEBUG *** file /home/cubrid/work/cubrid/src/connection/tcp.c, line 1470
The css_peer_alive() is calling.
Time: 11/17/25 15:45:24.415 - DEBUG *** file /home/cubrid/work/cubrid/src/connection/tcp.c, line 1470
The css_peer_alive() is calling.
Time: 11/17/25 15:45:29.417 - DEBUG *** file /home/cubrid/work/cubrid/src/connection/tcp.c, line 1470
The css_peer_alive() is calling.
Time: 11/17/25 15:45:34.418 - DEBUG *** file /home/cubrid/work/cubrid/src/connection/tcp.c, line 1470
The css_peer_alive() is calling.
Time: 11/17/25 15:45:39.423 - DEBUG *** file /home/cubrid/work/cubrid/src/connection/tcp.c, line 1470
The css_peer_alive() is calling.
Time: 11/17/25 15:45:44.428 - DEBUG *** file /home/cubrid/work/cubrid/src/connection/tcp.c, line 1470
The css_peer_alive() is calling.
Time: 11/17/25 15:45:49.433 - DEBUG *** file /home/cubrid/work/cubrid/src/connection/tcp.c, line 1470
The css_peer_alive() is calling.
Time: 11/17/25 15:45:54.438 - DEBUG *** file /home/cubrid/work/cubrid/src/connection/tcp.c, line 1470
The css_peer_alive() is calling.
Time: 11/17/25 15:45:59.444 - DEBUG *** file /home/cubrid/work/cubrid/src/connection/tcp.c, line 1470
The css_peer_alive() is calling.
Time: 11/17/25 15:46:04.446 - DEBUG *** file /home/cubrid/work/cubrid/src/connection/tcp.c, line 1470
The css_peer_alive() is calling.
Time: 11/17/25 15:46:09.447 - DEBUG *** file /home/cubrid/work/cubrid/src/connection/tcp.c, line 1470
The css_peer_alive() is calling.
Time: 11/17/25 15:46:14.453 - DEBUG *** file /home/cubrid/work/cubrid/src/connection/tcp.c, line 1470
The css_peer_alive() is calling.
Time: 11/17/25 15:46:19.458 - DEBUG *** file /home/cubrid/work/cubrid/src/connection/tcp.c, line 1470
The css_peer_alive() is calling.
Time: 11/17/25 15:46:24.463 - DEBUG *** file /home/cubrid/work/cubrid/src/connection/tcp.c, line 1470
The css_peer_alive() is calling.
Time: 11/17/25 15:46:29.468 - DEBUG *** file /home/cubrid/work/cubrid/src/connection/tcp.c, line 1470
The css_peer_alive() is calling.
Time: 11/17/25 15:46:34.473 - DEBUG *** file /home/cubrid/work/cubrid/src/connection/tcp.c, line 1470
The css_peer_alive() is calling.
Time: 11/17/25 15:46:39.474 - DEBUG *** file /home/cubrid/work/cubrid/src/connection/tcp.c, line 1470
The css_peer_alive() is calling.
Time: 11/17/25 15:46:44.480 - DEBUG *** file /home/cubrid/work/cubrid/src/connection/tcp.c, line 1470
The css_peer_alive() is calling.
Time: 11/17/25 15:46:49.480 - DEBUG *** file /home/cubrid/work/cubrid/src/connection/tcp.c, line 1470
The css_peer_alive() is calling.
Time: 11/17/25 15:46:54.482 - DEBUG *** file /home/cubrid/work/cubrid/src/connection/tcp.c, line 1470
The css_peer_alive() is calling.
Time: 11/17/25 15:46:59.487 - DEBUG *** file /home/cubrid/work/cubrid/src/connection/tcp.c, line 1470
The css_peer_alive() is calling.
Time: 11/17/25 15:47:04.492 - DEBUG *** file /home/cubrid/work/cubrid/src/connection/tcp.c, line 1470
The css_peer_alive() is calling.
Time: 11/17/25 15:47:09.497 - DEBUG *** file /home/cubrid/work/cubrid/src/connection/tcp.c, line 1470
The css_peer_alive() is calling.
Time: 11/17/25 15:47:14.497 - DEBUG *** file /home/cubrid/work/cubrid/src/connection/tcp.c, line 1470
The css_peer_alive() is calling.
Time: 11/17/25 15:47:19.501 - DEBUG *** file /home/cubrid/work/cubrid/src/connection/tcp.c, line 1470
The css_peer_alive() is calling.
Time: 11/17/25 15:47:24.506 - DEBUG *** file /home/cubrid/work/cubrid/src/connection/tcp.c, line 1470
The css_peer_alive() is calling.
Time: 11/17/25 15:47:29.508 - DEBUG *** file /home/cubrid/work/cubrid/src/connection/tcp.c, line 1470
The css_peer_alive() is calling.
Time: 11/17/25 15:47:34.514 - DEBUG *** file /home/cubrid/work/cubrid/src/connection/tcp.c, line 1470
The css_peer_alive() is calling.
Time: 11/17/25 15:47:39.517 - DEBUG *** file /home/cubrid/work/cubrid/src/connection/tcp.c, line 1470
The css_peer_alive() is calling.
Time: 11/17/25 15:47:44.522 - DEBUG *** file /home/cubrid/work/cubrid/src/connection/tcp.c, line 1470
The css_peer_alive() is calling.
Time: 11/17/25 15:47:49.524 - DEBUG *** file /home/cubrid/work/cubrid/src/connection/tcp.c, line 1470
The css_peer_alive() is calling.
Time: 11/17/25 15:47:54.526 - DEBUG *** file /home/cubrid/work/cubrid/src/connection/tcp.c, line 1470
The css_peer_alive() is calling.
Time: 11/17/25 15:47:59.531 - DEBUG *** file /home/cubrid/work/cubrid/src/connection/tcp.c, line 1470
The css_peer_alive() is calling.
Time: 11/17/25 15:48:04.536 - DEBUG *** file /home/cubrid/work/cubrid/src/connection/tcp.c, line 1470
The css_peer_alive() is calling.
Time: 11/17/25 15:48:09.542 - DEBUG *** file /home/cubrid/work/cubrid/src/connection/tcp.c, line 1470
The css_peer_alive() is calling.
Time: 11/17/25 15:48:14.546 - DEBUG *** file /home/cubrid/work/cubrid/src/connection/tcp.c, line 1470
The css_peer_alive() is calling.
Time: 11/17/25 15:48:19.551 - DEBUG *** file /home/cubrid/work/cubrid/src/connection/tcp.c, line 1470
The css_peer_alive() is calling.
Time: 11/17/25 15:48:24.555 - DEBUG *** file /home/cubrid/work/cubrid/src/connection/tcp.c, line 1470
The css_peer_alive() is calling.
Time: 11/17/25 15:48:29.559 - DEBUG *** file /home/cubrid/work/cubrid/src/connection/tcp.c, line 1470
The css_peer_alive() is calling.
Time: 11/17/25 15:48:34.563 - DEBUG *** file /home/cubrid/work/cubrid/src/connection/tcp.c, line 1470
The css_peer_alive() is calling.
Time: 11/17/25 15:48:39.564 - DEBUG *** file /home/cubrid/work/cubrid/src/connection/tcp.c, line 1470
The css_peer_alive() is calling.
Time: 11/17/25 15:48:44.565 - DEBUG *** file /home/cubrid/work/cubrid/src/connection/tcp.c, line 1470
The css_peer_alive() is calling.
Time: 11/17/25 15:48:49.570 - DEBUG *** file /home/cubrid/work/cubrid/src/connection/tcp.c, line 1470
The css_peer_alive() is calling.
Time: 11/17/25 15:48:54.575 - DEBUG *** file /home/cubrid/work/cubrid/src/connection/tcp.c, line 1470
The css_peer_alive() is calling.
Time: 11/17/25 15:48:59.580 - DEBUG *** file /home/cubrid/work/cubrid/src/connection/tcp.c, line 1470
The css_peer_alive() is calling.
Time: 11/17/25 15:49:04.584 - DEBUG *** file /home/cubrid/work/cubrid/src/connection/tcp.c, line 1470
The css_peer_alive() is calling.
Time: 11/17/25 15:49:09.588 - DEBUG *** file /home/cubrid/work/cubrid/src/connection/tcp.c, line 1470
The css_peer_alive() is calling.
Time: 11/17/25 15:49:14.593 - DEBUG *** file /home/cubrid/work/cubrid/src/connection/tcp.c, line 1470
The css_peer_alive() is calling.
Time: 11/17/25 15:49:19.598 - DEBUG *** file /home/cubrid/work/cubrid/src/connection/tcp.c, line 1470
The css_peer_alive() is calling.
Time: 11/17/25 15:49:24.600 - DEBUG *** file /home/cubrid/work/cubrid/src/connection/tcp.c, line 1470
The css_peer_alive() is calling.
Time: 11/17/25 15:49:29.602 - DEBUG *** file /home/cubrid/work/cubrid/src/connection/tcp.c, line 1470
The css_peer_alive() is calling.
Time: 11/17/25 15:49:34.605 - DEBUG *** file /home/cubrid/work/cubrid/src/connection/tcp.c, line 1470
The css_peer_alive() is calling.
Time: 11/17/25 15:49:39.608 - DEBUG *** file /home/cubrid/work/cubrid/src/connection/tcp.c, line 1470
The css_peer_alive() is calling.
Time: 11/17/25 15:49:44.613 - DEBUG *** file /home/cubrid/work/cubrid/src/connection/tcp.c, line 1470
The css_peer_alive() is calling.
Time: 11/17/25 15:49:49.614 - DEBUG *** file /home/cubrid/work/cubrid/src/connection/tcp.c, line 1470
The css_peer_alive() is calling.
Time: 11/17/25 15:49:54.614 - DEBUG *** file /home/cubrid/work/cubrid/src/connection/tcp.c, line 1470
The css_peer_alive() is calling.
Time: 11/17/25 15:49:59.619 - DEBUG *** file /home/cubrid/work/cubrid/src/connection/tcp.c, line 1470
The css_peer_alive() is calling.
Time: 11/17/25 15:50:04.623 - DEBUG *** file /home/cubrid/work/cubrid/src/connection/tcp.c, line 1470
The css_peer_alive() is calling.
Time: 11/17/25 15:50:09.628 - DEBUG *** file /home/cubrid/work/cubrid/src/connection/tcp.c, line 1470
The css_peer_alive() is calling.
Time: 11/17/25 15:50:14.633 - DEBUG *** file /home/cubrid/work/cubrid/src/connection/tcp.c, line 1470
The css_peer_alive() is calling.
Time: 11/17/25 15:50:19.638 - DEBUG *** file /home/cubrid/work/cubrid/src/connection/tcp.c, line 1470
The css_peer_alive() is calling.
Time: 11/17/25 15:50:24.643 - DEBUG *** file /home/cubrid/work/cubrid/src/connection/tcp.c, line 1470
The css_peer_alive() is calling.
Time: 11/17/25 15:50:29.648 - DEBUG *** file /home/cubrid/work/cubrid/src/connection/tcp.c, line 1470
The css_peer_alive() is calling.
Time: 11/17/25 15:50:34.649 - DEBUG *** file /home/cubrid/work/cubrid/src/connection/tcp.c, line 1470
The css_peer_alive() is calling.
Time: 11/17/25 15:50:39.655 - DEBUG *** file /home/cubrid/work/cubrid/src/connection/tcp.c, line 1470
The css_peer_alive() is calling.
Time: 11/17/25 15:50:44.657 - DEBUG *** file /home/cubrid/work/cubrid/src/connection/tcp.c, line 1470
The css_peer_alive() is calling.
Time: 11/17/25 15:50:49.659 - DEBUG *** file /home/cubrid/work/cubrid/src/connection/tcp.c, line 1470
The css_peer_alive() is calling.
Time: 11/17/25 15:50:54.664 - DEBUG *** file /home/cubrid/work/cubrid/src/connection/tcp.c, line 1470
The css_peer_alive() is calling.
Time: 11/17/25 15:50:59.665 - DEBUG *** file /home/cubrid/work/cubrid/src/connection/tcp.c, line 1470
The css_peer_alive() is calling.
Time: 11/17/25 15:51:04.668 - DEBUG *** file /home/cubrid/work/cubrid/src/connection/tcp.c, line 1470
The css_peer_alive() is calling.
Time: 11/17/25 15:51:09.670 - DEBUG *** file /home/cubrid/work/cubrid/src/connection/tcp.c, line 1470
The css_peer_alive() is calling.
Time: 11/17/25 15:51:14.675 - DEBUG *** file /home/cubrid/work/cubrid/src/connection/tcp.c, line 1470
The css_peer_alive() is calling.
Time: 11/17/25 15:51:19.679 - DEBUG *** file /home/cubrid/work/cubrid/src/connection/tcp.c, line 1470
The css_peer_alive() is calling.
Time: 11/17/25 15:51:24.680 - DEBUG *** file /home/cubrid/work/cubrid/src/connection/tcp.c, line 1470
The css_peer_alive() is calling.
Time: 11/17/25 15:51:29.685 - DEBUG *** file /home/cubrid/work/cubrid/src/connection/tcp.c, line 1470
The css_peer_alive() is calling.
Time: 11/17/25 15:51:34.689 - DEBUG *** file /home/cubrid/work/cubrid/src/connection/tcp.c, line 1470
The css_peer_alive() is calling.
Time: 11/17/25 15:51:39.689 - DEBUG *** file /home/cubrid/work/cubrid/src/connection/tcp.c, line 1470
The css_peer_alive() is calling.
Time: 11/17/25 15:51:44.692 - DEBUG *** file /home/cubrid/work/cubrid/src/connection/tcp.c, line 1470
The css_peer_alive() is calling.
Time: 11/17/25 15:51:49.697 - DEBUG *** file /home/cubrid/work/cubrid/src/connection/tcp.c, line 1470
The css_peer_alive() is calling.
Time: 11/17/25 15:51:54.697 - DEBUG *** file /home/cubrid/work/cubrid/src/connection/tcp.c, line 1470
The css_peer_alive() is calling.
Time: 11/17/25 15:51:59.702 - DEBUG *** file /home/cubrid/work/cubrid/src/connection/tcp.c, line 1470
The css_peer_alive() is calling.
Time: 11/17/25 15:52:04.708 - DEBUG *** file /home/cubrid/work/cubrid/src/connection/tcp.c, line 1470
The css_peer_alive() is calling.
Time: 11/17/25 15:52:09.713 - DEBUG *** file /home/cubrid/work/cubrid/src/connection/tcp.c, line 1470
The css_peer_alive() is calling.
Time: 11/17/25 15:52:14.715 - DEBUG *** file /home/cubrid/work/cubrid/src/connection/tcp.c, line 1470
The css_peer_alive() is calling.
Time: 11/17/25 15:52:19.720 - DEBUG *** file /home/cubrid/work/cubrid/src/connection/tcp.c, line 1470
The css_peer_alive() is calling.
Time: 11/17/25 15:52:24.725 - DEBUG *** file /home/cubrid/work/cubrid/src/connection/tcp.c, line 1470
The css_peer_alive() is calling.
Time: 11/17/25 15:52:29.730 - DEBUG *** file /home/cubrid/work/cubrid/src/connection/tcp.c, line 1470
The css_peer_alive() is calling.
Time: 11/17/25 15:52:34.730 - DEBUG *** file /home/cubrid/work/cubrid/src/connection/tcp.c, line 1470
The css_peer_alive() is calling.
Time: 11/17/25 15:52:39.733 - DEBUG *** file /home/cubrid/work/cubrid/src/connection/tcp.c, line 1470
The css_peer_alive() is calling.
Time: 11/17/25 15:52:44.736 - DEBUG *** file /home/cubrid/work/cubrid/src/connection/tcp.c, line 1470
The css_peer_alive() is calling.
Time: 11/17/25 15:52:49.741 - DEBUG *** file /home/cubrid/work/cubrid/src/connection/tcp.c, line 1470
The css_peer_alive() is calling.
Time: 11/17/25 15:52:54.746 - DEBUG *** file /home/cubrid/work/cubrid/src/connection/tcp.c, line 1470
The css_peer_alive() is calling.
Time: 11/17/25 15:52:59.751 - DEBUG *** file /home/cubrid/work/cubrid/src/connection/tcp.c, line 1470
The css_peer_alive() is calling.
Time: 11/17/25 15:53:04.756 - DEBUG *** file /home/cubrid/work/cubrid/src/connection/tcp.c, line 1470
The css_peer_alive() is calling.
Time: 11/17/25 15:53:09.761 - DEBUG *** file /home/cubrid/work/cubrid/src/connection/tcp.c, line 1470
The css_peer_alive() is calling.
Time: 11/17/25 15:53:14.767 - DEBUG *** file /home/cubrid/work/cubrid/src/connection/tcp.c, line 1470
The css_peer_alive() is calling.
Time: 11/17/25 15:53:19.772 - DEBUG *** file /home/cubrid/work/cubrid/src/connection/tcp.c, line 1470
The css_peer_alive() is calling.
Time: 11/17/25 15:53:24.777 - DEBUG *** file /home/cubrid/work/cubrid/src/connection/tcp.c, line 1470
The css_peer_alive() is calling.
Time: 11/17/25 15:53:29.782 - DEBUG *** file /home/cubrid/work/cubrid/src/connection/tcp.c, line 1470
The css_peer_alive() is calling.
Time: 11/17/25 15:53:34.783 - DEBUG *** file /home/cubrid/work/cubrid/src/connection/tcp.c, line 1470
The css_peer_alive() is calling.
Time: 11/17/25 15:53:39.788 - DEBUG *** file /home/cubrid/work/cubrid/src/connection/tcp.c, line 1470
The css_peer_alive() is calling.
Time: 11/17/25 15:53:44.793 - DEBUG *** file /home/cubrid/work/cubrid/src/connection/tcp.c, line 1470
The css_peer_alive() is calling.
Time: 11/17/25 15:53:49.799 - DEBUG *** file /home/cubrid/work/cubrid/src/connection/tcp.c, line 1470
The css_peer_alive() is calling.
Time: 11/17/25 15:53:54.804 - DEBUG *** file /home/cubrid/work/cubrid/src/connection/tcp.c, line 1470
The css_peer_alive() is calling.
Time: 11/17/25 15:53:59.809 - DEBUG *** file /home/cubrid/work/cubrid/src/connection/tcp.c, line 1470
The css_peer_alive() is calling.
Time: 11/17/25 15:54:04.814 - DEBUG *** file /home/cubrid/work/cubrid/src/connection/tcp.c, line 1470
The css_peer_alive() is calling.
Time: 11/17/25 15:54:09.817 - DEBUG *** file /home/cubrid/work/cubrid/src/connection/tcp.c, line 1470
The css_peer_alive() is calling.
Time: 11/17/25 15:54:14.823 - DEBUG *** file /home/cubrid/work/cubrid/src/connection/tcp.c, line 1470
The css_peer_alive() is calling.
Time: 11/17/25 15:54:19.828 - DEBUG *** file /home/cubrid/work/cubrid/src/connection/tcp.c, line 1470
The css_peer_alive() is calling.
Time: 11/17/25 15:54:24.833 - DEBUG *** file /home/cubrid/work/cubrid/src/connection/tcp.c, line 1470
The css_peer_alive() is calling.
Time: 11/17/25 15:54:29.838 - DEBUG *** file /home/cubrid/work/cubrid/src/connection/tcp.c, line 1470
The css_peer_alive() is calling.
Time: 11/17/25 15:54:34.841 - DEBUG *** file /home/cubrid/work/cubrid/src/connection/tcp.c, line 1470
The css_peer_alive() is calling.
Time: 11/17/25 15:54:39.846 - DEBUG *** file /home/cubrid/work/cubrid/src/connection/tcp.c, line 1470
The css_peer_alive() is calling.
Time: 11/17/25 15:54:44.851 - DEBUG *** file /home/cubrid/work/cubrid/src/connection/tcp.c, line 1470
The css_peer_alive() is calling.
Time: 11/17/25 15:54:49.856 - DEBUG *** file /home/cubrid/work/cubrid/src/connection/tcp.c, line 1470
The css_peer_alive() is calling.
Time: 11/17/25 15:54:54.861 - DEBUG *** file /home/cubrid/work/cubrid/src/connection/tcp.c, line 1470
The css_peer_alive() is calling.
Time: 11/17/25 15:54:59.867 - DEBUG *** file /home/cubrid/work/cubrid/src/connection/tcp.c, line 1470
The css_peer_alive() is calling.
Time: 11/17/25 15:55:04.872 - DEBUG *** file /home/cubrid/work/cubrid/src/connection/tcp.c, line 1470
The css_peer_alive() is calling.
Time: 11/17/25 15:55:09.877 - DEBUG *** file /home/cubrid/work/cubrid/src/connection/tcp.c, line 1470
The css_peer_alive() is calling.
Time: 11/17/25 15:55:14.882 - DEBUG *** file /home/cubrid/work/cubrid/src/connection/tcp.c, line 1470
The css_peer_alive() is calling.
Time: 11/17/25 15:55:19.887 - DEBUG *** file /home/cubrid/work/cubrid/src/connection/tcp.c, line 1470
The css_peer_alive() is calling.
Time: 11/17/25 15:55:24.892 - DEBUG *** file /home/cubrid/work/cubrid/src/connection/tcp.c, line 1470
The css_peer_alive() is calling.
Time: 11/17/25 15:55:29.897 - DEBUG *** file /home/cubrid/work/cubrid/src/connection/tcp.c, line 1470
The css_peer_alive() is calling.
Time: 11/17/25 15:55:34.902 - DEBUG *** file /home/cubrid/work/cubrid/src/connection/tcp.c, line 1470
The css_peer_alive() is calling.
Time: 11/17/25 15:55:39.902 - DEBUG *** file /home/cubrid/work/cubrid/src/connection/tcp.c, line 1470
The css_peer_alive() is calling.
Time: 11/17/25 15:55:44.908 - DEBUG *** file /home/cubrid/work/cubrid/src/connection/tcp.c, line 1470
The css_peer_alive() is calling.
Time: 11/17/25 15:55:49.913 - DEBUG *** file /home/cubrid/work/cubrid/src/connection/tcp.c, line 1470
The css_peer_alive() is calling.
Time: 11/17/25 15:55:54.918 - DEBUG *** file /home/cubrid/work/cubrid/src/connection/tcp.c, line 1470
The css_peer_alive() is calling.
Time: 11/17/25 15:55:59.918 - DEBUG *** file /home/cubrid/work/cubrid/src/connection/tcp.c, line 1470
The css_peer_alive() is calling.
Time: 11/17/25 15:56:04.921 - DEBUG *** file /home/cubrid/work/cubrid/src/connection/tcp.c, line 1470
The css_peer_alive() is calling.
Time: 11/17/25 15:56:09.926 - DEBUG *** file /home/cubrid/work/cubrid/src/connection/tcp.c, line 1470
The css_peer_alive() is calling.
Time: 11/17/25 15:56:14.927 - DEBUG *** file /home/cubrid/work/cubrid/src/connection/tcp.c, line 1470
The css_peer_alive() is calling.
Time: 11/17/25 15:56:19.929 - DEBUG *** file /home/cubrid/work/cubrid/src/connection/tcp.c, line 1470
The css_peer_alive() is calling.
Time: 11/17/25 15:56:24.933 - DEBUG *** file /home/cubrid/work/cubrid/src/connection/tcp.c, line 1470
The css_peer_alive() is calling.
Time: 11/17/25 15:56:29.935 - DEBUG *** file /home/cubrid/work/cubrid/src/connection/tcp.c, line 1470
The css_peer_alive() is calling.
Time: 11/17/25 15:56:34.941 - DEBUG *** file /home/cubrid/work/cubrid/src/connection/tcp.c, line 1470
The css_peer_alive() is calling.
Time: 11/17/25 15:56:39.946 - DEBUG *** file /home/cubrid/work/cubrid/src/connection/tcp.c, line 1470
The css_peer_alive() is calling.
Time: 11/17/25 15:56:44.948 - DEBUG *** file /home/cubrid/work/cubrid/src/connection/tcp.c, line 1470
The css_peer_alive() is calling.
Time: 11/17/25 15:56:49.950 - DEBUG *** file /home/cubrid/work/cubrid/src/connection/tcp.c, line 1470
The css_peer_alive() is calling.
Time: 11/17/25 15:56:54.954 - DEBUG *** file /home/cubrid/work/cubrid/src/connection/tcp.c, line 1470
The css_peer_alive() is calling.
Time: 11/17/25 15:56:59.959 - DEBUG *** file /home/cubrid/work/cubrid/src/connection/tcp.c, line 1470
The css_peer_alive() is calling.
Time: 11/17/25 15:57:04.965 - DEBUG *** file /home/cubrid/work/cubrid/src/connection/tcp.c, line 1470
The css_peer_alive() is calling.
Time: 11/17/25 15:57:09.968 - DEBUG *** file /home/cubrid/work/cubrid/src/connection/tcp.c, line 1470
The css_peer_alive() is calling.
Time: 11/17/25 15:57:14.974 - DEBUG *** file /home/cubrid/work/cubrid/src/connection/tcp.c, line 1470
The css_peer_alive() is calling.
Time: 11/17/25 15:57:19.979 - DEBUG *** file /home/cubrid/work/cubrid/src/connection/tcp.c, line 1470
The css_peer_alive() is calling.
Time: 11/17/25 15:57:24.979 - DEBUG *** file /home/cubrid/work/cubrid/src/connection/tcp.c, line 1470
The css_peer_alive() is calling.
Time: 11/17/25 15:57:29.980 - DEBUG *** file /home/cubrid/work/cubrid/src/connection/tcp.c, line 1470
The css_peer_alive() is calling.
Time: 11/17/25 15:57:34.985 - DEBUG *** file /home/cubrid/work/cubrid/src/connection/tcp.c, line 1470
The css_peer_alive() is calling.
Time: 11/17/25 15:57:39.990 - DEBUG *** file /home/cubrid/work/cubrid/src/connection/tcp.c, line 1470
The css_peer_alive() is calling.
Time: 11/17/25 15:57:44.993 - DEBUG *** file /home/cubrid/work/cubrid/src/connection/tcp.c, line 1470
The css_peer_alive() is calling.
Time: 11/17/25 15:57:49.999 - DEBUG *** file /home/cubrid/work/cubrid/src/connection/tcp.c, line 1470
The css_peer_alive() is calling.
Time: 11/17/25 15:57:55.003 - DEBUG *** file /home/cubrid/work/cubrid/src/connection/tcp.c, line 1470
The css_peer_alive() is calling.
Time: 11/17/25 15:58:00.008 - DEBUG *** file /home/cubrid/work/cubrid/src/connection/tcp.c, line 1470
The css_peer_alive() is calling.
Time: 11/17/25 15:58:05.015 - DEBUG *** file /home/cubrid/work/cubrid/src/connection/tcp.c, line 1470
The css_peer_alive() is calling.
Time: 11/17/25 15:58:10.020 - DEBUG *** file /home/cubrid/work/cubrid/src/connection/tcp.c, line 1470
The css_peer_alive() is calling.
Time: 11/17/25 15:58:15.025 - DEBUG *** file /home/cubrid/work/cubrid/src/connection/tcp.c, line 1470
The css_peer_alive() is calling.
Time: 11/17/25 15:58:20.030 - DEBUG *** file /home/cubrid/work/cubrid/src/connection/tcp.c, line 1470
The css_peer_alive() is calling.
Time: 11/17/25 15:58:25.031 - DEBUG *** file /home/cubrid/work/cubrid/src/connection/tcp.c, line 1470
The css_peer_alive() is calling.
Time: 11/17/25 15:58:30.036 - DEBUG *** file /home/cubrid/work/cubrid/src/connection/tcp.c, line 1470
The css_peer_alive() is calling.
Time: 11/17/25 15:58:35.038 - DEBUG *** file /home/cubrid/work/cubrid/src/connection/tcp.c, line 1470
The css_peer_alive() is calling.
Time: 11/17/25 15:58:40.042 - DEBUG *** file /home/cubrid/work/cubrid/src/connection/tcp.c, line 1470
The css_peer_alive() is calling.
Time: 11/17/25 15:58:45.045 - DEBUG *** file /home/cubrid/work/cubrid/src/connection/tcp.c, line 1470
The css_peer_alive() is calling.
Time: 11/17/25 15:58:50.050 - DEBUG *** file /home/cubrid/work/cubrid/src/connection/tcp.c, line 1470
The css_peer_alive() is calling.
Time: 11/17/25 15:58:55.055 - DEBUG *** file /home/cubrid/work/cubrid/src/connection/tcp.c, line 1470
The css_peer_alive() is calling.
Time: 11/17/25 15:59:00.061 - DEBUG *** file /home/cubrid/work/cubrid/src/connection/tcp.c, line 1470
The css_peer_alive() is calling.
Time: 11/17/25 15:59:05.066 - DEBUG *** file /home/cubrid/work/cubrid/src/connection/tcp.c, line 1470
The css_peer_alive() is calling.
Time: 11/17/25 15:59:10.071 - DEBUG *** file /home/cubrid/work/cubrid/src/connection/tcp.c, line 1470
The css_peer_alive() is calling.
Time: 11/17/25 15:59:15.076 - DEBUG *** file /home/cubrid/work/cubrid/src/connection/tcp.c, line 1470
The css_peer_alive() is calling.
Time: 11/17/25 15:59:20.081 - DEBUG *** file /home/cubrid/work/cubrid/src/connection/tcp.c, line 1470
The css_peer_alive() is calling.
Time: 11/17/25 15:59:25.086 - DEBUG *** file /home/cubrid/work/cubrid/src/connection/tcp.c, line 1470
The css_peer_alive() is calling.
Time: 11/17/25 15:59:30.091 - DEBUG *** file /home/cubrid/work/cubrid/src/connection/tcp.c, line 1470
The css_peer_alive() is calling.
Time: 11/17/25 15:59:35.094 - DEBUG *** file /home/cubrid/work/cubrid/src/connection/tcp.c, line 1470
The css_peer_alive() is calling.
Time: 11/17/25 15:59:40.099 - DEBUG *** file /home/cubrid/work/cubrid/src/connection/tcp.c, line 1470
The css_peer_alive() is calling.
Time: 11/17/25 15:59:45.105 - DEBUG *** file /home/cubrid/work/cubrid/src/connection/tcp.c, line 1470
The css_peer_alive() is calling.
Time: 11/17/25 15:59:50.110 - DEBUG *** file /home/cubrid/work/cubrid/src/connection/tcp.c, line 1470
The css_peer_alive() is calling.
Time: 11/17/25 15:59:55.115 - DEBUG *** file /home/cubrid/work/cubrid/src/connection/tcp.c, line 1470
The css_peer_alive() is calling.
Time: 11/17/25 16:00:00.120 - DEBUG *** file /home/cubrid/work/cubrid/src/connection/tcp.c, line 1470
The css_peer_alive() is calling.
Time: 11/17/25 16:00:05.125 - DEBUG *** file /home/cubrid/work/cubrid/src/connection/tcp.c, line 1470
The css_peer_alive() is calling.
Time: 11/17/25 16:00:10.130 - DEBUG *** file /home/cubrid/work/cubrid/src/connection/tcp.c, line 1470
The css_peer_alive() is calling.
Time: 11/17/25 16:00:15.130 - DEBUG *** file /home/cubrid/work/cubrid/src/connection/tcp.c, line 1470
The css_peer_alive() is calling.
Time: 11/17/25 16:00:20.136 - DEBUG *** file /home/cubrid/work/cubrid/src/connection/tcp.c, line 1470
The css_peer_alive() is calling.
Time: 11/17/25 16:00:25.136 - DEBUG *** file /home/cubrid/work/cubrid/src/connection/tcp.c, line 1470
The css_peer_alive() is calling.
Time: 11/17/25 16:00:30.138 - DEBUG *** file /home/cubrid/work/cubrid/src/connection/tcp.c, line 1470
The css_peer_alive() is calling.
Time: 11/17/25 16:00:35.143 - DEBUG *** file /home/cubrid/work/cubrid/src/connection/tcp.c, line 1470
The css_peer_alive() is calling.
Time: 12/12/25 15:30:58.880 - DEBUG *** file /home/cubrid/work/cubrid/src/transaction/boot_cl.c, line 1666
trying to connect 'demodb@localhost'

Time: 12/12/25 15:30:58.880 - DEBUG *** file /home/cubrid/work/cubrid/src/transaction/boot_cl.c, line 1688
ping server with handshake

Time: 12/12/25 15:30:58.881 - NOTIFICATION *** file /home/cubrid/work/cubrid/src/transaction/boot_cl.c, line 1084  CODE = -971, Tran = -1, EID = 1
Program 'csql' (pid 1563875) connected to database server 'demodb' on the host 'localhost' (port 1523).

Time: 12/12/25 15:30:58.882 - DEBUG *** file /home/cubrid/work/cubrid/src/transaction/boot_cl.c, line 1134
boot_restart_client: register client { type 2 db demodb user dba password (null) program csql login cubrid host bwkim192 pid 1563875 }

Time: 12/12/25 15:31:47.756 - ERROR *** file /home/cubrid/work/cubrid/src/query/execute_statement.c, line 21848 ERROR CODE = -1305, Tran = 1, EID = 2
dblink - server "[srv1]" not found.

Time: 12/12/25 15:31:47.756 - SYNTAX ERROR *** file /home/cubrid/work/cubrid/src/parser/query_result.c, line 376 ERROR CODE = -494, Tran = 1, EID = 3
Semantic: dblink - server "[srv1]" not found. insert into t1@srv1 values (1, 'bc')

Time: 12/12/25 15:31:47.756 - SYNTAX ERROR *** file /home/cubrid/work/cubrid/src/compat/db_vdb.c, line 1051 ERROR CODE = -492, Tran = 1, EID = 4
dblink - server "[srv1]" not found.

Time: 12/12/25 15:32:27.884 - ERROR *** file /home/cubrid/work/cubrid/src/query/execute_statement.c, line 21848 ERROR CODE = -1305, Tran = 1, EID = 5
dblink - server "[srv1]" not found.

Time: 12/12/25 15:32:42.068 - ERROR *** file Unknown from server, line -1 ERROR CODE = -1302, Tran = 1, EID = 6
dblink - Your transaction has been aborted by the system due to server failure or mode change.[CAS INFO-192.168.2.193:33000,1,1574516].

*** The previous error message is the last one. ***


Time: 12/12/25 15:33:46.921 - DEBUG *** file /home/cubrid/work/cubrid/src/transaction/boot_cl.c, line 1666
trying to connect 'demodb@localhost'

Time: 12/12/25 15:33:46.921 - DEBUG *** file /home/cubrid/work/cubrid/src/transaction/boot_cl.c, line 1688
ping server with handshake

Time: 12/12/25 15:33:46.921 - NOTIFICATION *** file /home/cubrid/work/cubrid/src/transaction/boot_cl.c, line 1084  CODE = -971, Tran = -1, EID = 1
Program 'csql' (pid 1563877) connected to database server 'demodb' on the host 'localhost' (port 1523).

Time: 12/12/25 15:33:46.922 - DEBUG *** file /home/cubrid/work/cubrid/src/transaction/boot_cl.c, line 1134
boot_restart_client: register client { type 2 db demodb user dba password (null) program csql login cubrid host bwkim192 pid 1563877 }

Time: 12/12/25 15:33:53.780 - ERROR *** file /home/cubrid/work/cubrid/src/query/execute_statement.c, line 21848 ERROR CODE = -1305, Tran = 1, EID = 2
dblink - server "[srv1]" not found.

Time: 12/12/25 15:34:03.901 - DEBUG *** file /home/cubrid/work/cubrid/src/communication/network_interface_cl.c, line 7209
qmgr_execute_query requested: EXECUTION_WITH_AUTOCOMMIT

Time: 12/12/25 15:34:07.108 - DEBUG *** file /home/cubrid/work/cubrid/src/transaction/boot_cl.c, line 1666
trying to connect 'demodb@localhost'

Time: 12/12/25 15:34:07.108 - DEBUG *** file /home/cubrid/work/cubrid/src/transaction/boot_cl.c, line 1688
ping server with handshake

Time: 12/12/25 15:34:07.108 - NOTIFICATION *** file /home/cubrid/work/cubrid/src/transaction/boot_cl.c, line 1084  CODE = -971, Tran = -1, EID = 1
Program 'csql' (pid 1563880) connected to database server 'demodb' on the host 'localhost' (port 1523).

Time: 12/12/25 15:34:07.108 - DEBUG *** file /home/cubrid/work/cubrid/src/transaction/boot_cl.c, line 1134
boot_restart_client: register client { type 2 db demodb user dba password (null) program csql login cubrid host bwkim192 pid 1563880 }

Time: 12/12/25 15:35:07.552 - DEBUG *** file /home/cubrid/work/cubrid/src/connection/tcp.c, line 1470
The css_peer_alive() is calling.
Time: 12/12/25 15:35:12.556 - DEBUG *** file /home/cubrid/work/cubrid/src/connection/tcp.c, line 1470
The css_peer_alive() is calling.
Time: 12/12/25 15:35:17.561 - DEBUG *** file /home/cubrid/work/cubrid/src/connection/tcp.c, line 1470
The css_peer_alive() is calling.
Time: 12/12/25 15:35:22.566 - DEBUG *** file /home/cubrid/work/cubrid/src/connection/tcp.c, line 1470
The css_peer_alive() is calling.
Time: 12/12/25 15:35:22.978 - DEBUG *** file /home/cubrid/work/cubrid/src/connection/connection_support.c, line 427
css_readn: POLLHUP Invalid argument
Time: 12/12/25 15:35:22.978 - ERROR *** file /home/cubrid/work/cubrid/src/communication/network_cl.c, line 158 ERROR CODE = -199, Tran = 1, EID = 2
Server no longer responding.... Invalid argument

Time: 12/12/25 15:35:22.978 - DEBUG *** file /home/cubrid/work/cubrid/src/communication/network_cl.c, line 162
set_server_error(7) server_error -199

Time: 12/12/25 15:35:22.979 - ERROR *** file /home/cubrid/work/cubrid/src/transaction/transaction_cl.c, line 600 ERROR CODE = -111, Tran = 1, EID = 3
Your transaction has been aborted by the system due to server failure or mode change.

Time: 12/12/25 15:35:22.979 - ERROR *** file /home/cubrid/work/cubrid/src/compat/db_admin.c, line 1067 ERROR CODE = -224, Tran = -1, EID = 4
A database has not been restarted.

*** The previous error message is the last one. ***


Time: 12/15/25 15:13:42.875 - DEBUG *** file /home/cubrid/work/cubrid/src/transaction/boot_cl.c, line 1666
trying to connect 'demodb@localhost'

Time: 12/15/25 15:13:42.875 - DEBUG *** file /home/cubrid/work/cubrid/src/transaction/boot_cl.c, line 1688
ping server with handshake

Time: 12/15/25 15:13:42.876 - NOTIFICATION *** file /home/cubrid/work/cubrid/src/transaction/boot_cl.c, line 1084  CODE = -971, Tran = -1, EID = 1
Program 'csql' (pid 1578076) connected to database server 'demodb' on the host 'localhost' (port 1523).

Time: 12/15/25 15:13:42.876 - DEBUG *** file /home/cubrid/work/cubrid/src/transaction/boot_cl.c, line 1134
boot_restart_client: register client { type 2 db demodb user dba password (null) program csql login cubrid host bwkim192 pid 1578076 }

Time: 12/15/25 15:13:52.133 - DEBUG *** file /home/cubrid/work/cubrid/src/communication/network_interface_cl.c, line 7213
qmgr_execute_query requested: EXECUTION_WITHOUT_AUTOCOMMIT

Time: 12/15/25 15:13:53.040 - ERROR *** file Unknown from server, line -1 ERROR CODE = -1302, Tran = 1, EID = 2
dblink - Cannot communicate with server[CAS INFO-192.168.2.193:33000,1,1580982].

*** The previous error message is the last one. ***


Time: 12/15/25 15:13:55.306 - DEBUG *** file /home/cubrid/work/cubrid/src/transaction/boot_cl.c, line 1666
trying to connect 'demodb@localhost'

Time: 12/15/25 15:13:55.307 - DEBUG *** file /home/cubrid/work/cubrid/src/transaction/boot_cl.c, line 1688
ping server with handshake

Time: 12/15/25 15:13:55.307 - NOTIFICATION *** file /home/cubrid/work/cubrid/src/transaction/boot_cl.c, line 1084  CODE = -971, Tran = -1, EID = 1
Program 'csql' (pid 1578078) connected to database server 'demodb' on the host 'localhost' (port 1523).

Time: 12/15/25 15:13:55.307 - DEBUG *** file /home/cubrid/work/cubrid/src/transaction/boot_cl.c, line 1134
boot_restart_client: register client { type 2 db demodb user dba password (null) program csql login cubrid host bwkim192 pid 1578078 }

Time: 12/15/25 17:51:16.532 - DEBUG *** file /home/cubrid/work/cubrid/src/transaction/boot_cl.c, line 1134
boot_restart_client: register client { type 2 db demodb user dba password (null) program csql login cubrid host bwkim192 pid 1583555 }

Time: 12/15/25 17:51:16.532 - DEBUG *** file /home/cubrid/work/cubrid/src/sp/pl_connection.cpp, line 185
pl_connection_pool: connection retire (0)

Time: 12/15/25 17:51:18.611 - DEBUG *** file /home/cubrid/work/cubrid/src/storage/file_io.c, line 2182
Created volume /home/cubrid/CUBRID/demo/demodb_dwb

Time: 12/15/25 17:51:18.615 - DEBUG *** file /home/cubrid/work/cubrid/src/transaction/log_manager.c, line 1064
LOG INITIALIZE
	db_fullname = /home/cubrid/CUBRID/demo/demodb 
	logpath = /home/cubrid/CUBRID/demo 
	prefix_logname = demodb 
	ismedia_crash = 0 

Time: 12/15/25 17:51:18.821 - DEBUG *** file /home/cubrid/work/cubrid/src/storage/file_io.c, line 2746
Destroyed volume /home/cubrid/CUBRID/demo/demodb_lgar_t

Time: 12/15/25 17:51:18.821 - DEBUG *** file /home/cubrid/work/cubrid/src/storage/file_io.c, line 2182
Created volume /home/cubrid/CUBRID/demo/demodb_lgar_t

Time: 12/15/25 17:51:18.836 - DEBUG *** file /home/cubrid/work/cubrid/src/transaction/log_manager.c, line 1501
log_initialize_internal: end of log initializaton, append_lsa = (835|4232) 

Time: 12/15/25 17:51:18.856 - NOTIFICATION *** file /home/cubrid/work/cubrid/src/query/vacuum.c, line 998  CODE = -1190, Tran = -1, EID = 1
Stand-alone vacuum execution is started.

Time: 12/15/25 17:51:18.856 - DEBUG *** file /home/cubrid/work/cubrid/src/query/vacuum.c, line 999
Stand-alone vacuum start.

Time: 12/15/25 17:51:18.856 - NOTIFICATION *** file /home/cubrid/work/cubrid/src/query/vacuum.c, line 1091  CODE = -1191, Tran = -1, EID = 2
Stand-alone vacuum execution is ended.

Time: 12/15/25 17:51:18.856 - DEBUG *** file /home/cubrid/work/cubrid/src/query/vacuum.c, line 1092
Stand-alone vacuum end.

Time: 12/15/25 17:51:18.867 - DEBUG *** file /home/cubrid/work/cubrid/src/sp/pl_connection.cpp, line 185
pl_connection_pool: connection retire (1)

Time: 12/15/25 17:51:18.870 - DEBUG *** file /home/cubrid/work/cubrid/src/sp/pl_connection.cpp, line 185
pl_connection_pool: connection retire (2)

Time: 12/15/25 17:51:18.872 - DEBUG *** file /home/cubrid/work/cubrid/src/sp/pl_connection.cpp, line 185
pl_connection_pool: connection retire (3)

Time: 12/15/25 17:51:18.874 - DEBUG *** file /home/cubrid/work/cubrid/src/sp/pl_connection.cpp, line 185
pl_connection_pool: connection retire (4)

Time: 12/15/25 17:51:18.874 - DEBUG *** file /home/cubrid/work/cubrid/src/query/partition.c, line 725
creating partition cache

Time: 12/15/25 17:51:18.874 - NOTIFICATION *** file /home/cubrid/work/cubrid/src/transaction/boot_sr.c, line 237  CODE = -973, Tran = -1, EID = 3
Server status is UP.

Time: 12/15/25 17:51:32.175 - ERROR *** file /home/cubrid/work/cubrid/src/query/dblink_scan.c, line 657 ERROR CODE = -1302, Tran = 1, EID = 5
dblink - Cannot communicate with server[CAS INFO-192.168.2.193:33000,1,1586208].

Time: 12/15/25 17:51:32.176 - ERROR *** file /home/cubrid/work/cubrid/src/query/dblink_scan.c, line 561 ERROR CODE = -1367, Tran = 1, EID = 6
DBLINK Transaction ABORTED: Cannot communicate with server[CAS INFO-192.168.2.193:33000,1,1586208].

Time: 12/15/25 17:51:32.176 - DEBUG *** file /home/cubrid/work/cubrid/src/query/query_manager.c, line 2230
dblink transaction is not completed !

Time: 12/15/25 17:51:33.135 - DEBUG *** file /home/cubrid/work/cubrid/src/storage/file_io.c, line 2746
Destroyed volume /home/cubrid/CUBRID/demo/demodb_dwb

Time: 12/15/25 17:51:33.136 - NOTIFICATION *** file /home/cubrid/work/cubrid/src/transaction/boot_sr.c, line 237  CODE = -973, Tran = 1, EID = 7
Server status is DOWN.

Time: 12/15/25 17:51:33.136 - DEBUG *** file /home/cubrid/work/cubrid/src/query/partition.c, line 760
deleting partition cache

Time: 12/15/25 17:51:35.031 - DEBUG *** file /home/cubrid/work/cubrid/src/transaction/boot_cl.c, line 1134
boot_restart_client: register client { type 2 db demodb user dba password (null) program csql login cubrid host bwkim192 pid 1583646 }

Time: 12/15/25 17:51:35.031 - DEBUG *** file /home/cubrid/work/cubrid/src/sp/pl_connection.cpp, line 185
pl_connection_pool: connection retire (0)

Time: 12/15/25 17:51:37.108 - DEBUG *** file /home/cubrid/work/cubrid/src/storage/file_io.c, line 2182
Created volume /home/cubrid/CUBRID/demo/demodb_dwb

Time: 12/15/25 17:51:37.109 - DEBUG *** file /home/cubrid/work/cubrid/src/transaction/log_manager.c, line 1064
LOG INITIALIZE
	db_fullname = /home/cubrid/CUBRID/demo/demodb 
	logpath = /home/cubrid/CUBRID/demo 
	prefix_logname = demodb 
	ismedia_crash = 0 

Time: 12/15/25 17:51:37.309 - DEBUG *** file /home/cubrid/work/cubrid/src/storage/file_io.c, line 2746
Destroyed volume /home/cubrid/CUBRID/demo/demodb_lgar_t

Time: 12/15/25 17:51:37.310 - DEBUG *** file /home/cubrid/work/cubrid/src/storage/file_io.c, line 2182
Created volume /home/cubrid/CUBRID/demo/demodb_lgar_t

Time: 12/15/25 17:51:37.325 - DEBUG *** file /home/cubrid/work/cubrid/src/transaction/log_manager.c, line 1501
log_initialize_internal: end of log initializaton, append_lsa = (835|4400) 

Time: 12/15/25 17:51:37.344 - NOTIFICATION *** file /home/cubrid/work/cubrid/src/query/vacuum.c, line 998  CODE = -1190, Tran = -1, EID = 1
Stand-alone vacuum execution is started.

Time: 12/15/25 17:51:37.344 - DEBUG *** file /home/cubrid/work/cubrid/src/query/vacuum.c, line 999
Stand-alone vacuum start.

Time: 12/15/25 17:51:37.346 - NOTIFICATION *** file /home/cubrid/work/cubrid/src/query/vacuum.c, line 1091  CODE = -1191, Tran = -1, EID = 2
Stand-alone vacuum execution is ended.

Time: 12/15/25 17:51:37.346 - DEBUG *** file /home/cubrid/work/cubrid/src/query/vacuum.c, line 1092
Stand-alone vacuum end.

Time: 12/15/25 17:51:37.356 - DEBUG *** file /home/cubrid/work/cubrid/src/sp/pl_connection.cpp, line 185
pl_connection_pool: connection retire (1)

Time: 12/15/25 17:51:37.358 - DEBUG *** file /home/cubrid/work/cubrid/src/sp/pl_connection.cpp, line 185
pl_connection_pool: connection retire (2)

Time: 12/15/25 17:51:37.359 - DEBUG *** file /home/cubrid/work/cubrid/src/sp/pl_connection.cpp, line 185
pl_connection_pool: connection retire (3)

Time: 12/15/25 17:51:37.361 - DEBUG *** file /home/cubrid/work/cubrid/src/sp/pl_connection.cpp, line 185
pl_connection_pool: connection retire (4)

Time: 12/15/25 17:51:37.361 - DEBUG *** file /home/cubrid/work/cubrid/src/query/partition.c, line 725
creating partition cache

Time: 12/15/25 17:51:37.361 - NOTIFICATION *** file /home/cubrid/work/cubrid/src/transaction/boot_sr.c, line 237  CODE = -973, Tran = -1, EID = 3
Server status is UP.

*** The previous error message is the last one. ***


Time: 12/15/25 17:56:58.829 - DEBUG *** file /home/cubrid/work/cubrid/src/transaction/boot_cl.c, line 1134
boot_restart_client: register client { type 2 db demodb user dba password (null) program csql login cubrid host bwkim192 pid 1583768 }

Time: 12/15/25 17:56:58.829 - DEBUG *** file /home/cubrid/work/cubrid/src/sp/pl_connection.cpp, line 185
pl_connection_pool: connection retire (0)

Time: 12/15/25 17:57:00.907 - DEBUG *** file /home/cubrid/work/cubrid/src/storage/file_io.c, line 2182
Created volume /home/cubrid/CUBRID/demo/demodb_dwb

Time: 12/15/25 17:57:00.909 - DEBUG *** file /home/cubrid/work/cubrid/src/transaction/log_manager.c, line 1064
LOG INITIALIZE
	db_fullname = /home/cubrid/CUBRID/demo/demodb 
	logpath = /home/cubrid/CUBRID/demo 
	prefix_logname = demodb 
	ismedia_crash = 0 

Time: 12/15/25 17:57:01.114 - DEBUG *** file /home/cubrid/work/cubrid/src/storage/file_io.c, line 2746
Destroyed volume /home/cubrid/CUBRID/demo/demodb_lgar_t

Time: 12/15/25 17:57:01.115 - DEBUG *** file /home/cubrid/work/cubrid/src/storage/file_io.c, line 2182
Created volume /home/cubrid/CUBRID/demo/demodb_lgar_t

Time: 12/15/25 17:57:01.130 - DEBUG *** file /home/cubrid/work/cubrid/src/transaction/log_manager.c, line 1501
log_initialize_internal: end of log initializaton, append_lsa = (835|5608) 

Time: 12/15/25 17:57:01.152 - NOTIFICATION *** file /home/cubrid/work/cubrid/src/query/vacuum.c, line 998  CODE = -1190, Tran = -1, EID = 1
Stand-alone vacuum execution is started.

Time: 12/15/25 17:57:01.152 - DEBUG *** file /home/cubrid/work/cubrid/src/query/vacuum.c, line 999
Stand-alone vacuum start.

Time: 12/15/25 17:57:01.153 - NOTIFICATION *** file /home/cubrid/work/cubrid/src/query/vacuum.c, line 1091  CODE = -1191, Tran = -1, EID = 2
Stand-alone vacuum execution is ended.

Time: 12/15/25 17:57:01.153 - DEBUG *** file /home/cubrid/work/cubrid/src/query/vacuum.c, line 1092
Stand-alone vacuum end.

Time: 12/15/25 17:57:01.163 - DEBUG *** file /home/cubrid/work/cubrid/src/sp/pl_connection.cpp, line 185
pl_connection_pool: connection retire (1)

Time: 12/15/25 17:57:01.166 - DEBUG *** file /home/cubrid/work/cubrid/src/sp/pl_connection.cpp, line 185
pl_connection_pool: connection retire (2)

Time: 12/15/25 17:57:01.168 - DEBUG *** file /home/cubrid/work/cubrid/src/sp/pl_connection.cpp, line 185
pl_connection_pool: connection retire (3)

Time: 12/15/25 17:57:01.170 - DEBUG *** file /home/cubrid/work/cubrid/src/sp/pl_connection.cpp, line 185
pl_connection_pool: connection retire (4)

Time: 12/15/25 17:57:01.170 - DEBUG *** file /home/cubrid/work/cubrid/src/query/partition.c, line 725
creating partition cache

Time: 12/15/25 17:57:01.170 - NOTIFICATION *** file /home/cubrid/work/cubrid/src/transaction/boot_sr.c, line 237  CODE = -973, Tran = -1, EID = 3
Server status is UP.

Time: 12/15/25 17:57:15.557 - DEBUG *** file /home/cubrid/work/cubrid/src/storage/file_io.c, line 2746
Destroyed volume /home/cubrid/CUBRID/demo/demodb_dwb

Time: 12/15/25 17:57:15.557 - NOTIFICATION *** file /home/cubrid/work/cubrid/src/transaction/boot_sr.c, line 237  CODE = -973, Tran = 1, EID = 5
Server status is DOWN.

Time: 12/15/25 17:57:15.558 - DEBUG *** file /home/cubrid/work/cubrid/src/query/partition.c, line 760
deleting partition cache

Time: 12/15/25 17:57:17.165 - DEBUG *** file /home/cubrid/work/cubrid/src/transaction/boot_cl.c, line 1134
boot_restart_client: register client { type 2 db demodb user dba password (null) program csql login cubrid host bwkim192 pid 1583859 }

Time: 12/15/25 17:57:17.165 - DEBUG *** file /home/cubrid/work/cubrid/src/sp/pl_connection.cpp, line 185
pl_connection_pool: connection retire (0)

Time: 12/15/25 17:57:19.244 - DEBUG *** file /home/cubrid/work/cubrid/src/storage/file_io.c, line 2182
Created volume /home/cubrid/CUBRID/demo/demodb_dwb

Time: 12/15/25 17:57:19.247 - DEBUG *** file /home/cubrid/work/cubrid/src/transaction/log_manager.c, line 1064
LOG INITIALIZE
	db_fullname = /home/cubrid/CUBRID/demo/demodb 
	logpath = /home/cubrid/CUBRID/demo 
	prefix_logname = demodb 
	ismedia_crash = 0 

Time: 12/15/25 17:57:19.453 - DEBUG *** file /home/cubrid/work/cubrid/src/storage/file_io.c, line 2746
Destroyed volume /home/cubrid/CUBRID/demo/demodb_lgar_t

Time: 12/15/25 17:57:19.453 - DEBUG *** file /home/cubrid/work/cubrid/src/storage/file_io.c, line 2182
Created volume /home/cubrid/CUBRID/demo/demodb_lgar_t

Time: 12/15/25 17:57:19.468 - DEBUG *** file /home/cubrid/work/cubrid/src/transaction/log_manager.c, line 1501
log_initialize_internal: end of log initializaton, append_lsa = (835|6504) 

Time: 12/15/25 17:57:19.488 - NOTIFICATION *** file /home/cubrid/work/cubrid/src/query/vacuum.c, line 998  CODE = -1190, Tran = -1, EID = 1
Stand-alone vacuum execution is started.

Time: 12/15/25 17:57:19.489 - DEBUG *** file /home/cubrid/work/cubrid/src/query/vacuum.c, line 999
Stand-alone vacuum start.

Time: 12/15/25 17:57:19.489 - NOTIFICATION *** file /home/cubrid/work/cubrid/src/query/vacuum.c, line 1091  CODE = -1191, Tran = -1, EID = 2
Stand-alone vacuum execution is ended.

Time: 12/15/25 17:57:19.489 - DEBUG *** file /home/cubrid/work/cubrid/src/query/vacuum.c, line 1092
Stand-alone vacuum end.

Time: 12/15/25 17:57:19.500 - DEBUG *** file /home/cubrid/work/cubrid/src/sp/pl_connection.cpp, line 185
pl_connection_pool: connection retire (1)

Time: 12/15/25 17:57:19.502 - DEBUG *** file /home/cubrid/work/cubrid/src/sp/pl_connection.cpp, line 185
pl_connection_pool: connection retire (2)

Time: 12/15/25 17:57:19.504 - DEBUG *** file /home/cubrid/work/cubrid/src/sp/pl_connection.cpp, line 185
pl_connection_pool: connection retire (3)

Time: 12/15/25 17:57:19.505 - DEBUG *** file /home/cubrid/work/cubrid/src/sp/pl_connection.cpp, line 185
pl_connection_pool: connection retire (4)

Time: 12/15/25 17:57:19.505 - DEBUG *** file /home/cubrid/work/cubrid/src/query/partition.c, line 725
creating partition cache

Time: 12/15/25 17:57:19.505 - NOTIFICATION *** file /home/cubrid/work/cubrid/src/transaction/boot_sr.c, line 237  CODE = -973, Tran = -1, EID = 3
Server status is UP.

*** The previous error message is the last one. ***


Time: 12/15/25 18:00:32.272 - DEBUG *** file /home/cubrid/work/cubrid/src/transaction/boot_cl.c, line 1134
boot_restart_client: register client { type 2 db demodb user dba password (null) program csql login cubrid host bwkim192 pid 1583979 }

Time: 12/15/25 18:00:32.272 - DEBUG *** file /home/cubrid/work/cubrid/src/sp/pl_connection.cpp, line 185
pl_connection_pool: connection retire (0)

Time: 12/15/25 18:00:34.350 - DEBUG *** file /home/cubrid/work/cubrid/src/storage/file_io.c, line 2182
Created volume /home/cubrid/CUBRID/demo/demodb_dwb

Time: 12/15/25 18:00:34.353 - DEBUG *** file /home/cubrid/work/cubrid/src/transaction/log_manager.c, line 1064
LOG INITIALIZE
	db_fullname = /home/cubrid/CUBRID/demo/demodb 
	logpath = /home/cubrid/CUBRID/demo 
	prefix_logname = demodb 
	ismedia_crash = 0 

Time: 12/15/25 18:00:34.553 - DEBUG *** file /home/cubrid/work/cubrid/src/storage/file_io.c, line 2746
Destroyed volume /home/cubrid/CUBRID/demo/demodb_lgar_t

Time: 12/15/25 18:00:34.553 - DEBUG *** file /home/cubrid/work/cubrid/src/storage/file_io.c, line 2182
Created volume /home/cubrid/CUBRID/demo/demodb_lgar_t

Time: 12/15/25 18:00:34.568 - DEBUG *** file /home/cubrid/work/cubrid/src/transaction/log_manager.c, line 1501
log_initialize_internal: end of log initializaton, append_lsa = (835|7712) 

Time: 12/15/25 18:00:34.588 - NOTIFICATION *** file /home/cubrid/work/cubrid/src/query/vacuum.c, line 998  CODE = -1190, Tran = -1, EID = 1
Stand-alone vacuum execution is started.

Time: 12/15/25 18:00:34.588 - DEBUG *** file /home/cubrid/work/cubrid/src/query/vacuum.c, line 999
Stand-alone vacuum start.

Time: 12/15/25 18:00:34.589 - NOTIFICATION *** file /home/cubrid/work/cubrid/src/query/vacuum.c, line 1091  CODE = -1191, Tran = -1, EID = 2
Stand-alone vacuum execution is ended.

Time: 12/15/25 18:00:34.589 - DEBUG *** file /home/cubrid/work/cubrid/src/query/vacuum.c, line 1092
Stand-alone vacuum end.

Time: 12/15/25 18:00:34.600 - DEBUG *** file /home/cubrid/work/cubrid/src/sp/pl_connection.cpp, line 185
pl_connection_pool: connection retire (1)

Time: 12/15/25 18:00:34.602 - DEBUG *** file /home/cubrid/work/cubrid/src/sp/pl_connection.cpp, line 185
pl_connection_pool: connection retire (2)

Time: 12/15/25 18:00:34.604 - DEBUG *** file /home/cubrid/work/cubrid/src/sp/pl_connection.cpp, line 185
pl_connection_pool: connection retire (3)

Time: 12/15/25 18:00:34.606 - DEBUG *** file /home/cubrid/work/cubrid/src/sp/pl_connection.cpp, line 185
pl_connection_pool: connection retire (4)

Time: 12/15/25 18:00:34.606 - DEBUG *** file /home/cubrid/work/cubrid/src/query/partition.c, line 725
creating partition cache

Time: 12/15/25 18:00:34.606 - NOTIFICATION *** file /home/cubrid/work/cubrid/src/transaction/boot_sr.c, line 237  CODE = -973, Tran = -1, EID = 3
Server status is UP.

*** The previous error message is the last one. ***


Time: 12/16/25 10:25:01.077 - DEBUG *** file /home/cubrid/work/cubrid/src/transaction/boot_cl.c, line 1666
trying to connect 'demodb@localhost'

Time: 12/16/25 10:25:01.077 - DEBUG *** file /home/cubrid/work/cubrid/src/transaction/boot_cl.c, line 1688
ping server with handshake

Time: 12/16/25 10:25:01.078 - NOTIFICATION *** file /home/cubrid/work/cubrid/src/transaction/boot_cl.c, line 1084  CODE = -971, Tran = -1, EID = 1
Program 'csql' (pid 1588910) connected to database server 'demodb' on the host 'localhost' (port 1523).

Time: 12/16/25 10:25:01.078 - DEBUG *** file /home/cubrid/work/cubrid/src/transaction/boot_cl.c, line 1134
boot_restart_client: register client { type 2 db demodb user dba password (null) program csql login cubrid host bwkim192 pid 1588910 }

Time: 12/16/25 10:25:18.878 - DEBUG *** file /home/cubrid/work/cubrid/src/communication/network_interface_cl.c, line 7213
qmgr_execute_query requested: EXECUTION_WITHOUT_AUTOCOMMIT

Time: 12/16/25 10:25:34.918 - DEBUG *** file /home/cubrid/work/cubrid/src/transaction/boot_cl.c, line 1666
trying to connect 'demodb@localhost'

Time: 12/16/25 10:25:34.918 - DEBUG *** file /home/cubrid/work/cubrid/src/transaction/boot_cl.c, line 1688
ping server with handshake

Time: 12/16/25 10:25:34.918 - NOTIFICATION *** file /home/cubrid/work/cubrid/src/transaction/boot_cl.c, line 1084  CODE = -971, Tran = -1, EID = 1
Program 'csql' (pid 1588915) connected to database server 'demodb' on the host 'localhost' (port 1523).

Time: 12/16/25 10:25:34.918 - DEBUG *** file /home/cubrid/work/cubrid/src/transaction/boot_cl.c, line 1134
boot_restart_client: register client { type 2 db demodb user 한글 password (null) program csql login cubrid host bwkim192 pid 1588915 }

Time: 12/16/25 10:25:59.989 - DEBUG *** file /home/cubrid/work/cubrid/src/communication/network_interface_cl.c, line 7213
qmgr_execute_query requested: EXECUTION_WITHOUT_AUTOCOMMIT

Time: 12/16/25 10:26:17.273 - DEBUG *** file /home/cubrid/work/cubrid/src/communication/network_interface_cl.c, line 7209
qmgr_execute_query requested: EXECUTION_WITH_AUTOCOMMIT

Time: 12/16/25 10:26:29.740 - DEBUG *** file /home/cubrid/work/cubrid/src/communication/network_interface_cl.c, line 7209
qmgr_execute_query requested: EXECUTION_WITH_AUTOCOMMIT

Time: 12/16/25 13:15:01.846 - DEBUG *** file /home/cubrid/work/cubrid/src/transaction/boot_cl.c, line 1666
trying to connect 'demodb@localhost'

Time: 12/16/25 13:15:01.846 - DEBUG *** file /home/cubrid/work/cubrid/src/transaction/boot_cl.c, line 1688
ping server with handshake

Time: 12/16/25 13:15:01.846 - NOTIFICATION *** file /home/cubrid/work/cubrid/src/transaction/boot_cl.c, line 1084  CODE = -971, Tran = -1, EID = 1
Program 'csql' (pid 1590750) connected to database server 'demodb' on the host 'localhost' (port 1523).

Time: 12/16/25 13:15:01.847 - DEBUG *** file /home/cubrid/work/cubrid/src/transaction/boot_cl.c, line 1134
boot_restart_client: register client { type 2 db demodb user dba password (null) program csql login cubrid host bwkim192 pid 1590750 }

Time: 12/16/25 13:16:21.710 - DEBUG *** file /home/cubrid/work/cubrid/src/connection/tcp.c, line 1470
The css_peer_alive() is calling.
Time: 12/16/25 13:16:26.715 - DEBUG *** file /home/cubrid/work/cubrid/src/connection/tcp.c, line 1470
The css_peer_alive() is calling.
Time: 12/16/25 13:16:29.301 - DEBUG *** file /home/cubrid/work/cubrid/src/connection/connection_support.c, line 427
css_readn: POLLHUP Invalid argument
Time: 12/16/25 13:16:29.301 - ERROR *** file /home/cubrid/work/cubrid/src/communication/network_cl.c, line 158 ERROR CODE = -199, Tran = 1, EID = 2
Server no longer responding.... Invalid argument

Time: 12/16/25 13:16:29.301 - DEBUG *** file /home/cubrid/work/cubrid/src/communication/network_cl.c, line 162
set_server_error(7) server_error -199

Time: 12/16/25 13:16:29.301 - ERROR *** file /home/cubrid/work/cubrid/src/transaction/transaction_cl.c, line 600 ERROR CODE = -111, Tran = 1, EID = 3
Your transaction has been aborted by the system due to server failure or mode change.

Time: 12/16/25 13:16:29.301 - ERROR *** file /home/cubrid/work/cubrid/src/compat/db_admin.c, line 1067 ERROR CODE = -224, Tran = -1, EID = 4
A database has not been restarted.

*** The previous error message is the last one. ***


Time: 12/16/25 13:46:35.828 - DEBUG *** file /home/cubrid/work/cubrid/src/transaction/boot_cl.c, line 1666
trying to connect 'demodb@localhost'

Time: 12/16/25 13:46:35.828 - DEBUG *** file /home/cubrid/work/cubrid/src/transaction/boot_cl.c, line 1688
ping server with handshake

Time: 12/16/25 13:46:35.828 - NOTIFICATION *** file /home/cubrid/work/cubrid/src/transaction/boot_cl.c, line 1084  CODE = -971, Tran = -1, EID = 1
Program 'csql' (pid 1593533) connected to database server 'demodb' on the host 'localhost' (port 1523).

Time: 12/16/25 13:46:35.829 - DEBUG *** file /home/cubrid/work/cubrid/src/transaction/boot_cl.c, line 1134
boot_restart_client: register client { type 2 db demodb user dba password (null) program csql login cubrid host bwkim192 pid 1593533 }

Time: 12/16/25 13:46:49.042 - ERROR *** file /home/cubrid/work/cubrid/src/query/execute_statement.c, line 21848 ERROR CODE = -1305, Tran = 1, EID = 2
dblink - server "[srv]" not found.

Time: 12/16/25 13:46:49.042 - SYNTAX ERROR *** file /home/cubrid/work/cubrid/src/parser/query_result.c, line 376 ERROR CODE = -494, Tran = 1, EID = 3
Semantic: dblink - server "[srv]" not found. insert into t1@srv values (1, 2)

Time: 12/16/25 13:46:49.042 - SYNTAX ERROR *** file /home/cubrid/work/cubrid/src/compat/db_vdb.c, line 1051 ERROR CODE = -492, Tran = 1, EID = 4
dblink - server "[srv]" not found.

Time: 12/16/25 13:46:53.518 - DEBUG *** file /home/cubrid/work/cubrid/src/communication/network_interface_cl.c, line 7213
qmgr_execute_query requested: EXECUTION_WITHOUT_AUTOCOMMIT

Time: 12/16/25 13:46:54.322 - ERROR *** file Unknown from server, line -1 ERROR CODE = -1302, Tran = 1, EID = 5
dblink - Cannot communicate with server[CAS INFO-192.168.2.193:33000,1,1587946].

Time: 12/16/25 13:46:55.820 - DEBUG *** file /home/cubrid/work/cubrid/src/communication/network_interface_cl.c, line 7213
qmgr_execute_query requested: EXECUTION_WITHOUT_AUTOCOMMIT

Time: 12/16/25 13:46:56.002 - ERROR *** file Unknown from server, line -1 ERROR CODE = -1302, Tran = 1, EID = 6
dblink - Failed to connect to database server, 'demodb', on the following host(s): localhost[CAS INFO-192.168.2.193:33000,0,0].

*** The previous error message is the last one. ***


Time: 12/16/25 13:47:00.295 - DEBUG *** file /home/cubrid/work/cubrid/src/transaction/boot_cl.c, line 1666
trying to connect 'demodb@localhost'

Time: 12/16/25 13:47:00.296 - DEBUG *** file /home/cubrid/work/cubrid/src/transaction/boot_cl.c, line 1688
ping server with handshake

Time: 12/16/25 13:47:00.296 - NOTIFICATION *** file /home/cubrid/work/cubrid/src/transaction/boot_cl.c, line 1084  CODE = -971, Tran = -1, EID = 1
Program 'csql' (pid 1593535) connected to database server 'demodb' on the host 'localhost' (port 1523).

Time: 12/16/25 13:47:00.296 - DEBUG *** file /home/cubrid/work/cubrid/src/transaction/boot_cl.c, line 1134
boot_restart_client: register client { type 2 db demodb user dba password (null) program csql login cubrid host bwkim192 pid 1593535 }

Time: 12/16/25 13:47:07.125 - DEBUG *** file /home/cubrid/work/cubrid/src/communication/network_interface_cl.c, line 7213
qmgr_execute_query requested: EXECUTION_WITHOUT_AUTOCOMMIT

Time: 12/16/25 13:47:09.619 - DEBUG *** file /home/cubrid/work/cubrid/src/connection/connection_support.c, line 427
css_readn: POLLHUP Invalid argument
Time: 12/16/25 13:47:09.620 - ERROR *** file /home/cubrid/work/cubrid/src/communication/network_cl.c, line 158 ERROR CODE = -199, Tran = 1, EID = 2
Server no longer responding.... Invalid argument

Time: 12/16/25 13:47:09.620 - DEBUG *** file /home/cubrid/work/cubrid/src/communication/network_cl.c, line 162
set_server_error(7) server_error -199

Time: 12/16/25 13:47:09.620 - ERROR *** file /home/cubrid/work/cubrid/src/transaction/transaction_cl.c, line 600 ERROR CODE = -111, Tran = 1, EID = 3
Your transaction has been aborted by the system due to server failure or mode change.

Time: 12/16/25 13:47:09.621 - ERROR *** file /home/cubrid/work/cubrid/src/compat/db_admin.c, line 1067 ERROR CODE = -224, Tran = -1, EID = 4
A database has not been restarted.

*** The previous error message is the last one. ***


Time: 12/16/25 13:47:43.952 - DEBUG *** file /home/cubrid/work/cubrid/src/transaction/boot_cl.c, line 1666
trying to connect 'demodb@localhost'

Time: 12/16/25 13:47:43.952 - DEBUG *** file /home/cubrid/work/cubrid/src/transaction/boot_cl.c, line 1688
ping server with handshake

Time: 12/16/25 13:47:43.953 - NOTIFICATION *** file /home/cubrid/work/cubrid/src/transaction/boot_cl.c, line 1084  CODE = -971, Tran = -1, EID = 1
Program 'csql' (pid 1594059) connected to database server 'demodb' on the host 'localhost' (port 1523).

Time: 12/16/25 13:47:43.953 - DEBUG *** file /home/cubrid/work/cubrid/src/transaction/boot_cl.c, line 1134
boot_restart_client: register client { type 2 db demodb user dba password (null) program csql login cubrid host bwkim192 pid 1594059 }

Time: 12/16/25 13:47:52.342 - DEBUG *** file /home/cubrid/work/cubrid/src/communication/network_interface_cl.c, line 7213
qmgr_execute_query requested: EXECUTION_WITHOUT_AUTOCOMMIT

Time: 12/16/25 13:47:54.609 - DEBUG *** file /home/cubrid/work/cubrid/src/connection/connection_support.c, line 427
css_readn: POLLHUP Invalid argument
Time: 12/16/25 13:47:54.609 - ERROR *** file /home/cubrid/work/cubrid/src/communication/network_cl.c, line 158 ERROR CODE = -199, Tran = 1, EID = 2
Server no longer responding.... Invalid argument

Time: 12/16/25 13:47:54.609 - DEBUG *** file /home/cubrid/work/cubrid/src/communication/network_cl.c, line 162
set_server_error(7) server_error -199

Time: 12/16/25 13:47:54.609 - ERROR *** file /home/cubrid/work/cubrid/src/transaction/transaction_cl.c, line 600 ERROR CODE = -111, Tran = 1, EID = 3
Your transaction has been aborted by the system due to server failure or mode change.

Time: 12/16/25 13:47:54.610 - ERROR *** file /home/cubrid/work/cubrid/src/compat/db_admin.c, line 1067 ERROR CODE = -224, Tran = -1, EID = 4
A database has not been restarted.

*** The previous error message is the last one. ***


Time: 12/16/25 13:48:56.347 - DEBUG *** file /home/cubrid/work/cubrid/src/transaction/boot_cl.c, line 1666
trying to connect 'demodb@localhost'

Time: 12/16/25 13:48:56.347 - DEBUG *** file /home/cubrid/work/cubrid/src/transaction/boot_cl.c, line 1688
ping server with handshake

Time: 12/16/25 13:48:56.347 - NOTIFICATION *** file /home/cubrid/work/cubrid/src/transaction/boot_cl.c, line 1084  CODE = -971, Tran = -1, EID = 1
Program 'csql' (pid 1594502) connected to database server 'demodb' on the host 'localhost' (port 1523).

Time: 12/16/25 13:48:56.348 - DEBUG *** file /home/cubrid/work/cubrid/src/transaction/boot_cl.c, line 1134
boot_restart_client: register client { type 2 db demodb user dba password (null) program csql login cubrid host bwkim192 pid 1594502 }

Time: 12/16/25 13:49:07.000 - ERROR *** file /home/cubrid/work/cubrid/src/query/execute_statement.c, line 21848 ERROR CODE = -1305, Tran = 1, EID = 2
dblink - server "[srv1]" not found.

Time: 12/16/25 13:49:07.001 - SYNTAX ERROR *** file /home/cubrid/work/cubrid/src/parser/query_result.c, line 376 ERROR CODE = -494, Tran = 1, EID = 3
Semantic: dblink - server "[srv1]" not found. insert into t1@srv1 values (1, 2)

Time: 12/16/25 13:49:07.001 - SYNTAX ERROR *** file /home/cubrid/work/cubrid/src/compat/db_vdb.c, line 1051 ERROR CODE = -492, Tran = 1, EID = 4
dblink - server "[srv1]" not found.

Time: 12/16/25 13:49:37.590 - ERROR *** file /home/cubrid/work/cubrid/src/query/execute_statement.c, line 21848 ERROR CODE = -1305, Tran = 1, EID = 5
dblink - server "[srv1]" not found.

Time: 12/16/25 13:49:40.188 - DEBUG *** file /home/cubrid/work/cubrid/src/communication/network_interface_cl.c, line 7213
qmgr_execute_query requested: EXECUTION_WITHOUT_AUTOCOMMIT

Time: 12/16/25 13:49:42.858 - DEBUG *** file /home/cubrid/work/cubrid/src/connection/connection_support.c, line 427
css_readn: POLLHUP Invalid argument
Time: 12/16/25 13:49:42.858 - ERROR *** file /home/cubrid/work/cubrid/src/communication/network_cl.c, line 158 ERROR CODE = -199, Tran = 1, EID = 6
Server no longer responding.... Invalid argument

Time: 12/16/25 13:49:42.858 - DEBUG *** file /home/cubrid/work/cubrid/src/communication/network_cl.c, line 162
set_server_error(7) server_error -199

Time: 12/16/25 13:49:42.858 - ERROR *** file /home/cubrid/work/cubrid/src/transaction/transaction_cl.c, line 600 ERROR CODE = -111, Tran = 1, EID = 7
Your transaction has been aborted by the system due to server failure or mode change.

Time: 12/16/25 13:49:42.858 - ERROR *** file /home/cubrid/work/cubrid/src/compat/db_admin.c, line 1067 ERROR CODE = -224, Tran = -1, EID = 8
A database has not been restarted.

*** The previous error message is the last one. ***


Time: 12/16/25 13:50:17.563 - DEBUG *** file /home/cubrid/work/cubrid/src/transaction/boot_cl.c, line 1666
trying to connect 'demodb@localhost'

Time: 12/16/25 13:50:17.563 - DEBUG *** file /home/cubrid/work/cubrid/src/transaction/boot_cl.c, line 1688
ping server with handshake

Time: 12/16/25 13:50:17.563 - NOTIFICATION *** file /home/cubrid/work/cubrid/src/transaction/boot_cl.c, line 1084  CODE = -971, Tran = -1, EID = 1
Program 'csql' (pid 1595017) connected to database server 'demodb' on the host 'localhost' (port 1523).

Time: 12/16/25 13:50:17.564 - DEBUG *** file /home/cubrid/work/cubrid/src/transaction/boot_cl.c, line 1134
boot_restart_client: register client { type 2 db demodb user dba password (null) program csql login cubrid host bwkim192 pid 1595017 }

Time: 12/16/25 13:50:33.689 - SYNTAX ERROR *** file /home/cubrid/work/cubrid/src/parser/query_result.c, line 371 ERROR CODE = -493, Tran = 1, EID = 2
Syntax: before '  values (1, 2); '
Unknown class "dba.t1". insert into [dba.t1] values (1, 2)

Time: 12/16/25 13:50:33.689 - SYNTAX ERROR *** file /home/cubrid/work/cubrid/src/compat/db_vdb.c, line 1051 ERROR CODE = -492, Tran = 1, EID = 3
before '  values (1, 2); '
Unknown class "dba.t1".

Time: 12/16/25 13:50:50.855 - DEBUG *** file /home/cubrid/work/cubrid/src/connection/connection_support.c, line 427
css_readn: POLLHUP Invalid argument
Time: 12/16/25 13:50:50.855 - ERROR *** file /home/cubrid/work/cubrid/src/communication/network_cl.c, line 158 ERROR CODE = -199, Tran = 1, EID = 4
Server no longer responding.... Invalid argument

Time: 12/16/25 13:50:50.855 - DEBUG *** file /home/cubrid/work/cubrid/src/communication/network_cl.c, line 162
set_server_error(7) server_error -199

Time: 12/16/25 13:50:50.855 - ERROR *** file /home/cubrid/work/cubrid/src/transaction/transaction_cl.c, line 600 ERROR CODE = -111, Tran = 1, EID = 5
Your transaction has been aborted by the system due to server failure or mode change.

Time: 12/16/25 13:50:50.856 - ERROR *** file /home/cubrid/work/cubrid/src/compat/db_admin.c, line 1067 ERROR CODE = -224, Tran = -1, EID = 6
A database has not been restarted.

*** The previous error message is the last one. ***


Time: 12/19/25 09:20:21.967 - DEBUG *** file /home/cubrid/work/cubrid/src/transaction/boot_cl.c, line 1666
trying to connect 'demodb@localhost'

Time: 12/19/25 09:20:21.967 - ERROR *** file /home/cubrid/work/cubrid/src/connection/connection_cl.c, line 771 ERROR CODE = -353, Tran = -1, EID = 1
Cannot make connection to master server on host "localhost".... No such file or directory

Time: 12/19/25 09:20:21.968 - DEBUG *** file /home/cubrid/work/cubrid/src/transaction/boot_cl.c, line 1718
error -353. try to connect to next host

Time: 12/19/25 09:20:21.968 - ERROR *** file /home/cubrid/work/cubrid/src/transaction/boot_cl.c, line 1750 ERROR CODE = -677, Tran = -1, EID = 2
Failed to connect to database server, 'demodb', on the following host(s): localhost

Time: 12/19/25 09:20:21.968 - DEBUG *** file /home/cubrid/work/cubrid/src/transaction/boot_cl.c, line 1080
boot_restart_client: boot_client_initialize_css () error -353

Time: 12/19/25 09:20:33.096 - DEBUG *** file /home/cubrid/work/cubrid/src/transaction/boot_cl.c, line 1666
trying to connect 'demodb@localhost'

Time: 12/19/25 09:20:33.096 - DEBUG *** file /home/cubrid/work/cubrid/src/transaction/boot_cl.c, line 1688
ping server with handshake

Time: 12/19/25 09:20:33.096 - NOTIFICATION *** file /home/cubrid/work/cubrid/src/transaction/boot_cl.c, line 1084  CODE = -971, Tran = -1, EID = 1
Program 'csql' (pid 1602773) connected to database server 'demodb' on the host 'localhost' (port 1523).

Time: 12/19/25 09:20:33.097 - DEBUG *** file /home/cubrid/work/cubrid/src/transaction/boot_cl.c, line 1134
boot_restart_client: register client { type 2 db demodb user dba password (null) program csql login cubrid host bwkim192 pid 1602773 }

Time: 12/19/25 09:20:49.372 - SYNTAX ERROR *** file /home/cubrid/work/cubrid/src/compat/db_vdb.c, line 1051 ERROR CODE = -492, Tran = 1, EID = 2
Invalid use of CREATE SYNONYM.
  CREATE [OR REPLACE] [PRIVATE] SYNONYM [<schema_name>.]<synonym_name> FOR [<schema_name>.]<target_name> [COMMENT 'comment_string']

Time: 12/19/25 09:27:38.853 - ERROR *** file /home/cubrid/work/cubrid/src/query/execute_statement.c, line 21848 ERROR CODE = -1305, Tran = 1, EID = 3
dblink - server "[remote_server]" not found.

Time: 12/19/25 09:27:38.855 - SYNTAX ERROR *** file /home/cubrid/work/cubrid/src/parser/query_result.c, line 376 ERROR CODE = -494, Tran = 1, EID = 4
Semantic: dblink - server "[remote_server]" not found. select * from DBLINK(remote_server, t1) as t1()

Time: 12/19/25 09:27:38.855 - SYNTAX ERROR *** file /home/cubrid/work/cubrid/src/compat/db_vdb.c, line 1051 ERROR CODE = -492, Tran = 1, EID = 5
dblink - server "[remote_server]" not found.

Time: 12/19/25 09:28:42.110 - ERROR *** file /home/cubrid/work/cubrid/src/query/execute_statement.c, line 21848 ERROR CODE = -1305, Tran = 1, EID = 6
dblink - server "[t1]" not found.

Time: 12/19/25 09:28:42.110 - SYNTAX ERROR *** file /home/cubrid/work/cubrid/src/parser/query_result.c, line 376 ERROR CODE = -494, Tran = 1, EID = 7
Semantic: dblink - server "[t1]" not found. select * from DBLINK(t1, [dba.srv1]) as remote_server()

Time: 12/19/25 09:28:42.110 - SYNTAX ERROR *** file /home/cubrid/work/cubrid/src/compat/db_vdb.c, line 1051 ERROR CODE = -492, Tran = 1, EID = 8
dblink - server "[t1]" not found.

Time: 12/19/25 09:44:12.379 - DEBUG *** file /home/cubrid/work/cubrid/src/communication/network_interface_cl.c, line 7209
qmgr_execute_query requested: EXECUTION_WITH_AUTOCOMMIT

Time: 12/19/25 09:45:36.338 - DEBUG *** file /home/cubrid/work/cubrid/src/communication/network_interface_cl.c, line 7209
qmgr_execute_query requested: EXECUTION_WITH_AUTOCOMMIT

Time: 12/19/25 09:59:36.252 - DEBUG *** file /home/cubrid/work/cubrid/src/transaction/boot_cl.c, line 1666
trying to connect 'demodb@localhost'

Time: 12/19/25 09:59:36.252 - DEBUG *** file /home/cubrid/work/cubrid/src/transaction/boot_cl.c, line 1688
ping server with handshake

Time: 12/19/25 09:59:36.252 - NOTIFICATION *** file /home/cubrid/work/cubrid/src/transaction/boot_cl.c, line 1084  CODE = -971, Tran = -1, EID = 1
Program 'csql' (pid 1602810) connected to database server 'demodb' on the host 'localhost' (port 1523).

Time: 12/19/25 09:59:36.253 - DEBUG *** file /home/cubrid/work/cubrid/src/transaction/boot_cl.c, line 1134
boot_restart_client: register client { type 2 db demodb user dba password (null) program csql login cubrid host bwkim192 pid 1602810 }

Time: 12/19/25 09:59:56.113 - DEBUG *** file /home/cubrid/work/cubrid/src/transaction/boot_cl.c, line 1666
trying to connect 'demodb@localhost'

Time: 12/19/25 09:59:56.113 - DEBUG *** file /home/cubrid/work/cubrid/src/transaction/boot_cl.c, line 1688
ping server with handshake

Time: 12/19/25 09:59:56.113 - NOTIFICATION *** file /home/cubrid/work/cubrid/src/transaction/boot_cl.c, line 1084  CODE = -971, Tran = -1, EID = 1
Program 'csql' (pid 1602812) connected to database server 'demodb' on the host 'localhost' (port 1523).

Time: 12/19/25 09:59:56.114 - DEBUG *** file /home/cubrid/work/cubrid/src/transaction/boot_cl.c, line 1134
boot_restart_client: register client { type 2 db demodb user user1 password (null) program csql login cubrid host bwkim192 pid 1602812 }

Time: 12/19/25 10:00:05.598 - SYNTAX ERROR *** file /home/cubrid/work/cubrid/src/compat/db_vdb.c, line 1051 ERROR CODE = -492, Tran = 1, EID = 2
invalid create statement

Time: 12/19/25 10:00:21.995 - DEBUG *** file /home/cubrid/work/cubrid/src/communication/network_interface_cl.c, line 7209
qmgr_execute_query requested: EXECUTION_WITH_AUTOCOMMIT

Time: 12/19/25 13:06:48.353 - DEBUG *** file /home/cubrid/work/cubrid/src/transaction/boot_cl.c, line 1666
trying to connect 'demodb@localhost'

Time: 12/19/25 13:06:48.353 - DEBUG *** file /home/cubrid/work/cubrid/src/transaction/boot_cl.c, line 1688
ping server with handshake

Time: 12/19/25 13:06:48.353 - NOTIFICATION *** file /home/cubrid/work/cubrid/src/transaction/boot_cl.c, line 1084  CODE = -971, Tran = -1, EID = 1
Program 'csql' (pid 1602819) connected to database server 'demodb' on the host 'localhost' (port 1523).

Time: 12/19/25 13:06:48.353 - DEBUG *** file /home/cubrid/work/cubrid/src/transaction/boot_cl.c, line 1134
boot_restart_client: register client { type 2 db demodb user user1 password (null) program csql login cubrid host bwkim192 pid 1602819 }

Time: 12/19/25 13:07:52.675 - SYNTAX ERROR *** file /home/cubrid/work/cubrid/src/compat/db_vdb.c, line 1051 ERROR CODE = -492, Tran = 1, EID = 2
Incorrect format of connection information for dblink

Time: 12/19/25 13:07:52.676 - SYNTAX ERROR *** file /home/cubrid/work/cubrid/src/compat/db_vdb.c, line 1051 ERROR CODE = -492, Tran = 1, EID = 3
In line 1, column 31 before ', int); '
Syntax error: unexpected 'int'

Time: 12/19/25 13:08:15.537 - SYNTAX ERROR *** file /home/cubrid/work/cubrid/src/compat/db_vdb.c, line 1051 ERROR CODE = -492, Tran = 1, EID = 4
Incorrect format of connection information for dblink

Time: 12/19/25 13:08:15.537 - SYNTAX ERROR *** file /home/cubrid/work/cubrid/src/compat/db_vdb.c, line 1051 ERROR CODE = -492, Tran = 1, EID = 5
In line 1, column 32 before ' b); '
Syntax error: unexpected ','

Time: 12/19/25 13:08:48.841 - SYNTAX ERROR *** file /home/cubrid/work/cubrid/src/compat/db_vdb.c, line 1051 ERROR CODE = -492, Tran = 1, EID = 6
In line 1, column 36 before ' b); '
Syntax error: unexpected ','

Time: 12/19/25 13:09:17.365 - ERROR *** file /home/cubrid/work/cubrid/src/query/execute_statement.c, line 21848 ERROR CODE = -1305, Tran = 1, EID = 7
dblink - server "[srv1]" not found.

Time: 12/19/25 13:09:17.366 - SYNTAX ERROR *** file /home/cubrid/work/cubrid/src/parser/query_result.c, line 376 ERROR CODE = -494, Tran = 1, EID = 8
Semantic: dblink - server "[srv1]" not found. select * from DBLINK(srv1, 'select count(*) from t1') as t(a...

Time: 12/19/25 13:09:17.366 - SYNTAX ERROR *** file /home/cubrid/work/cubrid/src/compat/db_vdb.c, line 1051 ERROR CODE = -492, Tran = 1, EID = 9
dblink - server "[srv1]" not found.

Time: 12/19/25 13:09:36.733 - SYNTAX ERROR *** file /home/cubrid/work/cubrid/src/compat/db_vdb.c, line 1051 ERROR CODE = -492, Tran = 1, EID = 10
Incorrect format of connection information for dblink

Time: 12/19/25 13:09:49.007 - SYNTAX ERROR *** file /home/cubrid/work/cubrid/src/parser/query_result.c, line 376 ERROR CODE = -494, Tran = 1, EID = 11
Semantic: Failed to get column information for query [/* DBLINK SELECT */ select count(*) from t1] on remote [cci:CUBRID:192.168.2.193:33000:demodb:::]
Cannot connect to CUBRID CAS select * from DBLINK('192.168.2.193:33000:demodb:dba::', 'se...

Time: 12/19/25 13:09:49.007 - SYNTAX ERROR *** file /home/cubrid/work/cubrid/src/compat/db_vdb.c, line 1051 ERROR CODE = -492, Tran = 1, EID = 12
Failed to get column information for query [/* DBLINK SELECT */ select count(*) from t1] on remote [cci:CUBRID:192.168.2.193:33000:demodb:::]
Cannot connect to CUBRID CAS

*** The previous error message is the last one. ***


Time: 12/19/25 13:10:09.036 - DEBUG *** file /home/cubrid/work/cubrid/src/transaction/boot_cl.c, line 1666
trying to connect 'demodb@localhost'

Time: 12/19/25 13:10:09.036 - DEBUG *** file /home/cubrid/work/cubrid/src/transaction/boot_cl.c, line 1688
ping server with handshake

Time: 12/19/25 13:10:09.036 - NOTIFICATION *** file /home/cubrid/work/cubrid/src/transaction/boot_cl.c, line 1084  CODE = -971, Tran = -1, EID = 1
Program 'csql' (pid 1602821) connected to database server 'demodb' on the host 'localhost' (port 1523).

Time: 12/19/25 13:10:09.036 - DEBUG *** file /home/cubrid/work/cubrid/src/transaction/boot_cl.c, line 1134
boot_restart_client: register client { type 2 db demodb user dba password (null) program csql login cubrid host bwkim192 pid 1602821 }

Time: 12/19/25 13:10:22.990 - SYNTAX ERROR *** file /home/cubrid/work/cubrid/src/parser/query_result.c, line 376 ERROR CODE = -494, Tran = 1, EID = 2
Semantic: Failed to get column information for query [/* DBLINK SELECT */ select count(*) from t1] on remote [cci:CUBRID:192.168.2.193:33000:demodb:::]
Cannot connect to CUBRID CAS select * from DBLINK('192.168.2.193:33000:demodb:dba::', 'se...

Time: 12/19/25 13:10:22.990 - SYNTAX ERROR *** file /home/cubrid/work/cubrid/src/compat/db_vdb.c, line 1051 ERROR CODE = -492, Tran = 1, EID = 3
Failed to get column information for query [/* DBLINK SELECT */ select count(*) from t1] on remote [cci:CUBRID:192.168.2.193:33000:demodb:::]
Cannot connect to CUBRID CAS

Time: 12/19/25 13:10:44.670 - SYNTAX ERROR *** file /home/cubrid/work/cubrid/src/parser/query_result.c, line 376 ERROR CODE = -494, Tran = 1, EID = 4
Semantic: Failed to get column information for query [/* DBLINK SELECT */ select count(*) from t1] on remote [cci:CUBRID:192.168.2.193:33000:demodb:::]
Syntax: Unknown class "dba.t1". select count(*) from [dba.t1][CAS INFO-192.168.2.193:33000,1,1623602]. select * from DBLINK('192.168.2.193:33000:demodb:dba::', 'se...

Time: 12/19/25 13:10:44.670 - SYNTAX ERROR *** file /home/cubrid/work/cubrid/src/compat/db_vdb.c, line 1051 ERROR CODE = -492, Tran = 1, EID = 5
Failed to get column information for query [/* DBLINK SELECT */ select count(*) from t1] on remote [cci:CUBRID:192.168.2.193:33000:demodb:::]
Syntax: Unknown class "dba.t1". select count(*) from [dba.t1][CAS INFO-192.168.2.193:33000,1,1623602].

Time: 12/19/25 13:11:13.915 - DEBUG *** file /home/cubrid/work/cubrid/src/communication/network_interface_cl.c, line 7209
qmgr_execute_query requested: EXECUTION_WITH_AUTOCOMMIT

Time: 12/19/25 13:11:13.918 - ERROR *** file Unknown from server, line -1 ERROR CODE = -1303, Tran = 1, EID = 6
dblink - invalid number of columns specified.

Time: 12/19/25 13:11:33.528 - DEBUG *** file /home/cubrid/work/cubrid/src/communication/network_interface_cl.c, line 7209
qmgr_execute_query requested: EXECUTION_WITH_AUTOCOMMIT

Time: 12/19/25 13:12:54.251 - SYNTAX ERROR *** file /home/cubrid/work/cubrid/src/parser/query_result.c, line 376 ERROR CODE = -494, Tran = 1, EID = 7
Semantic: Failed to get column information for query [/* DBLINK SELECT */ select count(*) from t1] on remote [cci:CUBRID:192.168.2.193:33000:demodb:::]
Incorrect or missing password.[CAS INFO-192.168.2.193:33000,0,0]. select * from DBLINK('192.168.2.193:33000:demodb:dba:abcd:',...

Time: 12/19/25 13:12:54.251 - SYNTAX ERROR *** file /home/cubrid/work/cubrid/src/compat/db_vdb.c, line 1051 ERROR CODE = -492, Tran = 1, EID = 8
Failed to get column information for query [/* DBLINK SELECT */ select count(*) from t1] on remote [cci:CUBRID:192.168.2.193:33000:demodb:::]
Incorrect or missing password.[CAS INFO-192.168.2.193:33000,0,0].

Time: 12/19/25 13:17:06.610 - DEBUG *** file /home/cubrid/work/cubrid/src/communication/network_interface_cl.c, line 7209
qmgr_execute_query requested: EXECUTION_WITH_AUTOCOMMIT

Time: 12/19/25 13:22:26.068 - SYNTAX ERROR *** file /home/cubrid/work/cubrid/src/parser/query_result.c, line 376 ERROR CODE = -494, Tran = 1, EID = 9
Semantic: Failed to get column information for query [/* DBLINK SELECT */ select count(*) from t1] on remote [cci:CUBRID:192.168.2.193:33000:demodb:::]
Incorrect or missing password.[CAS INFO-192.168.2.193:33000,0,0]. select * from DBLINK('192.168.2.193:33000:demodb:user1:abcd:...

Time: 12/19/25 13:22:26.068 - SYNTAX ERROR *** file /home/cubrid/work/cubrid/src/compat/db_vdb.c, line 1051 ERROR CODE = -492, Tran = 1, EID = 10
Failed to get column information for query [/* DBLINK SELECT */ select count(*) from t1] on remote [cci:CUBRID:192.168.2.193:33000:demodb:::]
Incorrect or missing password.[CAS INFO-192.168.2.193:33000,0,0].

Time: 12/19/25 13:22:59.725 - DEBUG *** file /home/cubrid/work/cubrid/src/communication/network_interface_cl.c, line 7209
qmgr_execute_query requested: EXECUTION_WITH_AUTOCOMMIT

Time: 12/31/25 10:35:46.742 - DEBUG *** file /home/cubrid/work/cubrid/src/transaction/boot_cl.c, line 1666
trying to connect 'demodb@localhost'

Time: 12/31/25 10:35:46.742 - ERROR *** file /home/cubrid/work/cubrid/src/connection/connection_cl.c, line 771 ERROR CODE = -353, Tran = -1, EID = 1
Cannot make connection to master server on host "localhost".... No such file or directory

Time: 12/31/25 10:35:46.742 - DEBUG *** file /home/cubrid/work/cubrid/src/transaction/boot_cl.c, line 1718
error -353. try to connect to next host

Time: 12/31/25 10:35:46.742 - ERROR *** file /home/cubrid/work/cubrid/src/transaction/boot_cl.c, line 1750 ERROR CODE = -677, Tran = -1, EID = 2
Failed to connect to database server, 'demodb', on the following host(s): localhost

Time: 12/31/25 10:35:46.742 - DEBUG *** file /home/cubrid/work/cubrid/src/transaction/boot_cl.c, line 1080
boot_restart_client: boot_client_initialize_css () error -353

Time: 12/31/25 10:36:54.718 - DEBUG *** file /home/cubrid/work/cubrid/src/transaction/boot_cl.c, line 1666
trying to connect 'demodb@localhost'

Time: 12/31/25 10:36:54.718 - DEBUG *** file /home/cubrid/work/cubrid/src/transaction/boot_cl.c, line 1688
ping server with handshake

Time: 12/31/25 10:36:54.718 - NOTIFICATION *** file /home/cubrid/work/cubrid/src/transaction/boot_cl.c, line 1084  CODE = -971, Tran = -1, EID = 1
Program 'csql' (pid 43919) connected to database server 'demodb' on the host 'localhost' (port 1523).

Time: 12/31/25 10:36:54.718 - DEBUG *** file /home/cubrid/work/cubrid/src/transaction/boot_cl.c, line 1134
boot_restart_client: register client { type 2 db demodb user dba password (null) program csql login cubrid host bwkim192 pid 43919 }

Time: 12/31/25 10:37:03.792 - DEBUG *** file /home/cubrid/work/cubrid/src/communication/network_interface_cl.c, line 7209
qmgr_execute_query requested: EXECUTION_WITH_AUTOCOMMIT

Time: 01/05/26 16:52:03.217 - DEBUG *** file /home/cubrid/work/cubrid/src/transaction/boot_cl.c, line 1666
trying to connect 'demodb@localhost'

Time: 01/05/26 16:52:03.217 - ERROR *** file /home/cubrid/work/cubrid/src/connection/connection_cl.c, line 771 ERROR CODE = -353, Tran = -1, EID = 1
Cannot make connection to master server on host "localhost".... No such file or directory

Time: 01/05/26 16:52:03.217 - DEBUG *** file /home/cubrid/work/cubrid/src/transaction/boot_cl.c, line 1718
error -353. try to connect to next host

Time: 01/05/26 16:52:03.217 - ERROR *** file /home/cubrid/work/cubrid/src/transaction/boot_cl.c, line 1750 ERROR CODE = -677, Tran = -1, EID = 2
Failed to connect to database server, 'demodb', on the following host(s): localhost

Time: 01/05/26 16:52:03.217 - DEBUG *** file /home/cubrid/work/cubrid/src/transaction/boot_cl.c, line 1080
boot_restart_client: boot_client_initialize_css () error -353

Time: 01/05/26 16:52:12.798 - DEBUG *** file /home/cubrid/work/cubrid/src/transaction/boot_cl.c, line 1666
trying to connect 'demodb@localhost'

Time: 01/05/26 16:52:12.798 - DEBUG *** file /home/cubrid/work/cubrid/src/transaction/boot_cl.c, line 1688
ping server with handshake

Time: 01/05/26 16:52:12.799 - NOTIFICATION *** file /home/cubrid/work/cubrid/src/transaction/boot_cl.c, line 1084  CODE = -971, Tran = -1, EID = 1
Program 'csql' (pid 788) connected to database server 'demodb' on the host 'localhost' (port 1523).

Time: 01/05/26 16:52:12.800 - DEBUG *** file /home/cubrid/work/cubrid/src/transaction/boot_cl.c, line 1134
boot_restart_client: register client { type 2 db demodb user dba password (null) program csql login cubrid host bwkim192 pid 788 }

Time: 01/05/26 16:52:18.272 - SYNTAX ERROR *** file /home/cubrid/work/cubrid/src/parser/query_result.c, line 371 ERROR CODE = -493, Tran = 1, EID = 2
Syntax: before ' ; '
Unknown class "dba.game". select * from [dba.game]

Time: 01/05/26 16:52:18.272 - SYNTAX ERROR *** file /home/cubrid/work/cubrid/src/compat/db_vdb.c, line 1051 ERROR CODE = -492, Tran = 1, EID = 3
before ' ; '
Unknown class "dba.game".

Time: 01/05/26 16:52:31.077 - DEBUG *** file /home/cubrid/work/cubrid/src/communication/network_interface_cl.c, line 7209
qmgr_execute_query requested: EXECUTION_WITH_AUTOCOMMIT

Time: 01/05/26 16:52:48.232 - DEBUG *** file /home/cubrid/work/cubrid/src/communication/network_interface_cl.c, line 7213
qmgr_execute_query requested: EXECUTION_WITHOUT_AUTOCOMMIT

Time: 01/05/26 16:52:55.480 - DEBUG *** file /home/cubrid/work/cubrid/src/communication/network_interface_cl.c, line 7213
qmgr_execute_query requested: EXECUTION_WITHOUT_AUTOCOMMIT

Time: 01/13/26 13:14:42.567 - DEBUG *** file /home/cubrid/work/cubrid/src/transaction/boot_cl.c, line 1659
trying to connect 'demodb@localhost'

Time: 01/13/26 13:14:42.568 - DEBUG *** file /home/cubrid/work/cubrid/src/transaction/boot_cl.c, line 1681
ping server with handshake

Time: 01/13/26 13:14:42.568 - NOTIFICATION *** file /home/cubrid/work/cubrid/src/transaction/boot_cl.c, line 1088  CODE = -971, Tran = -1, EID = 1
Program 'csql' (pid 174688) connected to database server 'demodb' on the host 'localhost' (port 1523).

Time: 01/13/26 13:14:42.569 - DEBUG *** file /home/cubrid/work/cubrid/src/transaction/boot_cl.c, line 1138
boot_restart_client: register client { type 2 db demodb user dba password (null) program csql login cubrid host bwkim192 pid 174688 }

Time: 01/23/26 09:48:01.016 - NOTIFICATION *** file /home/cubrid/work/cubrid/src/transaction/boot_cl.c, line 1088  CODE = -971, Tran = -1, EID = 1
Program 'csql' (pid 341019) connected to database server 'demodb' on the host 'localhost' (port 1523).

*** The previous error message is the last one. ***


Time: 02/12/26 08:27:12.732 - NOTIFICATION *** file /home/cubrid/work/cubrid/src/transaction/boot_cl.c, line 1088  CODE = -971, Tran = -1, EID = 1
Program 'csql' (pid 403971) connected to database server 'demodb' on the host 'localhost' (port 1523).

Time: 02/12/26 08:27:21.938 - ERROR *** file /home/cubrid/work/cubrid/src/histogram/histogram_cl.cpp, line 1029 ERROR CODE = -909, Tran = 1, EID = 2
Missing or invalid catalog class/vclass is found.

Time: 02/12/26 08:27:21.938 - ERROR *** file /home/cubrid/work/cubrid/src/histogram/histogram_cl.cpp, line 1029 ERROR CODE = -909, Tran = 1, EID = 3
Missing or invalid catalog class/vclass is found.

Time: 02/12/26 08:27:21.938 - SYNTAX ERROR *** file /home/cubrid/work/cubrid/src/parser/query_result.c, line 376 ERROR CODE = -494, Tran = 1, EID = 4
Semantic: System error (info) in /home/cubrid/work/cubrid/src/optimizer/query_graph.c (line: 4967) select count(distinct [dba.hist_t].id), count(distinct [dba....

Time: 02/12/26 08:27:21.938 - SYNTAX ERROR *** file /home/cubrid/work/cubrid/src/compat/db_vdb.c, line 1052 ERROR CODE = -492, Tran = 1, EID = 5
System error (info) in /home/cubrid/work/cubrid/src/optimizer/query_graph.c (line: 4967)

*** The previous error message is the last one. ***


Time: 02/12/26 10:37:23.588 - NOTIFICATION *** file /home/cubrid/work/cubrid/src/transaction/boot_cl.c, line 1088  CODE = -971, Tran = -1, EID = 1
Program 'csql' (pid 404393) connected to database server 'demodb' on the host 'localhost' (port 1523).

Time: 02/12/26 10:37:30.692 - SYNTAX ERROR *** file /home/cubrid/work/cubrid/src/parser/query_result.c, line 376 ERROR CODE = -494, Tran = 1, EID = 2
Semantic: before '  from dual; '
Attribute "oid" was not found. select oid from dual dual

Time: 02/12/26 10:37:30.692 - SYNTAX ERROR *** file /home/cubrid/work/cubrid/src/compat/db_vdb.c, line 1052 ERROR CODE = -492, Tran = 1, EID = 3
before '  from dual; '
Attribute "oid" was not found.

Time: 02/12/26 10:37:43.320 - SYNTAX ERROR *** file /home/cubrid/work/cubrid/src/parser/query_result.c, line 376 ERROR CODE = -494, Tran = 1, EID = 4
Semantic: before ' , dual from dual; '
Attribute "x" was not found. select x, dual from dual dual

Time: 02/12/26 10:37:43.320 - SYNTAX ERROR *** file /home/cubrid/work/cubrid/src/compat/db_vdb.c, line 1052 ERROR CODE = -492, Tran = 1, EID = 5
before ' , dual from dual; '
Attribute "x" was not found.

Time: 02/12/26 10:38:55.578 - SYNTAX ERROR *** file /home/cubrid/work/cubrid/src/compat/db_vdb.c, line 1052 ERROR CODE = -492, Tran = 1, EID = 6
In line 1, column 13 before ' from dual; '
Syntax error: unexpected 'class', expecting ';'

Time: 02/12/26 10:39:14.665 - SYNTAX ERROR *** file /home/cubrid/work/cubrid/src/parser/query_result.c, line 376 ERROR CODE = -494, Tran = 1, EID = 7
Semantic: before '  from dual; '
Class dba.dummy does not exist. select class [dba.dummy] from dual dual

Time: 02/12/26 10:39:14.665 - SYNTAX ERROR *** file /home/cubrid/work/cubrid/src/compat/db_vdb.c, line 1052 ERROR CODE = -492, Tran = 1, EID = 8
before '  from dual; '
Class dba.dummy does not exist.

Time: 02/12/26 10:39:24.058 - SYNTAX ERROR *** file /home/cubrid/work/cubrid/src/compat/db_vdb.c, line 1052 ERROR CODE = -492, Tran = 1, EID = 9
In line 1, column 14 before ' from dual; '
Syntax error: unexpected 'class', expecting ';'

Time: 02/12/26 10:41:21.646 - SYNTAX ERROR *** file /home/cubrid/work/cubrid/src/compat/db_vdb.c, line 1052 ERROR CODE = -492, Tran = 1, EID = 10
In line 1, column 14 before ' dual; '
Syntax error: unexpected 'from'

*** The previous error message is the last one. ***


Time: 02/12/26 14:17:58.959 - ERROR *** file /home/cubrid/work/cubrid/src/communication/network_cl.c, line 3531 ERROR CODE = -191, Tran = -1, EID = 1
Cannot connect to server "6987" on "localhost".

Time: 02/12/26 14:17:58.959 - ERROR *** file /home/cubrid/work/cubrid/src/transaction/boot_cl.c, line 1743 ERROR CODE = -677, Tran = -1, EID = 2
Failed to connect to database server, '6987', on the following host(s): localhost

*** The previous error message is the last one. ***


Time: 02/12/26 14:18:03.183 - NOTIFICATION *** file /home/cubrid/work/cubrid/src/transaction/boot_cl.c, line 1088  CODE = -971, Tran = -1, EID = 1
Program 'csql' (pid 404652) connected to database server 'demodb' on the host 'localhost' (port 1523).

Time: 02/12/26 14:19:49.282 - SYNTAX ERROR *** file /home/cubrid/work/cubrid/src/compat/db_vdb.c, line 1052 ERROR CODE = -492, Tran = 1, EID = 2
In line 1, column 17 before ' 100; '
Syntax error: unexpected '='

*** The previous error message is the last one. ***


Time: 03/19/26 16:37:48.522 - NOTIFICATION *** file /home/cubrid/work/cubrid/src/transaction/boot_cl.c, line 1088  CODE = -971, Tran = -1, EID = 1
Program 'csql' (pid 493917) connected to database server 'demodb' on the host 'localhost' (port 1822).

Time: 03/19/26 16:37:48.527 - ERROR *** file /home/cubrid/work/cubrid/src/object/trigger_manager.c, line 4295 ERROR CODE = -503, Tran = 2, EID = 2
Trigger "dba.tr_call_sp" was not found.

*** The previous error message is the last one. ***


Time: 03/19/26 16:37:48.539 - NOTIFICATION *** file /home/cubrid/work/cubrid/src/transaction/boot_cl.c, line 1088  CODE = -971, Tran = -1, EID = 1
Program 'csql' (pid 493920) connected to database server 'demodb' on the host 'localhost' (port 1822).

Time: 03/19/26 16:37:48.544 - SYNTAX ERROR *** file /home/cubrid/work/cubrid/src/parser/query_result.c, line 376 ERROR CODE = -494, Tran = 2, EID = 2
Semantic: before ' ;'
Unknown class "dba.t_call_sp_log". drop [dba.t_call_sp_log]

Time: 03/19/26 16:37:48.544 - SYNTAX ERROR *** file /home/cubrid/work/cubrid/src/compat/db_vdb.c, line 1052 ERROR CODE = -492, Tran = 2, EID = 3
before ' ;'
Unknown class "dba.t_call_sp_log".

*** The previous error message is the last one. ***


Time: 03/19/26 16:37:48.556 - NOTIFICATION *** file /home/cubrid/work/cubrid/src/transaction/boot_cl.c, line 1088  CODE = -971, Tran = -1, EID = 1
Program 'csql' (pid 493921) connected to database server 'demodb' on the host 'localhost' (port 1822).

Time: 03/19/26 16:37:48.561 - SYNTAX ERROR *** file /home/cubrid/work/cubrid/src/parser/query_result.c, line 376 ERROR CODE = -494, Tran = 2, EID = 2
Semantic: before ' ;'
Unknown class "dba.t_call_sp_src". drop [dba.t_call_sp_src]

Time: 03/19/26 16:37:48.561 - SYNTAX ERROR *** file /home/cubrid/work/cubrid/src/compat/db_vdb.c, line 1052 ERROR CODE = -492, Tran = 2, EID = 3
before ' ;'
Unknown class "dba.t_call_sp_src".

*** The previous error message is the last one. ***


Time: 03/19/26 16:37:48.572 - NOTIFICATION *** file /home/cubrid/work/cubrid/src/transaction/boot_cl.c, line 1088  CODE = -971, Tran = -1, EID = 1
Program 'csql' (pid 493922) connected to database server 'demodb' on the host 'localhost' (port 1822).

*** The previous error message is the last one. ***


Time: 03/19/26 16:37:54.137 - NOTIFICATION *** file /home/cubrid/work/cubrid/src/transaction/boot_cl.c, line 1088  CODE = -971, Tran = -1, EID = 1
Program 'csql' (pid 494196) connected to database server 'demodb' on the host 'localhost' (port 1822).

*** The previous error message is the last one. ***


Time: 03/19/26 16:37:54.157 - NOTIFICATION *** file /home/cubrid/work/cubrid/src/transaction/boot_cl.c, line 1088  CODE = -971, Tran = -1, EID = 1
Program 'csql' (pid 494197) connected to database server 'demodb' on the host 'localhost' (port 1822).

*** The previous error message is the last one. ***


Time: 03/19/26 16:37:57.607 - NOTIFICATION *** file /home/cubrid/work/cubrid/src/transaction/boot_cl.c, line 1088  CODE = -971, Tran = -1, EID = 1
Program 'csql' (pid 494461) connected to database server 'demodb' on the host 'localhost' (port 1822).

Time: 03/19/26 16:37:57.612 - SYNTAX ERROR *** file /home/cubrid/work/cubrid/src/compat/db_vdb.c, line 1052 ERROR CODE = -492, Tran = 2, EID = 2
invalid create procedure
  CREATE [OR REPLACE] PROCEDURE identifier '(' {sp_param_list} ')' {IS|AS} {[LANGUAGE PLCSQL|LANGUAGE JAVA]} {procedure_source|procedure_spec}

*** The previous error message is the last one. ***


Time: 03/19/26 16:38:15.433 - NOTIFICATION *** file /home/cubrid/work/cubrid/src/transaction/boot_cl.c, line 1088  CODE = -971, Tran = -1, EID = 1
Program 'csql' (pid 494774) connected to database server 'demodb' on the host 'localhost' (port 1822).

Time: 03/19/26 16:38:15.439 - SYNTAX ERROR *** file /home/cubrid/work/cubrid/src/compat/db_vdb.c, line 1052 ERROR CODE = -492, Tran = 2, EID = 2
Precision cannot be specified for argument types and return types ​​of stored procedures and functions.

*** The previous error message is the last one. ***


Time: 03/19/26 16:38:22.248 - NOTIFICATION *** file /home/cubrid/work/cubrid/src/transaction/boot_cl.c, line 1088  CODE = -971, Tran = -1, EID = 1
Program 'csql' (pid 495079) connected to database server 'demodb' on the host 'localhost' (port 1822).

*** The previous error message is the last one. ***


Time: 03/19/26 16:38:29.507 - NOTIFICATION *** file /home/cubrid/work/cubrid/src/transaction/boot_cl.c, line 1088  CODE = -971, Tran = -1, EID = 1
Program 'csql' (pid 495362) connected to database server 'demodb' on the host 'localhost' (port 1822).

Time: 03/19/26 16:38:29.513 - SYNTAX ERROR *** file /home/cubrid/work/cubrid/src/object/trigger_manager.c, line 1690 ERROR CODE = -540, Tran = 2, EID = 2
before ' , 'after insert')'
Attribute "new" was not found..

Time: 03/19/26 16:38:29.513 - ERROR *** file /home/cubrid/work/cubrid/src/object/trigger_manager.c, line 1695 ERROR CODE = -526, Tran = 2, EID = 3
Error compiling action for "dba.tr_call_sp", before ' , 'after insert')'
Attribute "new" was not found.

*** The previous error message is the last one. ***


Time: 03/19/26 16:38:32.883 - NOTIFICATION *** file /home/cubrid/work/cubrid/src/transaction/boot_cl.c, line 1088  CODE = -971, Tran = -1, EID = 1
Program 'csql' (pid 495630) connected to database server 'demodb' on the host 'localhost' (port 1822).

Time: 03/19/26 16:38:32.889 - SYNTAX ERROR *** file /home/cubrid/work/cubrid/src/compat/db_vdb.c, line 1052 ERROR CODE = -492, Tran = 2, EID = 2
In line 1, column 57 before ' new as n execute call sp_trg_log (n.id, 'after insert');'
Syntax error: unexpected 'referencing', expecting EXECUTE

*** The previous error message is the last one. ***


Time: 03/19/26 16:38:53.696 - NOTIFICATION *** file /home/cubrid/work/cubrid/src/transaction/boot_cl.c, line 1088  CODE = -971, Tran = -1, EID = 1
Program 'csql' (pid 495952) connected to database server 'demodb' on the host 'localhost' (port 1822).

*** The previous error message is the last one. ***


Time: 03/19/26 16:38:57.494 - NOTIFICATION *** file /home/cubrid/work/cubrid/src/transaction/boot_cl.c, line 1088  CODE = -971, Tran = -1, EID = 1
Program 'csql' (pid 496222) connected to database server 'demodb' on the host 'localhost' (port 1822).

*** The previous error message is the last one. ***


Time: 03/19/26 16:38:57.569 - NOTIFICATION *** file /home/cubrid/work/cubrid/src/transaction/boot_cl.c, line 1088  CODE = -971, Tran = -1, EID = 1
Program 'csql' (pid 496224) connected to database server 'demodb' on the host 'localhost' (port 1822).

*** The previous error message is the last one. ***


Time: 03/19/26 16:39:08.279 - NOTIFICATION *** file /home/cubrid/work/cubrid/src/transaction/boot_cl.c, line 1088  CODE = -971, Tran = -1, EID = 1
Program 'csql' (pid 496538) connected to database server 'demodb' on the host 'localhost' (port 1822).

*** The previous error message is the last one. ***


Time: 03/19/26 16:39:12.278 - NOTIFICATION *** file /home/cubrid/work/cubrid/src/transaction/boot_cl.c, line 1088  CODE = -971, Tran = -1, EID = 1
Program 'csql' (pid 496806) connected to database server 'demodb' on the host 'localhost' (port 1822).

Time: 03/19/26 16:39:12.284 - SYNTAX ERROR *** file /home/cubrid/work/cubrid/src/compat/db_vdb.c, line 1052 ERROR CODE = -492, Tran = 2, EID = 2
In line 1, column 14 before ' exists tr_call_sp;'
Syntax error: unexpected 'if'

*** The previous error message is the last one. ***


Time: 03/19/26 16:39:12.294 - NOTIFICATION *** file /home/cubrid/work/cubrid/src/transaction/boot_cl.c, line 1088  CODE = -971, Tran = -1, EID = 1
Program 'csql' (pid 496807) connected to database server 'demodb' on the host 'localhost' (port 1822).

Time: 03/19/26 16:39:12.300 - SYNTAX ERROR *** file /home/cubrid/work/cubrid/src/compat/db_vdb.c, line 1052 ERROR CODE = -492, Tran = 2, EID = 2
In line 1, column 16 before ' exists sp_trg_log;'
Syntax error: unexpected 'if'

*** The previous error message is the last one. ***


Time: 03/19/26 16:39:43.411 - NOTIFICATION *** file /home/cubrid/work/cubrid/src/transaction/boot_cl.c, line 1088  CODE = -971, Tran = -1, EID = 1
Program 'csql' (pid 497220) connected to database server 'demodb' on the host 'localhost' (port 1822).

*** The previous error message is the last one. ***


Time: 03/19/26 16:43:44.664 - NOTIFICATION *** file /home/cubrid/work/cubrid/src/transaction/boot_cl.c, line 1088  CODE = -971, Tran = -1, EID = 1
Program 'csql' (pid 503452) connected to database server 'demodb' on the host 'localhost' (port 1523).

*** The previous error message is the last one. ***


Time: 03/19/26 16:48:09.855 - NOTIFICATION *** file /home/cubrid/work/cubrid/src/transaction/boot_cl.c, line 1088  CODE = -971, Tran = -1, EID = 1
Program 'csql' (pid 504285) connected to database server 'demodb' on the host 'localhost' (port 1523).

*** The previous error message is the last one. ***


Time: 03/19/26 16:52:14.677 - NOTIFICATION *** file /home/cubrid/work/cubrid/src/transaction/boot_cl.c, line 1088  CODE = -971, Tran = -1, EID = 1
Program 'csql' (pid 505145) connected to database server 'demodb' on the host 'localhost' (port 1523).

*** The previous error message is the last one. ***


Time: 03/19/26 17:32:15.635 - NOTIFICATION *** file /home/cubrid/work/cubrid/src/transaction/boot_cl.c, line 1088  CODE = -971, Tran = -1, EID = 1
Program 'csql' (pid 512716) connected to database server 'demodb' on the host 'localhost' (port 1523).

Time: 03/19/26 17:32:18.929 - SYNTAX ERROR *** file /home/cubrid/work/cubrid/src/compat/db_vdb.c, line 1052 ERROR CODE = -492, Tran = 1, EID = 2
invalid set system parameter
  set_system: SET SYSTEM PARAMETERS 'STRING' {, 'STRING_N'}*

*** The previous error message is the last one. ***


Time: 03/25/26 10:05:07.358 - NOTIFICATION *** file /home/cubrid/work/cubrid/src/transaction/boot_cl.c, line 1088  CODE = -971, Tran = -1, EID = 1
Program 'csql' (pid 626273) connected to database server 'demodb' on the host 'localhost' (port 1523).

*** The previous error message is the last one. ***

